compute,rank,lumpiness,entropy,ACF1,lshift,vchange,cpoints,fspots,trend,linearity,curvature,spikiness,KLscore,change.idx
10.101.1.1,85,0.869808306849878,0.552200764293364,0.983621519414714,5.55111512312578e-17,0.0,2,1681,0.277836964624659,-12.4672526299482,11.6074854980473,2.01804061587729e-06,276.897987385688,159
10.101.1.10,123,0.920859959086571,0.530131470121237,0.989932755803132,8.32667268468867e-17,0.0,2,1687,0.307971156640585,13.5208672629448,13.1287317180004,1.67203744622094e-06,305.994724584508,1764
10.101.1.11,69,0.197521792584042,0.53562594148925,0.98366539597288,0.0,0.0,4,1382,0.253072946637355,-1.31991360529208,10.5692174159009,1.20022944219412e-06,205.037976308861,291
10.101.1.12,67,3.76002823801175,0.64545056451942,0.966145707707133,5.55111512312578e-17,0.0,2,1587,0.155688989734202,-7.45425714919181,4.22965977168498,8.02793530567513e-06,432.849291576034,253
10.101.1.13,55,1.69762337574449,0.577429426926135,0.979428463308402,8.32667268468867e-17,0.0,2,1375,0.2530131437643,6.83355802629899,-1.44342762837653,2.88236967435846e-06,411.221989280995,1430
10.101.1.20,4,0.116571036746264,0.449525544474979,0.985058869386846,2.4929562063018,1.65741716365976,6,778,0.568632196894963,-5.19907665370724,-5.7697405387222,1.46112869874229e-07,99.9001079348448,599
10.101.1.26,108,1.0558347950722,0.570472863291525,0.979634673661369,2.77555756156289e-17,0.0,2,1665,0.266958149886985,11.3766201249248,9.89048289214934,2.49248457986133e-06,383.74778105967,1724
10.101.1.27,127,1.25989584002533,0.550373501758714,0.986169656827378,8.32667268468867e-17,0.0,2,1549,0.286468666217505,10.3951078640946,5.15160518276751,1.95586946663995e-06,257.39748297412,1616
10.101.1.29,25,0.251640406808633,0.544616571349589,0.97681803953096,0.0,0.0,6,1382,0.252263104960362,-0.515042056950514,11.0868466724402,1.0678884228614e-06,159.144213936636,291
10.101.1.3,155,2.29208627432001,0.584855993658425,0.979476856832199,0.0,0.0,2,1211,0.238237655144876,4.30943124619141,-5.21084131393206,3.36208464730345e-06,360.089051494506,1262
10.101.1.31,65,3.65202963744331,0.642614519926641,0.969364872760641,8.32667268468867e-17,0.0,2,1587,0.155825979964943,-7.45664082979922,4.23376289942598,8.00266158882909e-06,419.601419149816,253
10.101.1.34,111,0.789057185201058,0.545475355850049,0.976751147926547,8.32667268468867e-17,0.0,4,1363,0.372341974113418,8.56460717502966,-1.19814407248935,1.02361770632594e-06,291.295652503562,1458
10.101.1.35,1,0.312800574156808,0.509156356970116,0.984342307456196,3.1004481769941,2.85676094522382,6,842,0.365762127174174,-3.64940825464426,-3.05661326043462,5.07260976794858e-07,79.5066379105064,663
10.101.1.36,94,0.134748988644347,0.461728111432448,0.993918223207234,5.55111512312578e-17,0.0,2,1385,0.572942922100729,11.732217666603,-0.0210959172748531,2.45599753048687e-07,136.024048609542,1514
10.101.1.37,87,0.787922644152293,0.564344979573465,0.985022503540582,8.32667268468867e-17,0.0,2,1687,0.243093330757548,-11.6964209215556,10.9685918115901,2.80396754786077e-06,353.780170415563,153
10.101.1.43,54,20.6965733072017,0.755761100601321,0.934601623943109,2.77555756156289e-17,0.0,2,1029,0.0598104874599994,0.78579245183627,-3.85144345984863,3.24450094808929e-05,163.743722506487,1042
10.101.1.44,125,0.941323977745593,0.530498316623541,0.987633070561832,5.55111512312578e-17,0.0,2,1499,0.29359027075069,10.4130616145096,3.49003526399967,1.59475675142658e-06,256.88206000508,1576
10.101.1.45,90,0.147775275071952,0.463038891705962,0.993555612583421,1.11022302462516e-16,0.0,2,1385,0.572669522672203,11.7255305479302,-0.0339599035108426,2.46755477197107e-07,129.189731838295,1514
10.101.1.46,42,40.5043105928329,0.924484778317635,0.667623030072499,0.0,0.0,2,1031,0.013160488250475,0.367026786462685,-1.85067067547323,0.0001725259947489,40.8193069676656,1034
10.101.1.51,153,0.113514055976889,0.490151921797051,0.988385582973922,0.0,0.0,4,750,0.407432425212206,1.66954317325746,-6.46293329949753,3.46511996581689e-07,125.424667134589,1340
10.101.1.52,157,0.284456904360045,0.553391390146013,0.984286536017448,8.32667268468867e-17,0.0,2,1051,0.280841552747768,-2.55260720912482,-8.37543536446145,2.01551470241407e-06,300.796713839003,789
10.101.1.53,113,2.42665411760623,0.633449085821235,0.974279209427629,5.55111512312578e-17,0.0,2,1671,0.164374127091912,8.63689237645854,7.33464488547407,7.20442802150714e-06,382.623933002857,1706
10.101.1.60,163,0.283408987570693,0.553360599532762,0.984052811590785,0.0,0.0,2,1051,0.2808435567054,-2.55353098700016,-8.37531153262905,2.01423808762204e-06,281.531882997278,789
10.101.10.32,156,1.23332241854242,0.569918876240229,0.982310858094338,5.55111512312578e-17,0.0,2,1029,0.260226076784256,-2.00898470881946,-8.06938684037447,2.58717332683887e-06,308.216679512022,811
10.101.10.35,169,0.445814904237155,0.525533265326772,0.986806202411988,8.32667268468867e-17,0.0,2,975,0.374311721279375,-1.67283228608966,-9.99184913816238,9.65571384878271e-07,195.280421448503,865
10.101.10.42,73,0.638924018694336,0.525752865589672,0.987453462575952,8.32667268468867e-17,0.0,2,1659,0.354280620073525,-13.5042019027646,11.9516342865478,1.10187072183995e-06,255.791456825336,181
10.101.10.43,80,0.169718566218329,0.469692604634912,0.990930706420423,1.11022302462516e-16,0.0,2,1505,0.487985062724869,14.1116925807601,6.29867000350079,3.77830935598382e-07,138.949387861938,1630
10.101.2.10,95,0.225980523936059,0.531925384301779,0.98399830925417,0.0,0.0,4,1220,0.262898728228843,-5.05058738280883,8.11518981033183,1.06067161700335e-06,177.544509780147,1438
10.101.2.11,165,0.328636874719341,0.584541545585298,0.984339081102642,8.32667268468867e-17,0.0,2,1225,0.23511724964158,4.49653381697811,-4.94452819217069,3.42840077681284e-06,315.869266029889,1276
10.101.2.15,78,0.460540740701757,0.528647186033891,0.984293248082372,1.11022302462516e-16,0.0,4,1343,0.435916779553955,9.42124963378873,-1.27120466651166,6.17532076756735e-07,170.036099183082,1468
10.101.2.16,96,0.852039432010501,0.566262850545666,0.983608257146317,8.32667268468867e-17,0.0,2,1687,0.243446612436033,-11.7020747562271,10.9694680145908,2.77734546921037e-06,338.504210731891,153
10.101.2.18,22,0.0128660595098694,0.41507851472431,0.993436961364084,3.18537763637816,5.07331534316905,2,882,0.711929300142632,-1.53472463232103,-15.8406948962157,1.16857911456065e-07,102.572279107168,958
10.101.2.2,14,2.15090079204873,0.667686177348913,0.964767435057972,0.0,0.0,2,1795,0.306140606121437,8.75331570969572,10.4915311525619,4.83637811126939e-06,0.027249547069634,1774
10.101.2.21,145,0.366447097045014,0.468567341611393,0.991144182721031,1.11022302462516e-16,0.0,2,1011,0.52097873090673,-3.36722225968634,-11.8658761113539,3.04809896896394e-07,183.616638502527,829
10.101.2.23,147,0.430825203498802,0.52071557896368,0.990284813236346,5.55111512312578e-17,0.0,2,1241,0.35474944861451,-6.34430829122708,-5.52443679957742,1.0714572921043e-06,246.244539833925,599
10.101.2.26,101,0.20125560583614,0.556536847362144,0.982920332896834,8.32667268468867e-17,0.0,2,1673,0.28577333488509,-12.2799293110176,11.0843216463524,2.03911061345615e-06,350.144835554501,167
10.101.2.27,115,1.4353904495659,0.572497476791402,0.97948102624556,5.55111512312578e-17,0.0,2,1671,0.26669300988805,11.6539073024365,10.3630425801233,2.4430727904471e-06,367.271525654572,1732
10.101.2.28,93,0.293154034566673,0.506014088711626,0.991590248321322,1.11022302462516e-16,0.0,2,1677,0.375323806756036,14.938327598774,14.3198415903893,8.68035000972936e-07,154.827106602127,1770
10.101.2.31,17,0.112180930113789,0.41977913965217,0.993932008174562,1.66533453693773e-16,0.0,2,1439,0.634688981896824,-16.2494016409297,5.1031966857595,1.45437457902967e-07,95.3995589638606,401
10.101.2.32,35,0.0213916000507875,0.432780164485989,0.99419169893409,0.0,0.0,1,1677,0.859234576795582,21.106286446126,22.4606058488012,6.74307758462198e-08,60.2216845145599,1677
10.101.2.33,136,0.178769054843842,0.459144782078738,0.991723526618542,0.0,0.0,2,1003,0.55141418610137,-3.41323398416794,-12.2951969127861,2.58127935284145e-07,158.044102935328,837
10.101.2.36,116,0.155591082890007,0.468535461041991,0.991112791807658,5.55111512312578e-17,0.0,2,1505,0.488399681830491,14.1130946896108,6.3122533330365,3.77379170023838e-07,183.765849305178,1630
10.101.2.37,131,6.08182391227909,0.669160849170679,0.963373900580873,6.938893903907231e-17,0.0,2,1503,0.10644280727114,5.87687220941657,1.50386168608798,1.23507989820601e-05,309.60965002282,1530
10.101.2.4,192,0.928573421325151,0.580257350911046,0.968243206973374,8.32667268468867e-17,0.0,4,1211,0.298666634889905,5.1910282006212,-5.75077929965267,1.83747855762706e-06,297.125688135783,1276
10.101.2.41,92,0.873517347221915,0.533649350077712,0.98619003659005,5.55111512312578e-17,0.0,2,1381,0.361081488859338,8.41957365166351,-1.128130753751,1.13928639809514e-06,301.419464886785,1458
10.101.2.44,60,0.825929540438686,0.581856326664186,0.980071390872422,0.0,0.0,2,1385,0.248760285464142,6.83285310687955,-1.16392368209821,3.04242526561085e-06,388.871008200118,1438
10.101.2.45,16,0.107823803843708,0.456200735816577,0.990512364135444,2.68299424808376,2.39948604508351,4,703,0.605225258287121,0.792863236844845,-15.2233007746519,1.26651276615952e-07,88.4838032908459,1310
10.101.2.50,41,36.0122496794167,0.899233675482745,0.637057980009695,1.38777878078145e-17,0.0,4,1043,0.0051289552745047,1.40981127646056,-1.35268158756638,0.000106842876391,32.9569921475282,1366
10.101.2.52,130,1.22285120666409,0.569477846532676,0.982732217660529,5.55111512312578e-17,0.0,2,1029,0.26023245614756,-2.00895296064012,-8.06925966877889,2.58754036651251e-06,340.690435469754,811
10.101.2.54,138,0.682863671100522,0.601628546612899,0.970749849245883,1.11022302462516e-16,0.0,4,1673,0.241879467977142,11.4244622440276,10.3252794241843,2.90199167273519e-06,331.707705312569,1728
10.101.2.58,105,0.857257788422743,0.551581783646296,0.98435455346295,5.55111512312578e-17,0.0,2,1681,0.277799025357803,-12.4655770426129,11.605592275492,2.02235000988921e-06,326.730363442358,159
10.101.2.59,193,0.0933592458656389,0.479282661776321,0.9893631086702,1.66533453693773e-16,0.0,2,1223,0.486082037318191,7.61405688286464,-6.60405030431355,3.88953819902362e-07,196.042851414829,1340
10.101.2.7,68,0.455713379003973,0.507696801822136,0.985546058130841,1.66533453693773e-16,0.0,4,1324,0.304866923302938,-3.81894041834582,11.3746372219791,6.86151236082604e-07,154.238855396086,1572
10.101.3.12,191,0.042363821714765,0.465997638823892,0.993469027385483,1.11022302462516e-16,0.0,2,1223,0.511706212589592,7.95747979175967,-6.7237898081354,3.1868852168165e-07,134.414876253233,1348
10.101.3.14,143,0.251161508553287,0.489040188125035,0.99057580883645,1.11022302462516e-16,0.0,2,975,0.47384944066265,-2.15430628530164,-11.3215362576867,4.43718140165891e-07,212.645430038512,865
10.101.3.20,121,1.20416612740326,0.551168586427183,0.984784870972021,5.55111512312578e-17,0.0,2,1505,0.256167734222749,9.70555033089772,3.28355639335145,2.25392018636812e-06,272.852809105457,1572
10.101.3.22,2,0.179598148637986,0.480854319514245,0.988142516785227,3.02435589868668,4.57336430096045,4,1503,0.641192704452239,-19.6204497274231,12.6395282915941,3.85069686127466e-07,114.330087602421,337
10.101.3.23,177,0.380410392602358,0.551304691819289,0.988373269310507,1.11022302462516e-16,0.0,2,1267,0.269931047746711,-5.85794231876299,-4.45229272991511,2.18536220490561e-06,328.447065787975,573
10.101.3.25,47,0.417193714968333,0.496538116404516,0.978449084306131,1.11022302462516e-16,0.0,6,1031,0.48675114020364,17.4587320315255,16.8102899754421,5.33663634937456e-07,88.1601816021143,1669
10.101.3.26,188,2.93983636868327,0.603885192007286,0.977331988390156,0.0,0.0,2,1255,0.197651423010317,-4.56960316934896,-4.13188319035961,4.67732683586938e-06,378.581023541851,585
10.101.3.28,36,0.369300777287074,0.525009796698605,0.98338330901301,1.11022302462516e-16,0.0,4,1235,0.375417950818056,-9.12498521704052,-4.73654257670167,6.57927861375529e-07,180.814129931192,605
10.101.3.29,183,2.9168352096137,0.604113999514634,0.976272084800571,0.0,0.0,2,1255,0.197632403253302,-4.56820555405086,-4.13253018622784,4.68518853321894e-06,429.845596828834,585
10.101.3.31,64,0.033717647863195,0.499045537221606,0.988912458527999,1.11022302462516e-16,0.0,2,1335,0.424749729065138,-8.9326294154409,-2.63178221125543,6.2474159904671e-07,226.861314342959,505
10.101.3.37,164,0.668402480170582,0.632945297451514,0.955474153871283,5.55111512312578e-17,0.0,6,1225,0.249855603520734,4.9936044166293,-5.06686677534609,2.76706817983044e-06,334.323102224884,1276
10.101.3.43,139,0.41206118794544,0.518271275614676,0.991214441445565,8.32667268468867e-17,0.0,2,1677,0.338278212732627,13.9980455313911,13.2197180955012,1.18362555754764e-06,231.242120379466,1760
10.101.3.44,9,0.0794579400671993,0.447981348291915,0.991153239465221,2.8884137852827,2.19281942738939,4,1439,0.647723239515637,-21.2176828180484,10.9684584667358,2.73819520376778e-07,91.7303131257065,401
10.101.3.45,150,0.363277910616997,0.46796527775945,0.991264982224494,2.2204460492503099e-16,0.0,2,1011,0.521329802922675,-3.36730363263316,-11.8688100415098,3.01946255882852e-07,168.085035094072,829
10.101.3.46,13,64.6175287854059,0.924665576691997,0.665997878944611,6.93889390390723e-18,0.0,2,1693,0.0065588577701365,-2.52664772531234,1.68680771413997,0.000176519609741,40.996227602641,147
10.101.3.47,48,64.7139148604908,0.925799817280968,0.664289921184176,6.93889390390723e-18,0.0,2,1363,0.0113623716074402,1.44607460263264,-0.578184713834878,0.0001774227421293,36.0629491946287,1366
10.101.3.50,126,0.954069214779019,0.531235096356784,0.987266480521059,8.32667268468867e-17,0.0,2,1499,0.293713293628799,10.416004735116,3.49108326982611,1.58746703900226e-06,253.80602472357,1576
10.101.3.51,106,0.18227405486419,0.541621743157867,0.986846063572168,1.3877787807814499e-16,0.0,2,1675,0.298200377687931,-12.7761786827103,11.7327500018429,1.71049497880939e-06,301.692883725726,165
10.101.3.52,167,0.706842959499542,0.575925339472806,0.982410720553952,0.0,0.0,2,1377,0.254391242846836,-6.8646989653825,-1.38921194817433,2.83684237609039e-06,363.076963808838,463
10.101.3.6,8,0.15543158226502,0.456129977884749,0.992909495203835,2.78182913977658,2.02676921409551,4,1098,0.454209782855085,1.48112744051155,5.41713009154746,2.18957080196936e-07,74.1275106064645,567
10.101.3.9,50,64.6349204858615,0.924211035826008,0.670491585276751,6.93889390390723e-18,0.0,2,1329,0.0107675520277197,1.33863700430402,-0.778697851606172,0.0001747955495177,40.2448787611954,1332
10.101.4.11,28,0.0675541314932164,0.491952328296758,0.988321601505859,1.66533453693773e-16,0.0,4,1503,0.575046404700996,-18.6777294416548,11.6269588963768,4.00887908109598e-07,91.1069404477851,337
10.101.4.12,172,0.662503529619631,0.522991113123312,0.989924125040666,1.11022302462516e-16,0.0,2,1055,0.338643044156966,-3.06820136717482,-9.21730317332413,1.17263298710721e-06,221.717004977117,785
10.101.4.15,137,0.166908585073717,0.460427777190019,0.991541858238835,1.66533453693773e-16,0.0,2,1003,0.552325573609604,-3.3883687615326,-12.3150243880864,2.54319859133945e-07,145.727419143729,837
10.101.4.17,10,0.135019107959421,0.459500045964199,0.990435428837948,2.84764481151456,2.44777236085951,4,1439,0.614914401846377,-20.546698116853,10.4433370083262,2.80907189126874e-07,93.8913551935633,401
10.101.4.20,19,0.0124874561325831,0.414191391082246,0.993864561681703,3.23505833212516,2.99017211778641,2,882,0.712857190100724,-1.53925562177045,-15.8438733426622,1.1578997095344e-07,92.2610187966067,958
10.101.4.24,6,64.6150354076203,0.924407342721423,0.66772556926501,6.93889390390723e-18,0.0,2,1769,0.0153039248289644,-2.77479577591669,2.92076198598498,0.000170787510658,37.3854081084271,71
10.101.4.25,135,0.90240611705265,0.531055775866571,0.989086913734574,5.55111512312578e-17,0.0,2,1687,0.312115319559739,13.5838574552195,13.1077033654008,1.46447322216154e-06,258.710706977302,1764
10.101.4.27,119,0.291404119223067,0.473665129920637,0.988675899717745,1.66533453693773e-16,0.0,4,842,0.444342086286908,-0.774150911636066,-5.29832189353244,3.76989281671642e-07,113.50503065587,1562
10.101.4.3,39,64.6242212768666,0.924349652446421,0.668800387220418,6.93889390390723e-18,0.0,2,1061,0.0124684138343872,0.464858479726573,-1.79906787580007,0.0001731529490893,40.6663820454337,1064
10.101.4.30,98,2.43538944095355,0.579570114022525,0.976294474658908,5.55111512312578e-17,0.0,2,1385,0.301191808875689,7.63514653558866,-1.06930721622166,2.18268575964569e-06,301.193198840079,1450
10.101.4.31,75,0.40848178680951,0.507032498030823,0.986843566380374,5.55111512312578e-17,0.0,4,761,0.383325822341044,1.443974352082,-12.0306853950247,4.33421755292535e-07,149.66879164795,853
10.101.4.32,3,38.7840960429972,0.870664511615425,0.820916116815361,6.93889390390723e-18,0.0,2,1343,0.0188110655122733,1.76948566182725,-0.883009705327165,0.000108974447661,47.8719885570012,1347
10.101.4.35,5,0.133038767564451,0.449600740574288,0.993048901839747,2.20031931351799,2.06593143660456,4,1098,0.506199847201839,-2.5270189806792,2.29045412549531,1.66865030365768e-07,104.340366288572,567
10.101.4.36,37,64.6260051304474,0.925850262143258,0.657137960024525,6.93889390390723e-18,0.0,2,1059,0.0125335868134464,0.458301348906979,-1.80283048844562,0.0001731844949304,40.4032427456991,1062
10.101.4.37,66,0.324482685526306,0.544044091021477,0.985206281759517,1.3877787807814499e-16,0.0,2,1549,0.305698605891268,-10.7442653799519,5.39860029287168,1.66572378530918e-06,267.203045881147,291
10.101.4.38,15,2.10052292607726,0.666856169124196,0.965509738607731,5.55111512312578e-17,0.0,2,1795,0.306038804948709,8.75183104568801,10.4897620285916,4.85227937503991e-06,0.0273604306657932,1774
10.101.4.39,158,0.36345600582911,0.544535240479505,0.981536230998409,1.66533453693773e-16,0.0,4,614,0.193405863330282,-0.509284814772397,-7.23785394581892,1.77800496816811e-06,214.731982196648,1270
10.101.4.4,57,0.289563429271021,0.47384331426837,0.989026683224053,0.0,0.0,4,842,0.440025566355886,-0.607462152226239,-5.19715484851271,3.93405783835292e-07,101.580171407728,663
10.101.4.42,100,0.530671975733809,0.501264794120554,0.992495496149968,8.32667268468867e-17,0.0,2,1665,0.390261127237944,14.8832141622048,13.7634718175424,7.84515368346593e-07,148.266285256057,1760
10.101.4.47,21,0.0295965360640109,0.415226425127194,0.994011350665596,3.24337009987807,5.12222160897721,2,882,0.707077994300626,-1.49905696351715,-15.7600654079232,1.18811606595486e-07,88.0827670577299,958
10.101.4.48,89,0.354983498005545,0.516939088210828,0.983796707132311,5.55111512312578e-17,0.0,4,1218,0.284837539351276,-3.89143403661477,7.59761368739009,8.69366857716385e-07,164.60436568031,1450
10.101.4.5,43,65.819888900492,0.94439874756013,0.564819780664452,0.0,0.0,2,1265,0.0116558266281569,1.09202041051117,-1.07531213842466,0.0002253689611933,29.4267502145667,1268
10.101.4.8,178,0.831167746747838,0.565692303558073,0.984496612294793,5.55111512312578e-17,0.0,2,1235,0.265776142055189,-5.05882181588048,-5.0354133886872,2.47293560613496e-06,341.213247824658,605
10.101.5.11,18,0.842831779523761,0.5725550472549,0.982173516113712,0.0,0.0,4,798,0.27845402075359,-10.1287113949822,3.70958129064326,1.66679289490242e-06,156.90691742748,297
10.101.5.12,114,6.06407739802526,0.669361121006809,0.962907991407553,5.55111512312578e-17,0.0,2,1503,0.106444399972503,5.87688958193693,1.50382992211414,1.234994229122e-05,358.053051744229,1530
10.101.5.14,62,0.184397512199166,0.543371846262838,0.985823695259989,8.32667268468867e-17,0.0,2,1675,0.298120465397921,-12.7856528291735,11.7502935677219,1.70291850175815e-06,227.840548152941,165
10.101.5.16,144,0.587407765172661,0.521316666879246,0.98472052724983,5.55111512312578e-17,0.0,4,761,0.358006494603352,0.903894027301089,-11.7403350083437,5.92767483826908e-07,129.646951878912,1262
10.101.5.20,104,1.22596872081171,0.555127766371363,0.984127343414138,5.55111512312578e-17,0.0,2,1385,0.306718873902362,7.68641846839531,-1.10049466299476,1.79329253085086e-06,267.157976665383,1450
10.101.5.21,79,0.538219605619552,0.58474736226079,0.981810644637853,5.55111512312578e-17,0.0,2,1219,0.237010845412704,4.4237746220588,-5.05686107090466,3.37836939385246e-06,421.462745466116,1270
10.101.5.5,7,0.118304646230313,0.50432146991269,0.983539050607329,2.72237427192907,2.97606713518764,8,1026,0.483269819874143,-11.6651577085978,9.75451401193415,3.07755510611769e-07,86.420706209231,1458
10.101.5.8,29,0.370350336170887,0.479866092727335,0.986588383109758,0.0,0.0,4,1669,0.511369539585689,17.7516241783943,17.4941972553972,4.32289717702948e-07,94.1735898580065,1669
10.101.5.9,20,0.0398067391274047,0.460628597116206,0.989556764203594,2.93877568233379,2.28610654704964,4,718,0.427154963960803,0.0156902618983534,-6.96719593043987,2.33009525454981e-07,103.477155418638,505
10.101.6.1,46,64.6785958435707,0.923936038592829,0.674842621682413,6.93889390390723e-18,0.0,2,1363,0.011389217200296,1.44753474697259,-0.578645714697602,0.0001759686024956,37.0498244897589,1366
10.101.6.11,44,0.161974883649,0.460953032780188,0.990661101271069,2.91614319776537,2.81202179054974,4,703,0.458288356801729,3.27578595907329,-9.61995401347541,3.19319141171441e-07,78.4362766450698,1576
10.101.6.13,70,1.05018546301238,0.570923820711712,0.981769243913131,8.32667268468867e-17,0.0,2,1003,0.267742554685676,-1.62666910943824,-8.25429573605659,2.51641203680936e-06,374.799677399386,837
10.101.6.14,49,0.906318462113059,0.58285768778933,0.980578332636078,8.32667268468867e-17,0.0,2,1385,0.248600854777278,6.83023415511171,-1.16666823194844,3.05540640809863e-06,428.540247511,1438
10.101.6.16,81,0.106347973092481,0.492131873824271,0.988651723834817,1.66533453693773e-16,0.0,4,975,0.358370787555579,-6.71624160399395,-10.144592203331,4.69247853297675e-07,124.126937681138,865
10.101.6.17,181,0.553794106525963,0.618275491949151,0.962228929503985,5.55111512312578e-17,0.0,4,1225,0.234906837667357,4.72873082202781,-4.94924512676979,3.21917871053323e-06,340.911029732942,1276
10.101.6.3,168,0.649908516363895,0.522973167817487,0.989353587186737,8.32667268468867e-17,0.0,2,1055,0.338771097476397,-3.06868353653711,-9.21886460544095,1.16960449536895e-06,251.03171239732,785
10.101.6.6,109,1.23304629404857,0.549297905291737,0.98741657441487,5.55111512312578e-17,0.0,2,1549,0.286465990345385,10.3940740556995,5.15331207704604,1.95920535076415e-06,315.009255004556,1616
10.101.7.11,23,0.152491686640089,0.475413380318012,0.99131081845162,3.05224281897001,2.66176749312971,4,1104,0.458061156741193,-2.80143395500192,1.61656318383368,3.31854302774517e-07,84.7351786088462,1732
10.101.7.12,77,2.41626214501776,0.635752139773237,0.971297575594099,8.32667268468867e-17,0.0,2,1671,0.164306498642176,8.63928387958819,7.33996774641327,7.20192174833787e-06,421.131368173394,1706
10.101.7.16,53,20.4576881382857,0.759160085820026,0.92826895320684,2.77555756156289e-17,0.0,2,1029,0.0598799770533084,0.786105917615389,-3.85375840627106,3.227297665307e-05,160.616530973942,1042
10.101.7.17,118,1.06430811992929,0.56825141196326,0.981836775916733,8.32667268468867e-17,0.0,2,1665,0.267322598856089,11.3814586263441,9.89273244663802,2.46286556002295e-06,358.934319708679,1724
10.101.7.19,12,0.105001663917436,0.456493512959184,0.992084443444308,3.0953190071765,3.19958900709213,4,1223,0.651224605780191,12.4477480609587,-5.99825069782984,2.41895921967097e-07,55.3183277230121,1223
10.101.7.2,124,0.0178864955309984,0.542052510372939,0.987007941279249,8.32667268468867e-17,0.0,2,1361,0.32015434638124,-7.70420977814652,-1.83565613304985,1.52859137495949e-06,292.075212444404,479
10.101.7.20,91,0.164148351714983,0.468992565199267,0.991128165917011,0.0,0.0,2,1505,0.488066029743321,14.1115615583086,6.29924967777015,3.77482528786456e-07,146.719442556017,1630
10.101.7.23,71,1.69384970808099,0.575887704715305,0.980140115061715,5.55111512312578e-17,0.0,2,1375,0.253184887949849,6.83576718008535,-1.44301169573428,2.86336697737417e-06,353.462402812415,1430
10.101.7.24,128,0.513827059682921,0.523139829100193,0.987538791332383,5.55111512312578e-17,0.0,2,1499,0.316101602032184,10.8880067203844,3.77348600950322,1.29396915621879e-06,210.371029395908,1582
10.101.7.27,173,2.90675218913574,0.604216004261161,0.975926343533622,2.77555756156289e-17,0.0,2,1255,0.197605785298487,-4.56948426484726,-4.13100154495781,4.68493114387211e-06,469.412125661381,585
10.101.7.30,97,2.50196183067626,0.610032113365503,0.978802603225564,1.11022302462516e-16,0.0,2,1219,0.191461847544439,3.88952186189045,-4.60833661074176,5.39662450203043e-06,432.092138870777,1260
10.101.7.31,38,64.6150441981904,0.924845899324821,0.664427750948665,6.93889390390723e-18,0.0,2,1061,0.0124761415554018,0.464931604459772,-1.79954816861804,0.0001727955173763,41.0356558285872,1064
10.101.7.32,176,0.681475584645442,0.632911250943484,0.947372117016907,8.32667268468867e-17,0.0,6,1225,0.235197645427818,4.94363714491054,-4.95205063359018,3.05215727732012e-06,372.233289724946,1276
10.101.7.33,59,0.540975516103025,0.532002199796232,0.989250839507911,8.32667268468867e-17,0.0,2,1543,0.326171669241461,-11.1372317761572,5.53477608836181,1.41119558006508e-06,184.7990826685,297
10.101.7.34,33,0.0191841364838975,0.433029530398533,0.994183497156766,0.0,0.0,1,1677,0.854711804576888,21.0936799283912,22.4259845991619,7.29211716945539e-08,55.8851530457562,1677
10.101.7.42,171,0.668814622776043,0.523533460100272,0.989292674759232,8.32667268468867e-17,0.0,2,1055,0.338016277017279,-3.06418918765505,-9.20830406489079,1.19466889869881e-06,230.574024538723,785
10.101.7.43,58,0.456496424631348,0.51974503197324,0.987835994166903,8.32667268468867e-17,0.0,2,1535,0.353201518661766,-11.6781850425429,5.5856892579147,1.0687943511217e-06,209.116336489245,305
10.101.7.46,32,0.207215885880124,0.505535026400886,0.988072863629731,5.55111512312578e-17,0.0,4,1543,0.507094185839059,-17.2877870698103,12.4722882259435,4.74117459636797e-07,128.948053567627,165
10.101.7.48,74,2.47275460298614,0.635523744237634,0.972400896655296,5.55111512312578e-17,0.0,2,1671,0.164346623197267,8.63754825700566,7.33604036743916,7.2051904682233e-06,424.19477069173,1706
10.101.7.49,99,1.14361878082091,0.550210122595685,0.98519480012573,8.32667268468867e-17,0.0,2,1505,0.256141856333173,9.70071929136786,3.27344314143862,2.25781132195697e-06,318.741964842773,1572
10.101.7.5,184,0.0857605559624003,0.477402098058985,0.990801335380378,0.0,0.0,2,1223,0.48727429628458,7.61056459684132,-6.62140573824558,3.76620366559888e-07,125.702268419369,1340
10.101.7.52,159,0.385403940306593,0.552066053743244,0.98821087616285,5.55111512312578e-17,0.0,2,1267,0.269568670567122,-5.85423397697191,-4.4490405482719,2.21409873943387e-06,271.126981875864,573
10.101.7.54,27,0.0306319530568322,0.486857456370544,0.988198071305441,0.0,0.0,4,1237,0.577566604439339,-10.8102847184717,-5.6589659103117,2.46001720235039e-07,107.331400042595,603
10.101.7.55,170,0.924568072861212,0.534173634688665,0.986617657703706,5.55111512312578e-17,0.0,2,1061,0.313599899715698,-2.99892863417555,-8.83011056930921,1.44866561138315e-06,259.335845258266,779
10.101.7.7,162,0.644887555662172,0.509372380358485,0.988627167021619,1.11022302462516e-16,0.0,2,987,0.416165887429634,-2.09168276515284,-10.4775040647805,6.83032948648025e-07,193.627514014681,853
10.101.8.12,56,0.446388248482146,0.472989478458202,0.991417011504051,1.11022302462516e-16,0.0,2,1669,0.489165421718105,17.3380871626403,16.9546657864608,4.40703001361527e-07,119.86702018793,1790
10.101.8.14,186,1.56942085752146,0.578986835382463,0.969856153028537,8.32667268468867e-17,0.0,4,1205,0.258886994006453,4.47196658425485,-5.47626905853956,2.83310732272312e-06,358.170342488204,1262
10.101.8.15,103,0.422794195268425,0.585903400847945,0.985203767287922,5.55111512312578e-17,0.0,2,1225,0.234314599510785,4.50209032285793,-4.92394246965036,3.52638850529798e-06,406.768215776285,1276
10.101.8.16,133,1.06514690999754,0.565155718779821,0.982045499995884,5.55111512312578e-17,0.0,2,1671,0.267220801417072,11.6807136164628,10.4032136754875,2.37111529694091e-06,343.013397069021,1732
10.101.8.17,63,0.478838630575854,0.517760442397502,0.986233144309171,1.11022302462516e-16,0.0,4,1375,0.430705517204854,13.5082679304139,2.39886479428427,4.92636693457742e-07,153.520458303355,1430
10.101.8.21,76,0.10830284420057,0.49262715287797,0.988683997865693,1.66533453693773e-16,0.0,4,975,0.358133986715703,-6.72381601880843,-10.1509627536516,4.67764906342134e-07,119.804752741829,865
10.101.8.22,166,0.766714222812492,0.524872101591563,0.990196232821183,8.32667268468867e-17,0.0,2,1057,0.329402867878907,-3.04452779555848,-9.07382577282637,1.27648436022498e-06,187.645960951368,783
10.101.8.27,122,0.50563853729929,0.522658041731172,0.987713121847631,8.32667268468867e-17,0.0,2,1499,0.316160722748396,10.8881607504782,3.7725017474797,1.29185321957733e-06,199.07070367435,1582
10.101.8.28,151,1.08039596868107,0.567721280904032,0.982950164505166,0.0,0.0,2,1665,0.267524573190312,11.3810284170325,9.8884165773378,2.45285951932511e-06,259.978126086818,1724
10.101.8.29,72,0.276292359988283,0.504541131542961,0.992251355346154,1.11022302462516e-16,0.0,2,1677,0.375595853213716,14.9427961653703,14.3244518038893,8.6393628355762e-07,130.958075460881,1770
10.101.8.32,189,0.233399436486567,0.525915277639054,0.990809846729786,8.32667268468867e-17,0.0,2,1219,0.354910166037543,5.76751829668575,-5.99472640972685,1.13933429242042e-06,179.899170901094,1298
10.101.8.35,34,0.0204009107104048,0.433101482711501,0.994453466982949,1.11022302462516e-16,0.0,1,1677,0.857597649966624,21.1052633235881,22.4500538204736,6.98962124421336e-08,56.4798003138671,1677
10.101.8.36,102,0.324970319409594,0.520744814082491,0.984886557023596,5.55111512312578e-17,0.0,4,705,0.331928805163397,2.6566149879807,-9.69512837567028,6.74177211218277e-07,129.111971795662,763
10.101.8.40,132,0.504866889492018,0.522597158888691,0.987902395064824,8.32667268468867e-17,0.0,2,1499,0.316149913694847,10.8881049391222,3.77266917782397,1.29228399983597e-06,234.76640693258,1582
10.101.8.41,117,0.580355970607388,0.508838911474694,0.990216204173726,1.11022302462516e-16,0.0,2,1499,0.346205234421706,11.4978996602634,4.15587231832283,9.98152885357926e-07,180.219541809033,1590
10.101.8.43,149,1.85636228919768,0.579620604366074,0.984375100014705,1.11022302462516e-16,0.0,2,1687,0.22094550659299,11.0221465422172,10.2223956004042,3.51048640479159e-06,306.869610404549,1740
10.101.8.44,61,0.433300003545526,0.519213857614598,0.987859758536445,8.32667268468867e-17,0.0,2,1535,0.353692593309141,-11.6829793779259,5.60140966110555,1.06219435946483e-06,248.192931762507,305
10.101.8.47,174,1.0797707276658,0.533830666860147,0.987745824895428,1.3877787807814499e-16,0.0,2,1211,0.343333327337738,5.46063950156291,-6.07604565622721,1.27579610589114e-06,287.863939766922,1286
10.101.8.49,179,0.508896350307079,0.51952575348796,0.98743607031242,1.11022302462516e-16,0.0,2,1223,0.383628634249666,6.23577771712672,-6.08377572475051,8.74676093633457e-07,258.807175993824,1310
10.101.8.5,86,0.628977101241726,0.586893859590275,0.979600271425082,8.32667268468867e-17,0.0,2,1219,0.237131420367557,4.42205717579434,-5.06191372032422,3.36576818244462e-06,419.097754736591,1270
10.101.8.50,120,0.414461744558818,0.519332261246521,0.991797737584632,8.32667268468867e-17,0.0,2,1677,0.338137177702889,13.9905994915274,13.2050599221367,1.18374762634438e-06,196.029212486816,1760
10.101.8.51,185,0.229173298222999,0.526071165362194,0.990637199811759,0.0,0.0,2,1219,0.354939249680744,5.7705391465925,-5.9929774709754,1.13934750321041e-06,166.169434006078,1298
10.101.8.56,110,1.31417633545224,0.612946628256295,0.960604150288324,1.11022302462516e-16,0.0,6,705,0.217151489962475,-1.9153616205536,-7.5883662589798,2.89888319007907e-06,292.028014813906,763
10.101.8.58,45,64.6175896101577,0.925089721430684,0.662723270983301,6.93889390390723e-18,0.0,2,1371,0.0117502878563195,1.47623901902222,-0.52995781948845,0.000173444814316,40.9780137042418,1374
10.101.8.59,175,0.544649085686727,0.615671799800764,0.964610931178735,8.32667268468867e-17,0.0,4,1225,0.235361508303533,4.72559198216461,-4.9523710497091,3.20515909651871e-06,400.525160566344,1276
10.101.8.8,134,0.905225162865355,0.531260378187043,0.988877927583906,8.32667268468867e-17,0.0,2,1687,0.312102834669638,13.58152523695,13.1006856541756,1.4652742423342e-06,244.484519854465,1764
10.101.8.9,140,1.85463001549746,0.579541060317692,0.984662324477364,8.32667268468867e-17,0.0,2,1687,0.220844910821386,11.0199156386232,10.2206842060867,3.51905866116812e-06,331.218747399545,1740
10.101.9.1,84,0.414165462090578,0.51210429953801,0.987436822542667,5.55111512312578e-17,0.0,4,736,0.24959202510925,7.38677478051433,-1.57994329966055,9.43705363183346e-07,121.300515563214,763
10.101.9.10,148,1.0201177765497,0.540897009021319,0.988902289178218,8.32667268468867e-17,0.0,2,1665,0.310647725848768,12.6057108247073,11.1868274925876,1.61816796811757e-06,236.843744502108,1736
10.101.9.13,31,66.2341563136309,0.949347519395969,0.536283261850794,6.93889390390723e-18,0.0,2,1265,0.01131159856654,1.07869575771949,-1.06252977607534,0.0002439094284298,29.6009213989468,1268
10.101.9.15,52,64.6441682073795,0.924111057896019,0.671755120848024,6.93889390390723e-18,0.0,2,1309,0.0109591939579236,1.27311373297455,-0.888470802107377,0.000175010777748,39.8619787073792,1312
10.101.9.17,82,0.1407796398799,0.461890431929663,0.993908178447715,1.11022302462516e-16,0.0,2,1385,0.572898450880365,11.723945605003,-0.0343240257410973,2.45125248669687e-07,108.618351016236,1514
10.101.9.18,112,0.557990298251518,0.551574651874761,0.984383194218413,5.55111512312578e-17,0.0,2,1367,0.305747329629117,-7.54086683139809,-1.6590483274951,1.74689242117288e-06,283.410978702153,473
10.101.9.22,24,0.189298325320102,0.510722431509937,0.983289705134255,2.81195980646642,2.18470794639245,8,906,0.314599813162083,4.65801225048132,9.75792864506693,3.1610619806406e-07,87.9507735580415,1276
10.101.9.25,142,0.419321606540952,0.520006243240614,0.99113734523005,8.32667268468867e-17,0.0,2,1677,0.337933786281356,13.9941321711318,13.217675500199,1.19231665120528e-06,235.918637735714,1760
10.101.9.27,146,0.360046148908963,0.467857562084842,0.991287426446085,0.0,0.0,2,1011,0.521440788981805,-3.3676153481938,-11.8705397821341,3.007297397905e-07,126.288060603763,829
10.101.9.28,129,1.01338167400923,0.541334043774634,0.988644817539706,8.32667268468867e-17,0.0,2,1665,0.310828774061674,12.608040998488,11.1871595149654,1.61118814368311e-06,199.115558938002,1736
10.101.9.29,40,65.9582461767136,0.946133573387179,0.554698246784657,6.93889390390723e-18,0.0,2,1265,0.0115412037846767,1.08758276572356,-1.07105650295528,0.0002315904209078,29.552723276436,1268
10.101.9.30,51,64.6262084994153,0.925575383027454,0.659503789234226,6.93889390390723e-18,0.0,2,1329,0.0107737447430384,1.33881308400724,-0.779132986475346,0.0001744767647634,41.0221078635055,1332
10.101.9.34,187,0.429813523103048,0.516486091427175,0.988056945766486,1.11022302462516e-16,0.0,2,1223,0.384186646518196,6.23266173332337,-6.09135974790841,8.62703116418943e-07,224.302487240937,1310
10.101.9.35,107,2.61200851698305,0.61473285664049,0.974933061374214,0.0,0.0,2,1219,0.19179001769335,3.89405989106269,-4.61217259029464,5.32802260303732e-06,430.580607482882,1260
10.101.9.36,160,0.693641386516203,0.575391412342167,0.984144137117326,0.0,0.0,2,1377,0.254303715524128,-6.86368779321757,-1.38786852092155,2.84517002506355e-06,344.746342177446,463
10.101.9.39,161,0.387632986501573,0.550266434508598,0.990160664374687,8.32667268468867e-17,0.0,2,1267,0.269567516071239,-5.85556813008153,-4.44720687684594,2.20218866552875e-06,276.631162700302,573
10.101.9.42,11,0.132550390484995,0.496433168197638,0.987599323111179,2.90369190048308,2.26999948348143,6,608,0.438385018482294,-6.11367692576539,-8.34217497862567,2.73471114614181e-07,79.4019795715371,1286
10.101.9.43,26,0.0291717949258054,0.486626124291884,0.988454438160215,1.66533453693773e-16,0.0,4,1237,0.577407864058524,-10.8136904378645,-5.64930630216535,2.46479582904032e-07,97.9311019229361,603
10.101.9.44,154,0.285047469011222,0.55341796929044,0.984330599927687,5.55111512312578e-17,0.0,2,1051,0.280803998401153,-2.55304541620678,-8.37480054648731,2.01742966332902e-06,311.766881626486,789
10.101.9.49,180,1.18909459167104,0.537709408135403,0.988365177187056,5.55111512312578e-17,0.0,2,1211,0.335125108446221,5.37072474521739,-6.01617030026735,1.36313496962095e-06,263.222811964822,1284
10.101.9.51,190,1.07424085570352,0.533831184469088,0.988164195103872,5.55111512312578e-17,0.0,2,1211,0.343704496182099,5.46259540062695,-6.08089666366775,1.2592095486173e-06,228.172797424124,1286
10.101.9.55,141,1.25977288005462,0.570557960164605,0.980835280344964,0.0,0.0,2,1029,0.260001716097657,-2.00864175629248,-8.06572084980601,2.60783902544461e-06,334.79650282254,811
10.101.9.57,30,24.7374765380205,0.884394055258378,0.669290869383952,6.93889390390723e-18,0.0,4,1031,0.0055450594491888,1.17062713003597,-1.77294449317933,8.95716683545896e-05,43.4438186395898,1332
10.101.9.59,88,0.854199913562709,0.551817376097022,0.984254667927371,1.11022302462516e-16,0.0,2,1681,0.277791931669276,-12.4687472109685,11.6117073308755,2.01864690669434e-06,279.031218368872,159
10.101.9.6,83,0.5716535693015,0.526726628678028,0.986129450413526,1.11022302462516e-16,0.0,4,748,0.287481538654529,-0.0298952851079539,-5.66485532878541,9.01619115299405e-07,163.319427771957,463
10.101.9.60,182,1.1615780255867,0.537400640737807,0.988169804340904,8.32667268468867e-17,0.0,2,1211,0.335174350889602,5.36844173463355,-6.01871955607244,1.36227787117037e-06,257.153940173879,1284
10.101.9.8,152,1.03072836376753,0.542504913518387,0.987908080540755,8.32667268468867e-17,0.0,2,1665,0.310731883270168,12.6076636226586,11.1875686210814,1.61425646521756e-06,251.495097673652,1736
