Mg,Al,Si,P,S,K,Ca,Ti,V,Cr,Mn,Fe,Co,Ni,Cu,Zn,As,Se,Rb,Sr,Y,Zr,Nb,Mo,Ag,Cd,Sn,Sb,Ba,W,Hg,Pb,Bi,Th,U,LE,profile
19048,36640,150750,62,0,13122,67888,2640,0,55,344,25101,31,27,15,58,8,0,70,656,18,217,8,0,0,0,0,0,480,7,0,14,0,6,0,687112,r
26407,27977,111338,119,763,10993,111128,1928,45,43,254,22312,36,21,15,45,12,0,62,1254,11,133,6,0,0,0,0,0,620,6,0,10,0,16,0,688337,r
30159,25582,104013,90,3465,10322,115448,1784,82,0,242,21068,23,17,15,45,19,0,56,5412,7,209,5,0,0,0,0,0,0,0,0,8,0,68,0,685525,r
33219,25146,99265,0,5541,9806,109576,1767,105,0,225,21403,0,19,13,42,22,0,57,3765,9,166,5,0,0,9,0,0,319,4,0,8,0,52,0,693180,r
32495,24174,97189,0,7398,9547,109878,1780,125,0,294,22199,0,19,14,45,21,0,59,2182,10,127,4,0,0,14,0,0,371,6,0,9,0,29,0,695870,r
25238,24092,95268,0,29059,9719,111057,1733,127,30,286,23557,32,24,14,48,18,0,60,1475,11,110,5,0,0,0,0,0,413,6,0,10,0,19,4,681689,r
29066,23840,91077,0,24990,9907,121051,1627,98,32,292,23388,42,19,14,46,18,0,59,1577,9,110,4,0,0,0,0,0,379,6,0,9,0,24,7,676384,r
35557,22936,87181,0,17442,9211,129924,1563,99,0,340,20708,30,24,12,42,17,0,53,2432,8,115,5,0,0,10,0,0,273,4,0,8,0,32,11,675568,r
32894,24114,90207,0,23257,9838,125111,1639,103,0,320,21554,35,22,12,44,14,0,56,2084,9,116,4,0,0,0,0,0,330,5,0,10,0,32,10,671929,r
20751,25561,94719,0,27687,10104,103427,1819,91,0,253,24443,29,23,15,46,12,0,64,2607,11,151,5,0,0,11,0,0,384,0,0,10,0,30,6,691992,r
17294,37626,145863,184,0,13075,61140,2673,58,60,397,27065,39,24,15,66,8,0,76,452,18,202,9,0,0,0,11,0,350,5,0,15,0,7,0,697987,r
18118,34393,130613,148,0,12177,77934,2278,46,56,349,26863,33,27,13,57,9,0,74,611,17,161,8,0,0,0,0,0,368,4,0,13,0,8,0,700306,r
18210,33571,128105,97,0,12310,87372,2465,43,51,340,26984,42,24,15,52,9,0,72,747,16,162,6,0,0,8,0,0,230,5,0,12,0,10,0,693742,r
21961,33650,124727,140,316,12593,91037,2378,64,57,307,26771,39,25,15,56,11,0,74,823,14,152,7,0,0,0,0,0,408,6,0,12,0,12,0,689013,r
22404,31847,113224,155,1365,11731,102473,2041,56,58,257,25947,37,25,17,59,9,0,71,989,13,137,7,0,0,8,0,0,422,6,0,12,0,14,0,691141,r
25743,30502,108408,109,2754,11483,108264,1845,83,62,279,25398,30,25,17,55,11,0,67,1189,12,124,6,0,0,7,0,0,644,7,0,11,0,14,0,687280,r
30402,30385,108680,85,3138,11605,100011,2078,100,38,266,25977,31,25,15,54,12,0,69,1160,13,122,8,0,0,0,0,0,0,0,0,12,0,16,0,690223,r
29545,30688,109059,68,4556,11780,99015,2058,90,53,296,26156,41,27,12,55,14,0,69,1217,12,121,6,0,0,8,11,0,281,4,2,11,0,18,3,689283,r
29746,30261,107255,0,6030,11597,97378,2077,77,45,297,25790,38,25,14,58,14,0,68,1551,12,126,5,0,0,0,0,0,222,5,0,11,0,22,3,691769,r
28773,30563,106592,0,6042,11407,100589,1944,100,43,301,25626,41,25,18,55,14,0,68,1405,12,116,5,0,0,11,0,0,496,5,0,11,0,18,5,690179,r
14502,35195,139980,0,0,11907,67853,2498,67,47,315,24648,32,19,15,51,7,0,69,538,18,216,8,0,0,0,0,0,308,0,0,13,0,8,0,705983,r
16133,28053,116068,83,266,10495,95621,1953,0,55,221,21676,0,24,13,40,9,0,63,923,12,183,7,0,0,0,0,0,291,6,0,11,0,12,0,711563,r
19250,24681,103202,93,751,9323,104409,1886,0,69,197,19314,30,20,14,35,11,0,55,1282,12,183,5,0,0,0,0,0,1334,5,0,8,0,13,0,717194,r
29784,25903,103686,0,1565,10015,113841,1839,60,32,191,20099,24,20,11,39,13,0,60,1493,10,151,6,0,0,0,0,0,565,6,0,8,0,19,0,694065,r
29403,26125,104063,0,2671,10209,110120,1668,82,0,189,20846,0,20,14,40,16,0,60,2343,9,174,5,0,0,9,0,0,414,5,0,8,0,32,0,695100,r
30656,26913,111474,94,2982,10775,105351,1980,79,0,221,20723,0,17,13,39,18,0,59,2890,10,186,5,0,0,0,0,0,318,4,0,8,0,36,0,688754,r
30834,27215,124190,72,3901,11336,95937,2163,86,0,227,19634,0,19,10,40,17,0,56,3994,11,239,6,0,0,0,11,0,336,0,0,8,0,44,0,683030,r
32331,26857,111580,0,2899,10304,90831,1860,81,27,237,21058,26,20,11,41,16,0,59,1748,10,153,5,0,0,7,0,0,0,0,0,9,0,21,3,703472,r
34584,28532,110962,57,3338,11169,98430,1815,98,26,253,23051,41,20,13,44,18,0,62,1675,11,139,5,0,0,9,0,0,340,5,0,10,0,20,7,689282,r
40109,25022,96097,0,4408,9595,104787,1679,77,0,238,21158,0,19,13,44,17,0,59,2894,8,138,4,0,0,0,0,0,0,0,0,7,0,35,13,697259,r
26176,29478,116210,62,422,10000,90631,2123,46,42,279,22808,24,19,12,46,12,0,61,1274,14,191,6,0,0,0,0,0,447,5,0,10,0,16,0,703564,r
28809,28089,108349,98,1548,9874,101620,1802,109,0,257,22798,30,21,15,46,20,0,59,2904,10,174,6,0,0,8,0,0,505,4,0,10,0,32,0,696770,r
31957,28018,110967,74,4436,10364,103727,1852,149,0,242,22452,32,19,14,45,20,0,57,6105,10,238,4,0,0,12,0,0,0,0,0,7,0,79,0,683025,r
31977,26616,105675,0,10468,10110,98276,1856,100,0,262,22591,36,21,12,46,17,0,58,2681,10,176,5,0,0,0,0,0,257,0,0,9,0,40,7,692623,r
31355,26389,105302,0,14705,10149,100206,1865,82,0,251,22242,30,24,14,43,14,0,57,1865,11,151,5,0,0,12,0,0,322,0,0,9,0,28,8,688731,r
25883,26677,110909,0,14786,10092,82995,2098,73,48,302,22316,30,20,15,45,14,0,60,1245,12,174,5,0,0,0,0,0,0,6,0,9,0,15,9,706053,r
27020,27273,114071,0,16654,10368,83065,2087,86,34,303,21851,0,22,12,45,14,0,59,1221,12,180,6,0,0,0,0,0,251,0,0,9,0,14,10,699142,r
28042,28587,123759,0,14462,10972,82197,2085,85,35,279,21338,35,19,12,45,15,0,59,1231,13,197,5,0,0,0,0,0,292,0,0,9,0,16,10,689924,r
28765,24597,100198,0,24368,10156,100730,1829,69,0,297,21343,41,17,15,45,17,0,56,3571,9,197,3,0,0,0,0,0,0,4,0,7,0,50,8,687322,r
33330,23530,93338,0,14339,9314,97559,1785,78,0,266,21238,28,21,10,43,18,0,55,3822,9,176,3,0,0,0,0,0,0,0,0,6,0,49,8,704669,r
18421,30751,132500,116,204,11494,80150,2225,0,39,263,22546,0,18,15,44,8,0,64,693,15,192,8,0,0,0,0,0,456,4,0,11,0,10,0,703685,r
21466,28158,118884,111,593,10952,101667,2005,0,54,244,21751,26,20,12,42,10,0,63,1042,12,171,6,0,0,0,0,0,645,6,0,11,0,14,0,695832,r
25454,29448,119697,95,2083,11457,95468,2114,57,70,227,22893,26,23,16,45,12,0,67,1083,12,180,6,0,0,0,0,0,557,5,0,11,0,12,0,692880,r
32512,26274,105923,64,5485,10376,109259,1776,57,0,191,20564,23,18,12,39,18,0,57,5944,9,229,5,0,0,9,13,0,0,0,0,7,0,68,0,684645,r
40512,22793,90314,0,5485,9058,118015,1595,100,0,209,19201,34,17,9,37,20,0,51,5684,6,196,3,0,0,10,0,0,0,0,0,7,0,64,0,689920,r
41254,25481,99735,0,5370,10155,111390,1705,124,0,224,21394,26,21,14,43,21,0,58,3819,8,168,4,0,0,8,0,0,0,5,0,7,0,53,5,682629,r
41768,25025,99297,0,7064,9987,112147,1699,135,0,240,21200,32,18,12,42,22,0,56,3949,6,153,4,0,0,0,0,0,0,0,0,6,0,51,4,680772,r
46741,23371,95247,0,4794,9350,129410,1550,99,0,267,19821,34,19,11,40,18,0,54,2044,7,112,3,0,0,0,0,0,0,0,0,7,0,28,15,670408,r
34143,24745,99985,0,8686,9917,115995,1689,121,37,284,22299,0,22,12,45,17,0,61,1700,9,116,6,0,0,11,0,0,270,4,0,8,0,23,11,683669,r
30510,25964,105117,0,12770,10031,112868,1776,106,42,311,23210,41,27,12,47,15,0,64,1640,10,113,6,0,0,0,10,0,321,4,0,10,0,20,10,678987,r
21096,33419,141112,0,223,11952,78393,2483,54,38,297,23521,22,22,16,51,8,0,65,773,15,205,7,0,0,0,0,0,262,4,0,13,0,10,3,690035,r
25838,28914,117905,70,870,10693,104340,2013,42,76,258,22236,0,23,12,42,11,0,61,1190,12,166,7,0,0,0,0,0,797,4,0,11,0,13,0,688281,r
31673,27863,107921,0,2401,10233,111792,1906,91,0,240,22699,40,21,15,43,16,0,61,2700,11,159,6,0,0,0,0,0,413,0,0,10,0,39,0,683596,r
34546,27808,106554,0,4933,10301,108005,1858,117,0,246,22837,44,18,13,42,18,0,61,2500,10,156,5,0,0,0,10,0,305,7,0,9,0,31,0,683535,r
32383,28024,108667,0,5655,10425,102503,2009,108,35,264,23208,33,23,14,45,18,0,60,2163,11,146,5,0,0,0,0,0,264,5,0,9,0,28,5,687934,r
32341,26873,104411,0,15708,10301,106847,1815,110,34,252,22846,26,18,16,47,17,0,58,1971,9,143,6,0,0,0,0,0,296,4,0,9,0,26,7,679792,r
30635,25554,97006,0,25043,9663,105654,1687,95,24,242,22371,29,23,15,43,15,0,56,1723,9,142,5,0,0,0,0,0,287,6,0,8,0,23,10,683529,r
31844,26259,106099,0,20638,10374,104387,1751,77,28,246,22068,36,19,14,43,13,0,57,1942,11,153,5,0,0,0,0,0,0,5,0,9,0,25,11,677732,r
25768,22942,93362,0,40729,9640,111665,1808,91,0,240,21249,33,22,12,41,13,0,54,2030,10,141,4,0,0,7,0,0,258,0,0,8,0,27,14,673526,r
28053,26252,100696,0,15997,9771,93542,1943,67,30,277,22766,32,22,13,45,13,0,59,2174,10,144,5,0,0,12,0,0,291,7,0,8,0,25,16,701698,r
16495,39286,151601,106,0,13115,54372,2834,54,66,398,27749,41,26,18,65,8,0,77,446,19,234,9,0,0,0,0,0,463,7,0,15,0,6,0,697332,r
19719,33216,128107,176,109,12119,90256,2226,61,47,317,26078,42,23,15,49,10,0,71,733,15,165,6,0,0,0,0,0,348,6,0,11,0,13,0,690604,r
19499,31288,116588,121,321,11794,99980,2119,53,54,271,25764,37,23,15,50,10,0,71,913,14,148,7,0,0,12,0,0,337,6,0,11,0,14,0,694972,r
21389,28913,107857,71,1284,11308,109526,1930,58,60,253,23839,0,23,12,46,10,0,69,1131,12,135,7,0,0,0,0,0,1281,7,0,10,0,13,0,694912,r
26144,27539,101110,70,2317,10770,103293,1980,61,68,245,23404,44,26,11,46,12,0,69,1263,12,129,7,0,0,10,0,0,573,4,0,11,0,12,0,704857,r
28561,27439,99147,59,3319,10897,111610,1841,119,58,204,23079,0,23,14,45,16,0,66,1363,11,117,4,0,0,16,0,0,0,9,0,11,0,17,3,695978,r
32974,27855,102393,0,3749,11304,114736,1838,109,0,245,23084,0,22,17,45,18,0,65,2172,10,139,5,0,0,7,0,0,474,8,0,10,0,33,0,682705,r
31265,28324,104675,0,4197,11278,111361,1920,109,0,276,23790,0,25,15,47,20,0,64,3689,9,174,6,0,0,9,10,0,0,5,0,9,0,56,0,682805,r
29294,29003,104446,0,5486,10771,114984,1842,101,0,215,24638,32,21,13,46,16,0,65,4405,9,174,6,0,0,14,0,0,320,0,0,9,0,58,0,678317,r
24692,29460,105941,0,4647,10432,110681,1941,126,0,237,23757,29,25,15,47,13,0,70,2587,10,140,6,0,0,10,0,0,376,5,0,11,0,37,0,688836,r
19458,36442,152808,0,0,12670,67356,2758,49,59,323,24464,29,24,16,55,9,0,70,642,18,254,8,0,0,0,0,0,345,6,0,15,0,11,0,686382,r
22993,30175,131650,88,1064,11432,88430,2138,0,48,263,22594,25,24,13,47,10,0,66,970,13,201,7,0,0,7,0,0,508,6,0,11,0,12,0,691144,r
29106,28174,116657,83,5325,11192,104167,1860,61,48,237,21442,39,23,16,43,14,0,62,1532,13,168,6,0,0,10,0,0,679,6,0,10,0,21,0,682745,r
34553,25469,104238,95,7422,10374,106479,1767,94,0,228,20852,24,18,14,44,22,0,56,5193,9,255,5,0,0,0,0,0,0,0,0,7,0,84,0,686328,r
38034,24151,95392,0,8487,9503,101952,1618,132,0,250,20643,0,17,13,41,22,0,54,4996,10,190,5,0,0,0,0,0,0,6,0,8,0,55,0,698011,r
33855,22993,90690,0,21348,9458,105610,1641,111,0,221,20612,28,21,11,41,22,0,53,4801,8,181,5,0,0,9,10,0,0,5,0,7,0,63,0,691780,r
30009,19917,79413,0,44105,8529,115797,1531,58,0,203,18952,33,20,11,39,18,0,49,3746,7,153,4,0,0,0,0,0,0,7,0,7,0,44,5,680640,r
30500,19689,79422,0,45282,8532,112565,1553,72,0,201,19725,35,21,12,40,16,0,50,2820,7,129,3,0,0,8,10,0,0,6,0,7,0,37,9,682682,r
35355,22990,90269,0,22039,9229,98969,1623,94,0,226,21805,27,20,13,43,17,0,57,2676,8,132,4,0,0,0,0,0,236,0,0,7,0,36,12,697906,r
32732,21880,86032,0,26835,8677,102758,1666,70,0,234,20958,26,20,12,44,15,0,56,2946,7,134,4,0,0,11,0,0,0,0,0,8,0,39,10,698472,r
18627,38987,148133,83,0,12657,50979,2762,46,62,410,28448,33,25,15,65,7,0,78,385,19,218,9,0,0,0,0,0,400,4,0,16,0,5,0,702486,r
15940,34354,129656,91,0,11989,70016,2486,54,62,348,27340,45,28,16,54,8,0,75,536,18,194,8,0,0,0,0,0,320,5,0,14,0,8,0,711103,r
19406,33653,126239,108,707,12195,80133,2292,0,61,323,26881,31,27,14,51,8,0,76,670,16,159,8,0,0,0,0,0,291,8,0,14,0,10,0,701307,r
25596,30475,109009,86,3585,11371,102018,2139,54,50,251,24439,0,27,14,49,9,0,68,990,13,127,6,0,0,0,0,0,254,6,0,11,0,11,0,693603,r
28758,26880,95412,0,4129,10278,122998,1717,74,50,232,21793,37,26,15,45,14,0,61,1248,11,114,5,0,0,9,0,0,297,7,0,9,0,16,0,689567,r
26410,29343,99959,0,5110,10484,119870,1955,74,69,215,23017,0,23,14,45,15,0,65,1692,11,121,6,0,0,9,10,0,508,6,0,11,0,21,0,684957,r
27965,31929,106678,0,5626,11230,104265,2046,119,41,288,27190,41,28,10,48,20,0,70,1849,12,139,5,0,0,9,0,0,271,5,0,11,0,28,0,684811,r
25746,32100,106965,0,5324,11524,108535,2037,111,54,271,26834,47,27,16,49,18,0,70,1363,14,125,6,0,0,0,0,0,356,6,0,11,0,19,5,683045,r
28979,32327,109482,0,6096,11569,105532,2091,138,0,253,27742,46,22,16,49,17,0,72,2487,13,151,6,0,0,0,0,0,329,6,0,12,0,36,4,677346,r
21580,29657,101567,0,8210,10549,120677,1970,124,51,215,25463,39,22,18,49,13,0,66,1794,12,122,4,0,0,12,0,0,375,0,0,11,0,25,8,681808,r
17037,38771,155867,112,0,13124,58533,2698,58,62,365,26639,40,24,17,61,7,0,75,444,20,220,9,0,0,0,0,0,330,6,0,15,0,6,0,690104,r
16734,33843,134679,127,0,12246,86253,2281,57,50,307,25346,52,24,14,49,8,0,72,675,16,177,8,0,0,0,0,0,300,8,0,13,0,10,0,691068,r
18246,32480,129940,65,280,12255,95408,2331,55,47,289,24740,24,25,13,46,9,0,71,841,15,158,8,0,0,8,0,0,312,6,0,14,0,10,0,686619,r
23437,30777,118106,82,1372,11823,104170,2135,47,65,271,23466,34,24,15,47,11,0,70,1033,13,150,6,0,0,0,0,0,545,4,0,10,0,13,0,686368,r
26115,29474,108929,95,4370,11293,106851,1927,79,59,299,23540,41,27,15,48,10,0,69,1188,12,124,6,0,0,0,0,0,1210,6,0,12,0,15,0,688293,r
30634,28330,102276,68,3232,10898,115241,1744,83,43,267,23219,0,24,19,50,12,0,66,1419,10,118,5,0,0,10,0,0,913,6,0,11,0,20,0,685330,r
29049,27578,99202,0,3085,10730,112073,1812,84,58,220,23090,42,21,14,44,15,0,65,1469,9,112,6,0,0,10,0,0,311,8,0,10,0,18,0,694890,r
32403,28936,104343,56,4044,11593,116978,1758,89,41,245,23706,28,21,14,48,17,0,65,1934,9,120,5,0,0,0,10,0,652,7,0,10,0,24,0,676977,r
34860,28262,102479,0,3573,11392,111012,1741,94,26,253,23334,32,23,16,46,18,0,64,2028,9,134,6,0,0,8,0,0,238,8,0,9,0,28,3,684368,r
33920,28413,106571,0,4150,11356,106705,1837,99,0,229,23018,34,21,11,47,18,0,63,3046,10,155,6,0,0,0,0,0,0,6,0,9,0,41,0,684238,r
16095,40333,160856,142,0,13696,46174,2813,40,73,455,28195,35,23,19,72,7,0,78,331,20,232,10,0,0,0,0,0,441,0,0,16,0,6,0,694757,r
19477,36710,147753,135,0,12692,69280,2658,77,52,366,26477,32,26,13,54,7,0,74,457,20,217,8,0,0,0,0,0,327,6,0,14,0,9,0,687673,r
16785,35430,140430,133,0,12347,76357,2487,52,61,341,26344,35,20,13,50,8,0,74,540,18,191,8,0,0,0,0,0,314,5,0,12,0,8,0,692530,r
17970,35120,139805,108,0,12637,76679,2540,54,67,336,26290,37,25,16,50,8,0,75,581,17,200,8,0,0,8,0,0,271,4,0,14,0,10,0,691658,r
19184,35262,148544,70,0,12828,66535,2519,85,47,338,25278,39,21,12,52,6,0,74,534,17,236,8,0,0,7,0,0,216,0,0,14,0,8,0,692474,r
16952,34627,135992,0,724,11989,63224,2625,56,67,387,25819,26,24,16,55,8,0,74,571,18,229,9,0,0,9,0,0,220,7,0,13,0,7,0,710758,r
23542,33185,142506,0,6035,12831,78595,2446,51,48,314,23978,31,24,13,50,9,0,69,781,15,209,7,0,0,0,10,0,618,0,0,12,0,11,0,678792,r
30694,27059,101312,64,4819,10640,105357,1848,80,56,248,23110,26,24,15,47,14,0,64,1330,12,125,6,0,0,0,0,0,479,6,0,10,0,13,0,696573,r
31110,27046,100674,0,6278,10905,115848,1842,77,32,229,22878,39,24,14,45,16,0,62,2356,10,139,5,0,0,0,0,0,259,0,0,9,0,29,0,684062,r
25131,28060,101154,0,7247,10357,110618,1930,84,0,209,23368,24,21,12,44,16,0,62,3794,10,173,6,0,0,16,10,0,0,0,0,10,0,51,0,691657,r
16452,33257,139101,114,0,11706,72091,2290,50,51,315,24010,0,25,13,51,8,0,66,621,17,230,8,0,0,0,0,0,303,7,0,13,0,8,0,703381,r
17829,31334,129261,118,101,10886,82432,2235,53,48,274,23642,28,22,15,46,8,0,66,733,16,225,7,0,0,0,0,0,281,5,0,11,0,8,0,704438,r
19467,31657,132740,120,906,11689,88579,2216,0,53,260,23967,0,20,12,46,8,0,70,762,15,205,8,0,0,0,0,0,333,7,0,11,0,10,0,691020,r
19639,32908,126668,63,4204,12172,84117,2350,68,62,230,25096,33,23,16,45,9,0,72,822,15,204,8,0,0,15,0,0,443,7,0,12,0,12,0,695066,r
16742,33362,129134,0,10612,13285,87030,2300,55,54,286,25374,51,27,14,48,9,0,73,907,16,189,9,0,0,11,0,0,741,6,0,12,0,14,0,684065,r
22046,29474,107736,0,7156,11558,111925,1928,0,51,247,23742,27,24,13,44,10,0,65,1329,11,158,6,0,0,0,0,0,601,7,0,11,0,18,0,685954,r
24029,23068,87420,0,8451,9628,134613,1608,79,40,203,20495,32,20,14,43,13,0,55,1508,9,123,6,0,0,11,0,0,1068,7,0,9,0,19,0,691004,r
37477,22436,86161,0,8581,9295,111294,1647,63,0,205,20527,41,19,13,43,18,0,54,1982,7,138,4,0,0,9,0,0,466,5,0,8,0,29,0,703049,r
40974,24326,94986,0,9012,10364,113409,1581,88,0,201,20990,24,18,11,43,22,0,53,5296,7,198,3,0,0,8,0,0,0,0,0,6,0,72,0,681961,r
43155,25158,99601,0,7282,10306,111902,1588,76,0,225,21362,0,19,13,44,20,0,54,4648,8,136,4,0,0,0,0,0,320,4,0,7,0,37,0,677749,r
17689,36897,160473,115,0,12936,60210,2715,48,61,331,24082,0,19,13,60,7,0,69,495,17,267,9,0,0,0,0,0,450,0,0,13,0,6,0,687220,r
17981,33028,142880,117,0,12111,73332,2360,0,51,323,23744,27,17,16,54,8,0,68,620,15,236,7,0,0,0,0,0,418,5,0,12,0,11,0,696702,r
20857,32380,136830,122,0,11298,75923,2286,45,47,340,23913,40,17,16,51,9,0,66,708,15,202,8,0,0,0,0,0,422,0,0,10,0,9,2,698554,r
21192,32420,138509,127,123,11523,80155,2257,54,50,310,23869,27,23,11,49,8,0,68,800,16,221,8,0,0,0,0,0,441,6,0,12,0,9,2,691874,r
22104,30644,131612,95,736,10658,85826,2291,54,68,271,22187,35,26,10,42,10,0,65,969,14,213,7,0,0,0,0,0,445,0,0,10,0,10,0,695473,r
23644,29699,130065,0,3003,10866,88050,2138,53,52,293,21293,37,25,11,42,10,0,62,1047,13,230,5,0,0,0,0,0,336,5,0,10,0,13,0,692713,r
23484,31319,147557,82,4260,11910,75094,2274,0,40,285,20298,33,21,11,43,10,0,62,901,15,268,6,0,0,0,0,0,246,0,0,11,0,11,0,685298,r
27149,37430,151927,133,4940,13844,50493,2669,65,52,405,27823,47,24,16,72,10,0,79,620,17,237,9,0,0,0,0,0,0,5,0,14,0,10,2,686756,r
21781,35551,138582,133,5711,12875,60863,2605,55,82,332,26376,41,24,16,56,10,0,77,753,18,253,9,0,0,7,0,0,0,4,0,12,0,11,0,698367,r
18908,36271,147927,77,6235,14101,64350,2596,79,49,360,26348,52,25,17,53,9,0,77,812,18,237,10,0,0,0,0,0,402,0,0,13,0,11,0,685556,r
0,46204,230708,0,0,11919,2588,2636,0,59,223,16677,0,17,11,31,5,0,55,54,16,401,7,0,0,0,0,0,428,5,0,11,0,0,0,690859,l
0,51026,226758,0,0,13095,2735,3448,0,74,230,19135,0,13,14,33,6,0,56,51,17,402,12,0,0,0,0,0,301,5,0,10,11,0,0,685917,l
0,56087,199313,0,0,11752,3192,2958,42,64,197,26368,0,22,14,50,7,0,76,57,17,334,9,0,0,0,0,0,307,5,0,13,7,0,0,703710,l
3904,59415,192748,0,0,12221,3565,3174,67,68,208,30156,0,26,16,57,9,0,84,61,19,328,10,0,0,0,0,0,368,4,0,13,10,0,0,698725,l
0,59438,192181,0,0,12167,3406,3334,74,59,180,28329,0,26,22,54,8,0,81,62,20,354,10,0,0,0,0,0,336,0,0,13,0,0,0,704785,l
3039,60270,202117,0,0,13131,3340,3640,57,77,164,28979,0,26,20,50,9,0,81,64,22,386,10,0,0,0,9,0,303,4,0,14,9,0,0,689234,l
0,59892,196608,0,0,11910,3013,3094,0,58,153,26157,0,23,15,49,8,0,73,57,18,319,9,0,0,0,0,0,280,5,0,12,9,0,0,702801,l
0,62030,204376,0,0,13219,3213,3181,67,85,149,28069,0,24,18,48,7,0,76,60,18,363,10,0,0,0,0,0,282,4,0,13,10,0,0,689578,l
0,60044,189711,0,0,11523,3038,2747,0,59,124,26358,0,23,16,45,8,0,70,54,16,297,10,2,0,0,0,0,370,5,0,11,0,0,0,710066,l
3773,61400,201068,0,0,12267,3236,3050,53,62,138,26285,0,25,15,46,7,0,70,54,18,361,9,0,0,0,0,0,271,0,0,11,0,0,0,692364,l
0,50150,207980,252,0,13245,3090,2960,44,92,217,25098,0,24,18,56,7,0,72,57,18,343,9,2,0,0,0,0,242,0,0,15,0,0,0,700395,l
0,54688,199029,107,0,13602,3386,3155,48,70,274,28627,23,26,20,60,8,0,83,64,22,304,10,0,0,0,0,0,292,6,0,17,11,0,0,701060,l
0,54712,208088,0,0,13804,3484,3214,63,59,280,27721,0,25,18,55,9,0,79,61,20,344,10,0,0,0,0,0,381,4,0,15,8,0,0,692378,l
0,61517,196616,0,0,13944,3797,3218,64,75,359,35254,0,29,20,62,10,0,89,59,23,311,10,0,0,0,0,0,329,0,0,15,0,0,0,690344,l
0,57182,188214,0,0,12622,3362,3133,47,75,291,32188,0,26,19,54,10,0,82,56,20,308,8,0,0,0,0,0,282,4,0,13,8,0,0,707607,l
5203,60912,191144,0,0,14385,3712,3006,63,91,264,37312,0,29,21,56,13,0,86,60,23,299,10,0,0,0,0,0,312,5,0,15,10,0,0,689475,l
4971,58411,194834,0,0,14138,3570,3128,42,75,179,31750,0,28,18,50,11,0,81,59,21,350,10,0,0,0,0,0,390,5,0,12,0,0,0,693404,l
3626,58597,204056,0,0,15094,3688,3602,0,78,170,29071,23,24,14,49,8,0,82,60,21,353,10,0,0,0,0,0,402,4,0,13,0,0,0,686027,l
5238,55704,207014,0,0,14148,3516,3205,0,68,198,28324,22,25,19,49,8,0,80,59,20,335,10,0,0,0,0,0,395,4,2,13,0,0,0,686485,l
5201,54943,212052,0,0,13802,3825,2918,0,63,198,24903,0,20,15,41,7,0,72,55,19,353,8,0,0,0,0,0,324,5,0,12,10,0,0,685498,l
0,47099,216681,0,0,12015,3030,2916,0,50,208,18051,0,14,13,36,6,0,58,50,14,338,9,0,0,0,0,0,246,0,0,10,9,0,0,702301,l
0,51127,219445,0,0,12920,3052,3091,0,43,226,19967,0,15,14,39,6,0,62,53,16,347,9,2,0,0,0,0,380,0,0,12,9,0,0,692648,l
0,49481,204176,0,0,10980,3092,2913,0,66,239,21001,0,18,14,39,6,0,61,52,15,297,8,0,0,0,0,0,370,0,0,11,0,0,0,710828,l
3256,52333,205032,0,0,11970,3801,3280,53,68,233,25414,0,22,13,48,7,0,77,63,19,327,9,0,0,0,0,0,420,4,0,13,0,0,0,697970,l
0,55692,193337,0,0,12248,4185,3334,52,67,242,27698,0,23,17,53,8,0,81,66,19,326,11,2,0,0,0,0,343,4,0,14,9,0,0,707000,l
0,55526,195142,0,0,12402,6000,3200,44,72,222,26667,0,22,16,52,7,0,80,68,20,347,10,0,0,0,0,0,373,0,0,13,10,0,0,704358,l
0,52425,190934,0,0,11944,14489,3231,0,65,260,25816,0,21,17,50,7,0,76,75,20,328,9,0,0,0,0,0,265,4,0,13,10,0,0,704445,l
0,54603,189044,0,0,12278,18418,3233,40,54,239,25569,0,18,18,48,8,0,73,73,19,342,10,0,0,0,0,0,339,4,0,12,0,0,0,700015,l
3362,52809,191280,0,0,11658,12917,3072,42,57,212,24867,0,22,17,46,7,0,74,74,17,311,10,0,0,0,0,0,372,6,0,12,0,0,0,703093,l
0,51946,195512,0,0,11712,14178,3176,50,75,205,24081,0,22,19,44,8,0,71,75,18,382,9,0,0,0,0,0,325,5,0,11,0,0,0,702281,l
0,48869,215090,0,0,12712,3329,2785,0,53,263,20846,0,17,16,44,7,0,64,55,17,360,8,0,0,0,0,0,345,0,0,12,11,0,0,698736,l
0,52799,212284,0,0,13661,3525,3592,0,57,246,22625,0,20,17,42,7,0,68,58,20,448,9,0,0,0,0,0,458,4,0,13,9,0,0,693985,l
3345,54104,205055,0,0,11737,3553,3044,43,47,229,24378,0,23,16,44,7,0,70,53,17,338,9,0,0,0,0,0,401,0,0,12,7,0,0,697717,l
0,55135,194118,0,0,11926,3739,2928,0,57,244,26054,0,22,15,47,7,0,74,55,19,304,9,0,0,0,0,0,393,4,0,12,7,0,0,709374,l
3562,55020,198829,0,0,12000,3604,3011,43,75,276,25265,0,24,17,45,7,0,73,57,19,327,9,0,0,0,0,0,384,4,0,11,11,0,0,701738,l
0,57466,196559,0,0,12650,3820,3275,47,61,250,24410,0,25,16,44,7,0,72,56,24,345,9,0,0,0,0,0,353,5,0,12,9,0,0,704742,l
3835,56496,201307,0,0,13325,4131,3120,39,40,290,24635,0,23,18,43,7,0,73,59,20,339,9,0,0,0,0,0,266,0,0,12,0,0,0,696207,l
4704,54201,197304,0,0,13220,5743,3139,54,54,287,24814,0,22,19,44,8,0,74,63,21,357,10,0,0,0,0,0,355,0,0,12,0,0,0,699824,l
4589,44466,176028,0,0,11118,39957,2996,43,61,273,22570,0,24,15,39,7,0,69,81,21,302,10,0,0,0,0,0,309,6,0,12,0,0,0,700944,l
0,19783,88023,0,0,5642,159075,1701,0,87,389,14369,0,21,9,24,6,0,44,153,13,173,7,0,0,12,0,0,0,8,0,9,0,0,0,712974,l
0,50253,220029,0,0,11787,3495,2559,52,54,226,21870,0,21,12,40,7,0,67,53,17,331,10,0,0,0,9,0,310,4,0,12,12,0,0,692587,l
0,56341,207911,0,0,11849,2792,3156,0,67,226,24910,0,20,14,45,8,0,70,54,17,325,8,0,0,0,0,0,292,0,0,12,0,0,0,696230,l
0,57194,194091,0,0,10799,2633,2754,0,75,197,25333,0,22,13,45,7,0,67,48,16,284,8,0,0,0,0,0,350,0,0,11,11,0,0,710464,l
0,60723,192336,0,0,11469,2825,2840,46,66,191,25933,0,26,11,43,7,0,70,49,16,310,8,0,0,0,0,0,248,0,0,12,11,0,0,707283,l
0,61939,196397,0,0,11852,2812,2683,46,64,154,26055,0,22,14,45,8,0,71,49,15,305,9,0,0,0,0,0,253,0,0,12,10,0,0,701730,l
3033,63288,195626,0,0,11582,2845,2798,37,51,161,25398,0,21,13,43,8,0,68,47,15,350,7,0,0,0,0,0,242,0,0,10,0,0,0,698783,l
3541,60134,201677,0,0,10943,2737,2458,37,61,144,23552,0,23,10,39,7,0,63,46,14,310,8,0,0,0,0,0,274,0,0,11,0,0,0,698019,l
3887,62154,200157,0,0,12513,3219,3319,53,69,161,25997,0,21,12,43,8,0,65,50,16,396,8,0,0,0,0,0,345,0,0,12,9,0,0,692022,l
0,56384,188882,0,0,10504,2797,2659,59,44,190,23235,0,23,13,40,7,0,60,46,14,319,8,0,0,0,0,0,306,4,0,11,0,0,0,718445,l
4111,57229,198369,0,0,10402,2741,2738,55,49,138,23632,0,22,15,42,7,0,60,46,16,306,7,0,0,0,0,0,269,0,0,9,8,0,0,703850,l
0,40956,242479,0,0,10904,2101,2248,0,46,168,13512,0,12,9,26,4,0,47,41,11,327,7,0,0,0,0,0,259,5,0,9,0,0,0,689195,l
0,50794,218949,0,0,12502,2566,2872,41,46,183,17805,0,16,12,37,5,0,56,48,14,346,8,0,0,0,0,0,311,5,0,10,10,0,0,696474,l
3032,49894,215159,0,0,11312,2455,2830,0,64,198,19597,0,14,13,34,6,0,57,46,16,326,8,0,0,0,0,0,210,0,0,10,9,0,0,698134,l
0,55571,203589,0,0,11350,2520,2671,50,57,238,24310,0,20,15,45,9,0,67,47,14,270,8,0,0,0,0,0,325,4,0,11,8,0,0,703043,l
0,60756,184738,0,0,11584,2616,2758,42,56,339,29070,0,26,15,51,8,0,76,49,16,254,8,2,0,0,0,0,378,5,0,13,0,0,0,712208,l
0,62161,186937,0,0,12508,2755,3164,42,69,351,31248,0,27,21,57,10,0,87,58,20,277,10,0,0,0,0,0,362,0,0,13,10,0,0,705259,l
0,59069,208052,0,0,11929,2522,2686,41,52,250,23389,0,17,11,42,7,0,68,48,15,262,8,0,0,0,0,0,258,4,0,12,0,0,0,695338,l
0,55526,198793,0,0,10410,2288,2691,0,58,230,21045,0,16,13,36,6,0,58,42,14,239,8,2,0,0,0,0,237,0,0,10,9,0,0,711943,l
0,53653,212724,0,0,10563,2186,2482,36,48,206,18830,0,17,13,33,5,0,53,39,14,311,6,0,0,0,8,0,249,0,0,10,12,0,0,701788,l
0,52567,211044,0,0,9944,2250,2357,42,41,263,19750,0,21,13,36,6,0,53,42,13,229,7,0,0,0,0,0,232,0,0,9,9,0,0,704516,l
0,59440,194649,190,0,16538,4669,3741,66,77,494,40906,71,36,27,98,13,0,118,95,32,266,15,0,0,0,0,0,514,6,0,25,13,0,0,685026,l
3260,58379,189262,0,0,15708,4377,3877,70,83,550,39210,75,39,26,96,10,0,117,102,31,284,16,0,0,0,12,0,569,4,2,23,15,0,0,690636,l
3006,56897,192526,0,0,15835,4513,3863,51,76,359,37812,63,29,26,94,8,0,113,100,30,292,14,0,0,0,0,0,412,5,0,21,10,0,0,690433,l
0,56408,208340,0,0,16349,4467,3768,59,74,266,36243,82,32,24,91,8,0,110,100,30,270,15,0,0,0,0,0,436,6,0,21,0,6,0,679112,l
0,56096,206457,0,0,16554,4561,3830,57,78,266,36020,52,29,22,88,8,0,110,101,30,270,14,0,0,0,0,0,532,6,2,19,9,0,0,681066,l
0,55389,205639,0,0,16239,4445,3786,42,79,228,34797,55,27,24,87,7,0,108,100,29,288,15,0,0,0,0,0,470,5,2,19,10,0,0,684177,l
0,55382,209285,0,0,16263,4461,3841,45,75,215,35082,78,29,25,86,8,0,109,101,30,301,13,0,0,0,0,0,426,6,0,20,0,0,0,680235,l
0,55540,204754,0,0,16274,4425,3820,53,105,207,35710,67,28,28,91,7,0,110,104,30,280,14,0,0,0,0,0,373,6,0,19,8,0,0,684177,l
0,55991,199435,0,0,15915,4444,3843,73,73,196,36336,61,28,27,92,7,0,110,105,30,275,15,0,0,0,0,0,467,4,0,18,9,0,0,688779,l
0,56956,204075,39,0,16403,4592,3817,59,83,722,36731,52,38,24,91,7,0,111,107,30,272,15,0,0,0,0,0,584,6,0,23,0,4,0,681560,l
0,48014,204662,0,0,12199,3411,2731,0,62,397,22887,0,21,16,50,7,0,67,55,17,271,9,2,0,0,0,0,343,4,0,13,9,0,0,708749,l
0,50822,208455,0,0,13000,3890,3027,0,73,306,23186,0,22,16,48,7,0,72,60,18,298,9,0,0,0,0,0,402,4,0,14,0,0,0,700321,l
2834,56107,200219,0,0,13452,4462,3125,45,63,264,24794,0,20,14,47,7,0,70,57,18,303,9,0,0,0,0,0,356,0,0,12,0,0,0,698049,l
0,54355,198530,0,0,11782,4183,2837,0,58,218,26127,0,22,14,49,7,0,73,54,16,274,9,0,0,0,0,0,335,4,0,11,8,0,0,705592,l
0,55449,192055,0,0,11879,4259,2802,44,57,187,28111,0,20,14,55,8,0,79,54,16,275,9,0,0,0,0,0,378,5,0,11,8,0,0,709125,l
0,54557,182369,0,0,11647,4045,2941,41,68,170,28273,0,23,14,53,7,0,77,55,17,287,8,0,0,0,0,0,262,0,0,12,8,0,0,719997,l
3606,55438,190693,0,0,11853,3969,2698,57,85,146,25969,0,23,16,49,6,0,72,50,15,285,8,0,0,0,0,0,271,0,0,11,10,0,0,709204,l
0,54597,177507,0,0,11505,3827,2844,50,67,138,26474,0,25,15,49,6,0,71,52,17,269,9,2,0,0,0,0,292,5,0,10,8,0,0,726780,l
4448,55104,180379,0,0,11947,4623,2810,60,61,167,28141,0,24,17,51,6,0,72,57,20,265,9,0,0,0,0,0,303,4,0,11,14,0,0,716312,l
3365,46145,173812,0,0,11472,35374,2664,46,62,217,25869,0,22,19,47,7,0,73,81,19,287,8,0,0,0,0,0,235,5,0,11,0,0,0,704672,l
0,48750,208260,0,0,12826,4125,3087,42,60,231,19920,0,16,14,41,6,0,65,56,16,367,9,0,0,0,0,0,208,4,0,12,9,0,0,705354,l
3831,48664,202990,0,0,11559,3764,2747,0,49,231,19584,0,19,14,38,7,0,61,53,15,377,8,2,0,0,0,0,275,0,0,11,0,0,0,709120,l
0,52545,200948,0,0,12433,4426,3054,41,68,235,24806,0,22,17,47,7,0,74,57,18,343,9,0,0,0,0,0,343,5,0,12,0,0,0,704816,l
0,52702,193913,0,0,11147,5035,2831,53,65,201,25505,0,23,14,47,7,0,72,56,17,273,10,0,0,0,0,0,360,5,0,12,0,0,0,712101,l
0,52747,183477,0,0,11600,9389,2943,49,61,204,25907,0,21,14,48,8,0,76,60,19,312,8,0,0,0,0,0,331,0,0,12,10,0,0,717223,l
4970,50331,186260,0,0,11282,17257,2911,40,61,213,24878,0,26,15,48,7,0,74,64,18,331,9,0,0,0,0,0,220,4,0,12,12,0,0,705297,l
0,45530,176399,0,0,10685,28018,2774,44,49,223,22399,0,22,13,41,7,0,71,72,17,304,8,0,0,0,0,0,280,6,0,11,0,0,0,716933,l
0,39682,161448,0,0,9809,43161,2698,38,63,212,20593,0,24,15,38,6,0,65,83,17,294,9,0,0,0,0,0,263,6,0,11,0,0,0,725064,l
0,37630,157993,0,0,9558,56836,2511,0,70,180,19186,0,21,13,36,6,0,62,101,19,341,8,0,0,0,0,0,207,5,0,11,9,0,0,718551,l
0,37023,154499,0,0,9099,56992,2397,0,63,190,18514,0,23,14,35,5,0,59,101,16,288,9,3,0,0,0,0,370,6,0,10,0,0,0,723521,l
0,48830,210814,0,0,11089,2860,3012,40,44,229,18928,0,17,12,34,6,0,58,49,15,310,8,0,0,0,0,0,268,4,0,10,0,0,0,706668,l
0,52054,198512,0,0,11173,2880,2919,47,56,241,23366,0,21,14,42,6,0,69,55,17,327,9,0,0,0,0,0,283,4,0,12,10,0,0,711960,l
0,55013,201766,0,0,11789,3080,2919,36,64,215,25419,0,21,12,47,8,0,75,58,16,355,9,2,0,0,0,0,287,4,0,13,9,0,0,703216,l
0,59180,194618,0,0,11951,3236,2975,43,65,201,27252,0,25,16,53,9,0,77,58,18,312,10,0,0,0,0,0,249,4,0,12,10,0,0,704380,l
0,56831,186373,0,0,10963,3058,2958,43,59,166,26604,0,21,14,46,7,0,74,54,17,278,9,0,0,0,0,0,206,5,0,13,0,0,0,716840,l
0,58064,191827,0,0,11658,3126,2826,0,66,154,25133,0,22,14,44,7,0,73,55,18,329,9,0,0,0,0,0,378,5,0,12,7,0,0,710558,l
3173,58543,200915,0,0,11883,3109,2862,45,51,126,23212,0,20,14,38,7,0,68,52,16,318,9,0,0,0,0,0,269,5,0,11,0,0,0,699302,l
3976,55765,195564,0,0,11047,3040,2340,0,51,140,22397,0,18,15,39,6,0,64,50,15,308,8,0,0,0,0,0,309,5,0,11,0,0,0,708739,l
4000,54316,195162,0,0,11663,3153,2659,0,61,151,21338,0,18,14,36,6,0,62,50,16,325,7,3,0,0,0,0,192,4,0,10,0,0,0,710479,l
0,52916,206296,0,0,11280,2941,2473,0,55,251,19141,0,21,11,32,6,0,59,49,14,338,8,2,0,0,0,0,274,3,0,9,9,0,0,707154,l
0,52188,207854,0,0,13270,4015,3123,0,74,287,21418,0,21,14,43,7,0,64,56,17,349,8,0,0,0,0,0,378,5,0,13,7,0,0,700531,l
0,50161,210747,0,0,12203,3281,3150,47,57,288,21031,0,18,11,39,6,0,65,59,17,353,9,0,0,0,0,0,397,5,0,13,8,0,0,701705,l
0,51062,197388,0,0,11619,3299,3192,48,81,322,24173,0,21,18,45,7,0,70,59,18,280,8,3,0,0,0,0,416,4,0,14,8,0,0,712068,l
0,56363,190901,0,0,11443,3315,2976,49,57,248,26140,0,24,18,49,8,0,71,52,18,261,9,0,0,0,0,0,400,5,0,12,8,0,0,712131,l
0,61431,186874,0,0,11812,3600,2898,37,67,232,31413,0,28,17,59,9,0,86,58,18,280,9,0,0,0,0,0,404,5,0,14,0,0,0,706125,l
2946,61749,178078,0,0,11800,3568,3101,52,61,217,33653,0,30,17,62,10,0,92,60,19,269,11,0,0,0,0,0,420,5,0,14,0,0,0,709629,l
0,60035,184902,0,0,11632,3300,3161,44,74,226,29517,0,26,16,54,8,0,83,58,20,303,10,0,0,0,0,0,331,4,0,14,10,0,0,711320,l
0,55390,194087,0,0,11111,3001,2903,62,55,248,24825,0,21,13,45,8,0,72,53,19,371,10,0,0,0,0,0,339,7,0,12,8,0,0,711670,l
0,54545,198996,0,0,12330,3233,3470,54,68,295,24876,0,23,16,46,8,0,72,60,19,389,9,0,0,0,0,0,203,4,0,13,11,0,0,705601,l
3198,53088,197436,0,0,11358,3050,2957,0,62,267,22593,0,20,12,40,7,0,65,53,15,306,8,0,0,0,0,0,315,6,0,12,0,0,0,709076,l
0,49359,207949,0,0,12708,4348,2921,51,57,269,21091,0,19,14,44,7,0,65,57,17,349,9,2,0,0,9,0,381,0,0,12,8,0,0,703936,l
0,52060,206155,0,0,12768,7309,3302,53,68,247,22440,0,20,14,45,7,0,69,57,18,342,8,0,0,0,0,0,338,4,0,12,8,0,0,698573,l
0,46789,169967,0,0,10800,25291,2845,42,69,202,24986,0,28,14,46,8,0,74,69,21,327,9,0,0,0,0,0,306,0,0,12,0,0,0,722456,l
0,41539,159326,0,0,9824,55718,2792,44,62,165,23250,0,25,15,45,7,0,72,82,18,313,8,0,0,0,0,0,320,5,0,12,0,0,0,710415,l
0,18883,80814,0,0,5185,164345,1736,0,62,91,14771,0,17,8,26,5,0,47,141,13,242,6,0,0,0,0,0,0,8,0,9,0,0,0,716176,l
0,12655,56969,0,0,3814,214581,1248,0,55,78,10433,0,15,7,19,4,0,34,174,9,174,5,0,0,0,0,0,0,7,0,7,0,0,0,701544,l
0,14782,66248,0,0,4339,199157,1297,0,57,82,11474,0,17,5,20,5,0,37,202,12,176,3,0,0,0,0,0,0,8,0,7,0,0,0,704084,l
0,14034,63371,0,0,4419,209366,1349,0,54,79,11121,0,11,4,19,5,0,36,229,8,158,5,0,0,11,0,0,0,11,0,7,0,0,0,697652,l
0,15580,62264,0,0,4530,200101,1383,0,77,67,12405,0,14,7,23,5,0,39,290,11,165,5,0,0,10,0,0,890,10,0,8,0,0,0,704296,l
0,15257,66197,0,0,4869,190570,1416,0,78,69,12739,0,16,8,25,5,0,41,337,10,161,5,0,0,8,0,0,1442,9,0,8,0,5,0,708965,l
2781,50200,200919,0,0,12250,5396,3036,47,58,254,22940,0,19,12,44,9,0,68,55,17,338,8,0,0,0,0,0,251,5,0,12,10,0,0,705277,l
0,53673,205974,0,0,11905,4450,2765,38,57,229,21460,0,20,15,41,7,0,59,47,16,309,8,0,0,0,0,0,250,0,0,12,8,0,0,702404,l
0,52403,203987,0,0,10772,4013,2657,41,54,183,20394,0,19,14,38,6,0,56,43,14,333,8,0,0,0,0,0,302,4,0,11,8,0,0,708199,l
2948,48188,188568,0,0,9641,18132,2399,0,61,148,19656,0,21,12,33,7,0,56,44,14,315,8,0,0,0,0,0,0,4,0,8,10,0,0,713160,l
0,32371,137388,0,0,6786,73442,2035,42,58,133,19081,0,20,11,29,8,0,49,66,15,239,7,0,0,0,0,0,0,4,0,10,11,0,0,731531,l
0,18342,88457,0,0,4484,148169,1535,50,48,105,12857,0,15,9,23,5,0,39,104,10,197,5,0,0,8,0,0,0,6,0,8,0,0,0,727774,l
0,14913,76521,0,0,4163,180506,1345,0,43,80,11138,0,14,0,18,5,0,35,113,8,198,5,0,0,8,0,0,0,8,0,7,0,0,0,712824,l
0,16908,81137,0,0,4392,166756,1351,0,68,92,11560,0,17,5,21,6,0,36,112,9,195,4,0,0,9,0,0,0,7,0,7,0,0,0,719339,l
0,18363,89149,0,0,5116,159084,1488,0,74,87,12784,0,20,9,22,5,0,40,121,9,209,5,0,0,0,0,0,0,8,0,7,0,0,0,715645,l
0,18570,81325,0,0,4754,154316,1701,42,72,119,13753,0,15,5,22,6,0,40,129,10,220,6,0,0,0,12,0,0,8,0,8,0,0,0,727278,l
