step,Alabama,Alaska,Arizona,Arkansas,California,Colorado,Connecticut,Delaware,Florida,Georgia,Hawaii,Idaho,Illinois,Indiana,Iowa,Kansas,Kentucky,Louisiana,Maine,Maryland,Massachusetts,Michigan,Minnesota,Mississippi,Missouri,Montana,Nebraska,Nevada,New Hampshire,New Jersey,New Mexico,New York,North Carolina,North Dakota,Ohio,Oklahoma,Oregon,Pennsylvania,Rhode Island,South Carolina,South Dakota,Tennessee,Texas,Utah,Vermont,Virginia,Washington,West Virginia,Wisconsin,Wyoming
1,61.0,68.9,62.8,60.0,63.5,70.7,66.5,66.0,60.7,66.6,64.1,66.4,66.9,66.2,69.7,68.0,60.9,58.8,66.2,67.7,66.1,66.5,72.7,59.1,68.0,65.3,71.2,67.2,70.2,64.3,59.6,60.1,64.9,68.5,64.5,62.4,65.2,61.6,64.3,62.3,71.0,63.1,65.5,69.9,68.8,66.3,66.1,52.6,70.9,68.3
2,61.0,68.8,62.8,60.0,63.6,70.7,66.6,66.2,60.8,66.7,64.2,66.4,66.9,66.2,69.7,68.0,61.0,58.8,66.4,67.7,66.1,66.6,72.8,59.2,68.0,65.4,71.2,67.3,70.3,64.4,59.6,60.2,65.0,68.5,64.5,62.4,65.3,61.6,64.4,62.4,71.1,63.2,65.5,69.9,68.8,66.3,66.1,52.7,70.9,68.4
3,60.9,68.8,62.7,60.0,63.7,70.7,66.6,66.3,60.9,66.7,64.2,66.4,66.8,66.2,69.6,67.9,61.0,58.8,66.4,67.7,66.1,66.6,72.8,59.2,68.0,65.5,71.3,67.3,70.3,64.4,59.7,60.2,65.0,68.5,64.5,62.3,65.3,61.6,64.3,62.4,71.0,63.1,65.5,69.9,68.8,66.4,66.1,52.8,70.9,68.5
4,60.9,69.1,62.8,59.9,63.7,70.6,66.7,66.5,61.1,66.7,64.6,66.4,66.8,66.1,69.5,67.9,61.0,58.7,66.4,67.7,66.0,66.5,72.8,59.4,68.0,65.4,71.3,67.6,70.4,64.4,59.8,60.2,65.2,68.6,64.5,62.3,65.3,61.6,64.5,62.5,71.1,63.1,65.5,70.0,68.6,66.5,66.0,52.8,70.8,68.6
5,60.8,69.0,62.7,59.8,63.7,70.5,66.6,66.6,61.1,66.6,64.5,66.3,66.7,66.0,69.4,67.7,60.9,58.6,66.3,67.6,65.9,66.4,72.8,59.4,67.9,65.3,71.2,67.5,70.3,64.3,59.8,60.1,65.2,68.6,64.4,62.3,65.2,61.6,64.3,62.5,71.0,63.0,65.4,69.9,68.6,66.4,65.8,52.7,70.7,68.6
6,60.7,68.9,62.6,59.6,63.7,70.3,66.5,66.6,61.1,66.5,64.5,66.2,66.5,65.9,69.3,67.5,60.8,58.4,66.1,67.6,65.8,66.2,72.7,59.3,67.8,65.2,71.1,67.5,70.3,64.2,59.8,60.0,65.1,68.6,64.3,62.2,65.1,61.6,64.2,62.5,70.9,62.9,65.3,69.8,68.4,66.4,65.6,52.7,70.6,68.6
7,60.6,68.8,62.5,59.5,63.7,70.2,66.4,66.7,61.1,66.5,64.4,66.2,66.3,65.8,69.3,67.3,60.7,58.3,65.8,67.5,65.6,66.0,72.6,59.2,67.7,65.1,71.0,67.4,70.2,64.1,59.9,59.9,65.0,68.6,64.2,62.2,65.0,61.6,64.1,62.5,70.8,62.7,65.2,69.8,68.3,66.3,65.5,52.7,70.5,68.6
8,60.5,68.6,62.5,59.4,63.8,70.0,66.3,66.7,61.1,66.4,64.3,66.1,66.2,65.7,69.3,67.2,60.7,58.1,65.6,67.6,65.6,65.8,72.6,59.1,67.6,65.0,70.9,67.4,70.2,64.0,59.9,59.8,64.9,68.5,64.1,62.1,64.9,61.6,63.9,62.6,70.7,62.6,65.2,69.7,68.3,66.3,65.3,52.7,70.4,68.6
9,60.4,68.5,62.5,59.3,63.8,69.9,66.3,66.8,61.1,66.4,64.3,66.1,66.1,65.7,69.4,67.0,60.6,58.1,65.4,67.6,65.6,65.7,72.6,59.0,67.5,64.9,70.9,67.4,70.2,63.9,60.0,59.8,64.9,68.5,64.1,62.1,64.8,61.6,63.8,62.6,70.7,62.6,65.2,69.7,68.3,66.4,65.2,52.7,70.4,68.6
10,60.3,68.4,62.5,59.3,63.9,69.9,66.2,67.0,61.1,66.5,64.4,66.1,65.9,65.6,69.5,67.0,60.6,58.1,65.3,67.7,65.7,65.7,72.7,59.0,67.5,64.9,70.9,67.5,70.3,63.9,60.1,59.8,64.9,68.6,64.1,62.2,64.7,61.7,63.8,62.7,70.8,62.6,65.2,69.6,68.3,66.5,65.2,52.8,70.4,68.7
11,60.3,68.3,62.6,59.3,63.9,69.9,66.1,67.2,61.1,66.5,64.4,66.2,65.8,65.6,69.6,67.0,60.6,58.2,65.3,67.8,65.8,65.6,72.9,59.0,67.5,64.8,71.0,67.5,70.3,63.9,60.2,59.9,64.9,68.7,64.2,62.2,64.7,61.9,63.8,62.8,70.9,62.6,65.3,69.6,68.4,66.7,65.2,52.9,70.4,68.8
12,60.3,68.3,62.7,59.3,64.0,69.8,66.0,67.5,61.2,66.5,64.5,66.3,65.7,65.6,69.6,67.0,60.6,58.3,65.3,67.8,66.0,65.6,73.0,59.0,67.6,64.8,71.1,67.5,70.4,63.9,60.3,59.9,64.9,68.9,64.4,62.3,64.7,62.0,63.8,62.3,71.0,62.6,65.3,69.6,68.5,66.8,65.2,53.0,70.5,68.9
13,60.2,68.3,62.8,59.3,64.0,69.7,65.9,67.7,61.2,66.5,64.5,66.4,65.6,65.6,69.7,67.0,60.6,58.4,65.3,67.8,66.0,65.6,73.1,58.9,67.6,64.7,71.2,67.5,70.4,63.8,60.3,59.9,64.9,69.0,64.5,62.3,64.6,62.1,63.7,61.9,71.1,62.7,65.3,69.6,68.5,66.9,65.1,53.1,70.5,69.0
14,60.2,68.3,62.8,59.2,64.0,69.6,65.7,67.8,61.1,66.4,64.5,66.5,65.5,65.5,69.7,66.9,60.5,58.4,65.2,67.7,66.0,65.5,73.1,58.9,67.5,64.6,71.3,67.5,70.3,63.8,60.3,59.8,64.8,69.1,64.6,62.4,64.4,62.1,63.6,61.4,71.1,62.6,65.2,69.4,68.5,66.8,64.9,53.1,70.5,69.0
15,60.1,68.2,62.8,59.2,63.9,69.4,65.5,67.8,61.1,66.2,64.5,66.6,65.4,65.5,69.7,66.8,60.3,58.4,65.1,67.6,66.0,65.3,73.1,58.8,67.4,64.5,71.3,67.4,70.1,63.7,60.3,59.7,64.6,69.1,64.6,62.3,64.2,62.1,63.5,61.0,71.1,62.5,65.1,69.3,68.4,66.7,64.7,53.1,70.5,69.0
16,59.9,68.2,62.8,59.1,63.7,69.2,65.3,67.8,61.0,66.0,64.4,66.6,65.3,65.4,69.6,66.7,60.1,58.3,65.0,67.4,65.8,65.1,72.9,58.6,67.2,64.4,71.2,67.2,69.8,63.6,60.3,59.5,64.4,69.0,64.5,62.3,64.0,62.1,63.3,60.6,71.0,62.4,65.0,69.1,68.4,66.6,64.5,53.0,70.3,69.0
17,59.7,68.1,62.7,59.0,63.6,69.1,65.1,67.6,60.9,65.8,64.3,66.6,65.2,65.2,69.6,66.6,59.9,58.2,64.9,67.3,65.7,64.9,72.7,58.4,67.1,64.2,71.1,67.1,69.6,63.5,60.2,59.4,64.1,68.9,64.4,62.2,63.8,62.0,63.2,60.2,71.0,62.2,64.9,68.9,68.3,66.4,64.3,52.9,70.2,69.0
18,59.5,68.1,62.6,58.9,63.4,68.9,65.0,67.4,60.7,65.6,64.2,66.6,65.1,65.1,69.6,66.5,59.7,58.1,64.7,67.1,65.6,64.6,72.5,58.2,66.9,64.1,71.0,66.9,69.3,63.4,60.1,59.2,63.9,68.8,64.3,62.2,63.6,61.9,63.1,59.9,70.9,62.0,64.7,68.7,68.3,66.3,64.1,52.8,70.0,68.9
19,59.4,68.1,62.5,58.8,63.2,68.7,64.9,67.2,60.6,65.4,64.1,66.5,64.9,65.0,69.6,66.4,59.5,58.1,64.6,66.9,65.5,64.3,72.4,58.0,66.7,63.9,70.9,66.8,69.0,63.3,60.1,59.1,63.6,68.6,64.2,62.1,63.4,61.8,63.0,59.6,70.8,61.9,64.6,68.5,68.3,66.1,63.9,52.8,69.9,68.9
20,59.2,68.0,62.4,58.7,63.1,68.6,64.8,67.0,60.5,65.2,64.0,66.5,64.7,64.8,69.5,66.3,59.3,58.0,64.5,66.8,65.3,64.0,72.2,57.9,66.5,63.8,70.8,66.6,68.8,63.2,60.0,59.1,63.4,68.5,64.1,62.0,63.2,61.7,63.0,59.4,70.7,61.7,64.4,68.4,68.3,65.9,63.7,52.7,69.7,68.8
21,59.0,67.9,62.2,58.7,62.9,68.5,64.7,66.8,60.3,65.1,63.9,66.4,64.5,64.7,69.4,66.2,59.1,57.9,64.3,66.7,65.2,63.7,72.1,57.7,66.3,63.6,70.7,66.5,68.6,63.2,59.9,59.0,63.2,68.4,64.0,62.0,62.9,61.6,62.9,59.2,70.6,61.6,64.3,68.2,68.2,65.7,63.4,52.6,69.5,68.7
22,58.9,67.7,62.1,58.6,62.8,68.4,64.6,66.6,59.4,65.0,63.7,66.2,64.3,64.6,69.3,66.1,59.0,57.7,64.2,66.6,65.1,63.3,72.0,57.5,66.2,63.5,70.6,66.3,68.5,63.1,59.7,58.9,63.0,68.3,63.9,61.9,62.6,61.5,62.8,59.1,70.5,61.5,64.1,68.0,68.2,65.6,63.2,52.6,69.3,68.6
23,58.7,67.6,62.1,58.6,62.6,68.2,64.6,66.4,59.2,64.9,63.5,66.1,64.0,64.5,69.2,66.1,58.8,57.6,64.0,66.6,65.0,63.0,71.9,57.4,66.0,63.5,70.5,66.2,68.3,63.0,59.7,58.9,62.8,68.2,63.7,61.9,62.4,61.4,62.8,58.9,70.4,61.4,64.0,67.8,68.1,65.5,63.0,52.5,69.1,68.5
24,58.6,67.5,62.0,58.6,62.5,68.1,64.5,66.2,59.1,64.8,63.4,65.9,63.8,64.4,69.2,66.0,58.7,57.4,63.9,66.6,65.0,62.7,71.8,57.3,65.9,63.5,70.4,66.0,68.2,62.9,59.6,58.9,62.6,68.2,63.6,61.9,62.2,61.4,62.8,58.8,70.4,61.4,63.9,67.7,68.1,65.4,62.8,52.5,68.9,68.4
25,58.4,67.4,62.0,58.6,62.5,68.0,64.5,66.0,59.0,64.8,63.3,65.8,63.6,64.3,69.3,66.1,58.6,57.3,63.8,66.7,65.0,62.5,71.7,57.2,65.8,63.5,70.4,65.9,68.2,62.9,59.6,58.9,62.6,68.1,63.4,61.9,62.1,61.4,62.8,58.8,70.4,61.4,63.8,67.6,68.2,65.4,62.6,52.5,68.7,68.3
26,58.4,67.3,62.0,58.7,62.4,68.0,64.6,65.8,58.9,64.7,63.2,65.7,63.4,64.3,69.4,66.1,58.6,57.2,63.8,66.7,65.1,62.3,71.7,57.1,65.8,63.5,70.4,65.8,68.1,62.8,59.6,59.0,62.5,68.1,63.3,61.9,62.2,61.5,62.8,58.8,70.4,61.4,63.8,67.5,68.2,65.4,62.6,52.5,68.6,68.3
27,58.3,67.3,62.0,58.8,62.3,68.0,64.6,65.6,58.9,64.7,63.1,65.6,63.2,64.3,69.6,66.2,58.6,57.2,63.8,66.7,65.2,62.2,71.7,57.1,65.7,63.5,70.4,65.7,68.1,62.8,59.6,59.0,62.5,68.1,63.1,61.8,62.2,61.5,62.9,58.8,70.5,61.5,63.7,67.4,68.3,65.5,62.6,52.4,68.5,68.2
28,58.3,67.2,62.0,58.9,62.3,67.9,64.6,65.5,58.9,64.7,63.1,65.6,62.9,64.3,69.7,66.3,58.6,57.2,63.9,66.7,65.2,62.1,71.7,57.1,65.6,63.5,70.5,65.7,68.2,62.7,59.7,59.1,62.5,68.2,63.0,61.8,62.4,61.6,62.9,58.9,70.5,61.7,63.7,67.3,68.4,65.6,62.6,52.4,68.5,68.2
29,58.3,67.2,62.0,59.0,62.2,67.9,64.7,65.4,58.9,64.8,63.2,65.5,62.7,64.4,69.8,66.4,58.6,57.2,64.0,66.8,65.3,62.0,71.7,57.1,65.6,63.5,70.6,65.6,68.2,62.7,59.7,59.2,62.5,68.2,63.0,61.7,62.5,61.6,63.0,59.0,70.6,61.8,63.8,67.3,68.4,65.6,62.6,52.4,68.4,68.2
30,58.3,67.2,62.1,59.0,62.2,67.9,64.7,65.3,58.9,64.8,63.2,65.5,62.6,64.4,69.9,66.5,58.6,57.2,64.0,66.8,65.2,62.0,71.8,57.2,65.6,63.6,70.7,65.5,68.3,62.7,59.7,59.3,62.5,68.3,62.9,61.7,62.5,61.6,63.1,59.1,70.7,62.0,63.8,67.2,68.4,65.7,62.7,52.4,68.4,68.2
31,58.4,67.1,62.1,59.1,62.2,67.8,64.7,65.2,58.9,64.8,63.2,65.5,62.4,64.5,69.9,66.6,58.6,57.3,64.0,66.8,65.2,62.0,71.9,57.2,65.5,63.6,70.7,65.4,68.3,62.7,59.8,59.4,62.4,68.3,63.0,61.6,62.6,61.6,63.1,59.2,70.8,62.1,63.8,67.2,68.4,65.7,62.7,52.4,68.5,68.2
32,58.4,67.1,62.0,59.1,62.1,67.8,64.6,65.0,58.9,64.8,63.2,65.5,62.3,64.5,69.8,66.6,58.6,57.3,63.9,66.7,65.2,62.0,72.0,57.2,65.5,63.6,70.8,65.4,68.4,62.6,59.8,59.4,62.3,68.3,63.0,61.5,62.6,61.6,63.2,59.2,70.8,62.2,63.8,67.1,68.4,65.7,62.7,52.3,68.5,68.2
33,58.5,67.1,62.0,59.1,62.0,67.8,64.5,64.9,58.9,64.8,63.1,65.4,62.2,64.5,69.7,66.6,58.6,57.2,63.8,66.6,65.1,61.9,72.0,57.3,65.4,63.7,70.9,65.3,68.4,62.6,59.8,59.3,62.2,68.4,63.0,61.4,62.5,61.4,63.2,59.2,70.8,62.2,63.8,67.1,68.3,65.7,62.7,52.2,68.5,68.2
34,58.5,67.1,61.9,59.0,61.9,67.7,64.4,64.6,58.9,64.8,63.1,65.4,62.1,64.4,69.6,66.6,58.5,57.2,63.7,66.4,64.9,61.8,71.9,57.3,65.3,63.7,70.9,65.1,68.3,62.5,59.7,59.3,62.1,68.4,63.0,61.3,62.4,61.2,63.3,59.2,70.8,62.2,63.7,67.0,68.2,65.6,62.6,52.1,68.5,68.2
35,58.5,67.1,61.8,58.9,61.8,67.6,64.2,64.4,58.8,64.7,63.1,65.3,62.0,64.4,69.4,66.6,58.4,57.2,63.6,66.3,64.8,61.7,71.8,57.3,65.2,63.6,70.9,65.0,68.3,62.4,59.7,59.2,61.9,68.4,63.0,61.2,62.3,61.0,63.3,59.1,70.7,62.1,63.7,66.9,68.1,65.6,62.6,52.0,68.5,68.1
36,58.5,67.0,61.7,58.8,61.7,67.6,64.1,64.1,58.8,64.7,63.1,65.2,61.9,64.4,69.2,66.6,58.4,57.1,63.5,66.2,64.6,61.5,71.7,57.3,65.1,63.6,70.9,64.9,68.3,62.4,59.6,59.1,61.8,68.4,63.0,61.1,62.2,60.8,63.4,59.1,70.7,61.9,63.6,66.9,68.0,65.5,62.5,51.9,68.5,68.1
37,58.5,67.0,61.6,58.6,61.6,67.5,64.0,63.8,58.7,64.7,63.1,65.2,61.8,64.3,69.0,66.6,58.4,57.1,63.5,66.1,64.4,61.4,71.6,57.3,65.0,63.5,71.0,64.8,68.2,62.3,59.6,59.0,62.5,68.5,63.0,61.0,62.1,60.6,63.5,59.1,70.6,61.8,63.6,66.8,67.9,65.5,62.4,51.8,68.5,68.1
38,58.5,67.0,61.6,58.6,61.6,67.6,64.0,63.7,58.7,64.8,63.1,65.2,61.8,64.4,68.8,66.6,58.3,57.2,63.4,66.1,64.3,61.2,71.6,57.4,65.0,63.5,71.1,64.7,68.2,62.3,59.6,59.0,62.8,68.5,63.1,60.9,62.0,60.5,63.6,59.2,70.6,61.7,63.6,66.9,67.9,65.5,62.4,51.8,68.5,68.1
39,58.6,67.0,61.6,58.5,61.5,67.6,63.9,63.7,58.6,64.8,63.1,65.2,61.9,64.4,68.5,66.7,58.4,57.2,63.4,66.1,64.2,61.2,71.6,57.5,65.0,63.4,71.1,64.7,68.3,62.3,59.6,58.9,63.0,68.6,63.1,60.9,61.8,60.4,63.7,59.2,70.7,61.6,63.6,66.9,67.9,65.5,62.4,51.7,68.5,68.1
40,58.6,66.9,61.6,58.4,61.5,67.6,63.8,63.7,58.6,64.8,63.0,65.1,61.9,64.4,68.3,66.7,58.4,57.2,63.3,66.1,64.1,61.1,71.6,57.6,65.0,63.4,71.2,64.7,68.3,62.2,59.6,58.9,63.0,68.7,63.1,60.9,61.7,60.4,63.7,59.2,70.7,61.4,63.6,66.9,67.9,65.5,62.4,51.7,68.5,68.2
41,58.5,66.8,61.6,58.4,61.4,67.7,63.7,63.7,58.5,64.8,62.9,65.0,61.9,64.4,68.1,66.7,58.4,57.1,63.2,66.1,64.0,61.0,71.5,57.6,64.9,63.3,71.1,64.6,68.2,62.2,59.5,58.7,62.9,68.8,63.0,60.8,61.5,60.4,63.7,59.2,70.7,61.2,63.5,66.9,67.8,65.4,62.3,51.6,68.4,68.2
42,58.5,66.7,61.6,58.3,61.3,67.7,63.6,63.7,58.5,64.8,62.9,64.8,61.9,64.3,67.9,66.6,58.4,57.0,63.2,66.0,64.0,60.9,71.4,57.7,64.8,63.2,71.0,64.5,68.1,62.1,59.5,58.6,62.8,68.9,62.9,60.7,61.4,60.3,63.5,59.2,70.6,61.0,63.4,66.9,67.8,65.4,62.3,51.6,68.2,68.2
43,58.4,66.6,61.5,58.3,61.2,67.7,63.5,63.8,58.5,64.7,62.8,64.7,61.8,64.2,67.8,66.6,58.3,56.9,63.1,65.9,64.0,60.9,71.3,57.7,64.7,63.1,71.0,64.4,68.1,62.1,59.4,58.4,62.8,69.0,62.8,60.7,61.4,60.3,63.4,59.1,70.6,60.9,63.3,66.9,67.7,65.4,62.3,51.6,68.1,68.2
44,58.4,66.5,61.5,58.3,61.2,67.7,63.5,63.9,58.4,64.7,62.7,64.6,61.8,64.2,67.8,66.6,58.4,56.9,63.1,65.9,64.0,60.8,71.2,57.8,64.6,63.1,70.9,64.3,68.0,62.1,59.4,58.3,62.7,69.1,62.7,60.6,61.4,60.3,63.3,59.1,70.5,60.7,63.3,66.9,67.8,65.3,62.4,51.6,68.0,68.2
45,58.4,66.5,61.5,58.3,61.2,67.8,63.5,63.9,58.5,64.7,62.7,64.6,61.8,64.1,67.9,66.6,58.5,56.9,63.2,65.8,64.0,60.8,71.1,57.9,64.5,63.1,71.0,64.3,68.0,62.2,59.4,58.3,62.7,69.3,62.6,60.6,61.5,60.4,63.2,59.1,70.5,60.7,63.2,66.9,67.8,65.3,62.4,51.6,68.0,68.3
46,58.4,66.4,61.6,58.4,61.2,67.9,63.5,64.0,58.5,64.7,62.7,64.6,61.8,64.0,68.0,66.7,58.5,57.0,63.3,65.8,64.0,60.9,71.1,58.0,64.5,63.1,71.0,64.2,68.1,62.2,59.4,58.3,62.8,69.4,62.5,60.6,61.5,60.5,63.2,59.2,70.5,60.7,63.2,67.0,67.9,65.3,62.5,51.7,68.0,68.3
47,58.5,66.4,61.6,58.4,61.2,68.0,63.5,64.1,58.6,64.7,62.7,64.7,61.9,64.0,68.0,66.8,58.6,57.0,63.3,65.8,64.1,60.9,71.1,58.1,64.5,63.2,71.1,64.2,68.1,62.3,59.4,58.3,62.8,69.5,62.5,60.6,61.5,60.6,63.1,59.3,70.6,60.8,63.2,67.0,68.0,65.3,62.6,51.7,68.1,68.3
48,58.5,66.4,61.7,58.5,61.3,68.1,63.6,64.2,58.7,64.7,62.7,64.7,61.9,63.9,68.0,66.9,58.6,57.1,63.4,65.8,64.1,61.0,71.1,58.1,64.5,63.2,71.2,64.2,68.1,62.4,59.5,58.4,62.8,69.6,62.5,60.7,61.5,60.6,63.1,59.3,70.6,60.9,63.2,67.1,68.1,65.3,62.6,51.7,68.1,68.4
49,58.5,66.4,61.7,58.5,61.3,68.2,63.5,64.2,58.9,64.6,62.7,64.7,62.0,63.8,68.0,67.0,58.6,57.1,63.4,65.7,64.2,61.1,71.1,58.1,64.5,63.3,71.2,64.2,68.2,62.5,59.5,58.4,62.8,69.6,62.5,60.7,61.5,60.7,63.0,59.4,70.6,60.9,63.2,67.2,68.2,65.3,62.7,51.8,68.1,68.4
50,58.6,66.3,61.7,58.6,61.3,68.4,63.5,64.2,59.0,64.5,62.7,64.7,62.1,63.7,67.9,67.1,58.7,57.1,63.3,65.6,64.2,61.1,71.1,58.1,64.5,63.3,71.2,64.2,68.2,62.5,59.5,58.4,62.7,69.7,62.5,60.8,61.5,60.8,62.9,59.4,70.6,61.0,63.2,67.3,68.2,65.2,62.8,51.9,68.1,68.4
51,58.6,66.2,61.7,58.6,61.3,68.5,63.4,64.1,59.0,64.4,62.7,64.7,62.1,63.6,67.9,67.1,58.7,57.1,63.3,65.5,64.2,61.1,71.0,58.1,64.4,63.4,71.2,64.1,68.2,62.5,59.5,58.6,62.6,69.7,62.5,60.8,61.5,60.8,62.8,59.4,70.6,60.9,63.2,67.3,68.1,65.1,62.9,51.9,68.1,68.4
52,58.7,66.2,61.6,58.6,61.3,68.6,63.3,63.9,59.1,64.4,62.7,64.8,62.2,63.6,67.8,67.2,58.7,57.1,63.2,65.4,64.1,61.1,71.0,58.1,64.4,63.6,71.2,64.1,68.2,62.6,59.5,58.8,62.6,69.8,62.5,60.9,61.5,60.8,62.8,59.5,70.5,60.9,63.2,67.4,68.1,65.1,62.9,51.9,68.0,68.4
53,58.7,66.1,61.6,58.7,61.4,68.7,63.3,63.8,59.2,64.3,62.8,64.8,62.2,63.6,67.8,67.2,58.7,57.1,63.2,65.4,64.1,61.0,70.9,58.0,64.3,63.6,71.3,64.1,68.2,62.6,59.5,58.9,62.6,69.8,62.5,60.9,61.6,60.8,62.7,59.5,70.5,60.7,63.2,67.4,68.1,65.1,63.0,51.9,68.0,68.4
54,58.7,66.2,61.6,58.8,61.4,68.8,63.3,63.7,59.2,64.3,62.8,64.9,62.3,63.5,67.8,67.3,58.7,57.2,63.1,65.3,64.0,61.0,70.9,58.0,64.3,63.7,71.3,64.1,68.3,62.6,59.5,59.1,62.6,69.9,62.5,61.0,61.6,60.9,62.8,59.6,70.5,60.6,63.3,67.5,68.1,65.0,63.0,51.9,68.0,68.4
55,58.7,66.2,61.6,58.9,61.5,68.8,63.3,63.6,59.3,64.3,62.8,65.0,62.3,63.5,67.8,67.3,58.7,57.3,63.1,65.3,64.0,61.0,70.9,57.9,64.3,63.7,71.3,64.1,68.3,62.6,59.5,59.2,62.6,69.9,62.5,61.1,61.6,60.9,62.8,59.7,70.5,60.4,63.3,67.6,68.1,65.1,63.1,52.0,67.9,68.4
56,58.7,66.3,61.6,59.0,61.5,68.9,63.2,63.5,59.3,64.2,62.8,65.1,62.4,63.4,67.8,67.3,58.6,57.4,63.1,65.3,63.9,61.0,70.8,57.7,64.2,63.7,71.2,64.1,68.4,62.6,59.5,59.4,62.6,69.9,62.5,61.2,61.5,61.0,62.8,59.7,70.4,60.2,63.4,67.7,68.0,65.1,63.2,52.0,67.9,68.4
57,58.6,66.4,61.5,59.1,61.6,68.9,63.2,63.4,59.4,64.2,62.9,65.2,62.4,63.3,67.7,67.2,58.6,57.5,63.1,65.3,63.8,61.0,70.8,57.6,64.2,63.7,71.1,64.1,68.5,62.7,59.5,59.5,62.5,69.9,62.5,61.2,61.4,61.0,62.9,59.6,70.4,60.0,63.4,67.8,68.0,65.1,63.2,52.0,67.8,68.4
58,58.5,66.5,61.4,59.2,61.6,68.8,63.2,63.3,59.4,64.1,63.0,65.3,62.5,63.3,67.7,67.2,58.5,57.5,63.0,65.3,63.7,61.0,70.8,57.4,64.1,63.7,71.0,64.1,68.5,62.7,59.5,59.5,62.4,69.9,62.4,61.3,61.3,61.1,62.9,59.5,70.3,59.8,63.4,67.9,67.9,65.1,63.3,51.9,67.6,68.4
59,58.5,66.5,61.3,59.3,61.6,68.8,63.1,63.2,59.5,64.0,63.0,65.5,62.5,63.2,67.7,67.1,58.4,57.6,63.0,65.3,63.7,61.0,70.7,57.3,64.1,63.7,70.9,64.1,68.5,62.7,59.5,59.5,62.4,69.8,62.4,61.3,61.3,61.1,62.9,59.5,70.3,59.5,63.4,68.0,67.8,65.2,63.3,51.9,67.5,68.4
60,58.5,66.6,61.2,59.4,61.6,68.7,63.1,63.2,59.6,64.0,63.1,65.7,62.5,63.2,67.8,67.1,58.4,57.6,63.0,65.3,63.6,60.9,70.5,57.3,64.1,63.7,70.9,64.2,68.5,62.7,59.6,59.5,62.3,69.8,62.3,61.3,61.3,61.1,63.0,59.3,70.2,59.4,63.5,68.1,67.7,65.2,63.4,51.9,67.4,68.5
61,58.5,66.6,61.2,59.5,61.7,68.7,63.2,63.2,59.7,64.0,63.2,65.9,62.6,63.3,67.9,67.0,58.4,57.7,63.0,65.3,63.6,60.9,70.4,57.3,64.1,63.7,70.8,64.2,68.5,62.8,59.6,59.6,62.3,69.8,62.3,61.3,61.3,61.1,63.1,59.2,70.2,59.2,63.5,68.2,67.7,65.3,63.5,52.0,67.3,68.5
62,58.6,66.7,61.1,59.6,61.7,68.7,63.3,63.3,59.8,64.0,63.3,66.1,62.6,63.3,68.0,67.0,58.4,57.7,63.0,65.3,63.6,61.0,70.4,57.3,64.1,63.7,70.8,64.3,68.6,62.8,59.6,59.6,62.4,69.9,62.4,61.4,61.4,61.2,63.2,59.1,70.2,59.2,63.5,68.4,67.8,65.4,63.5,52.0,67.3,68.6
63,58.6,66.8,61.1,59.7,61.8,68.7,63.4,63.6,60.0,64.1,63.5,66.2,62.7,63.4,68.2,67.0,58.4,57.8,63.1,65.5,63.6,61.0,70.4,57.3,64.1,63.7,70.8,64.4,68.6,63.0,59.7,59.6,62.4,69.9,62.5,61.5,61.4,61.2,63.4,59.1,70.2,59.1,63.6,68.6,67.8,65.5,63.7,52.1,67.3,68.7
64,58.7,66.8,61.1,59.8,61.9,68.7,63.5,63.8,60.2,64.2,63.6,66.4,62.7,63.6,68.3,67.0,58.5,57.9,63.2,65.6,63.7,61.1,70.4,57.3,64.2,63.8,70.7,64.5,68.7,63.1,59.7,59.7,62.5,70.0,62.6,61.5,61.5,61.3,63.6,59.0,70.3,59.2,63.6,68.8,67.9,65.7,63.8,52.2,67.3,68.9
65,58.8,66.9,61.2,59.9,62.0,68.8,63.7,64.0,60.3,64.3,63.8,66.5,62.8,63.7,68.5,67.0,58.5,57.9,63.4,65.8,63.7,61.1,70.5,57.4,64.2,63.8,70.7,64.7,68.7,63.3,59.8,59.8,62.5,70.1,62.7,61.6,61.5,61.3,63.8,59.0,70.3,59.3,63.7,69.0,68.0,65.8,63.9,52.3,67.3,69.0
66,58.9,66.9,61.2,60.0,62.1,68.8,63.8,64.2,60.5,64.4,64.0,66.6,62.9,63.8,68.6,67.0,58.6,57.9,63.5,65.9,63.8,61.2,70.5,57.4,64.3,63.9,70.7,64.8,68.8,63.4,59.9,59.9,62.5,70.1,62.8,61.6,61.5,61.4,63.9,59.0,70.3,59.4,63.7,69.2,68.1,66.0,64.0,52.4,67.4,69.1
67,59.0,66.9,61.2,60.0,62.2,68.9,64.0,64.4,60.7,64.4,64.2,66.6,62.9,63.9,68.7,67.0,58.6,57.8,63.6,66.0,63.8,61.2,70.5,57.5,64.3,64.0,70.7,64.9,68.8,63.5,59.9,60.0,62.5,70.2,62.9,61.7,61.5,61.4,64.1,59.2,70.3,59.5,63.7,69.4,68.2,66.0,64.0,52.5,67.4,69.2
68,59.0,66.8,61.2,60.0,62.2,68.9,64.0,64.5,60.8,64.4,64.3,66.6,63.0,63.9,68.7,67.0,58.6,57.5,63.6,66.1,63.8,61.2,70.4,57.4,64.3,64.1,70.7,65.0,68.7,63.5,59.9,60.1,62.5,70.2,62.9,61.6,61.5,61.4,64.2,59.4,70.3,59.5,63.6,69.5,68.2,66.1,64.1,52.5,67.4,69.3
69,59.0,66.7,61.1,59.8,62.2,68.9,64.1,64.6,60.9,64.4,64.3,66.6,63.1,64.0,68.8,67.0,58.5,60.9,63.6,66.1,63.7,61.2,70.3,55.0,64.3,64.2,70.7,65.0,68.7,63.5,59.9,60.1,62.5,70.2,62.9,61.5,61.4,61.3,64.2,59.6,70.3,59.6,63.4,69.5,68.3,66.1,64.1,52.5,67.4,69.3
70,58.9,66.5,61.0,59.9,62.1,68.9,64.1,64.7,60.8,64.3,64.2,66.5,63.1,64.0,68.7,66.9,58.4,60.6,63.5,66.1,63.6,61.1,70.1,55.9,64.2,64.2,70.5,65.0,68.5,63.4,59.8,60.1,62.5,70.2,62.9,61.5,61.4,61.2,64.2,59.7,70.2,59.6,63.4,69.6,68.3,66.0,64.0,52.5,67.4,69.2
71,58.9,66.4,61.0,59.8,62.0,69.0,64.2,64.8,60.9,64.3,64.2,66.4,63.1,64.0,68.8,66.9,58.3,60.4,63.5,66.1,63.6,61.0,70.1,55.9,64.2,64.2,70.5,65.0,68.5,63.3,59.7,60.1,62.5,70.2,62.9,61.5,61.4,61.2,64.2,59.9,70.1,59.7,63.4,69.6,68.4,66.1,64.0,52.6,67.3,69.2
72,58.9,66.4,61.0,59.8,62.0,69.1,64.3,64.8,60.9,64.4,64.1,66.4,63.2,64.1,68.9,66.9,58.3,60.2,63.5,66.2,63.6,60.9,70.0,55.8,64.2,64.2,70.4,65.0,68.5,63.3,59.7,60.1,62.5,70.3,63.0,61.4,61.4,61.2,64.3,60.0,70.1,59.7,63.4,69.7,68.4,66.1,64.1,52.7,67.3,69.2
73,58.9,66.3,61.1,59.8,62.0,69.3,64.5,64.9,61.0,64.4,64.1,66.3,63.4,64.2,69.1,66.9,58.4,60.2,63.5,66.3,63.6,60.9,70.0,55.8,64.2,64.3,70.4,65.1,68.4,63.3,59.8,60.2,62.6,70.4,63.1,61.4,61.5,61.2,64.3,60.1,70.1,59.9,63.4,69.8,68.5,66.2,64.1,52.8,67.4,69.3
74,58.9,66.3,61.1,59.8,62.0,69.4,64.6,64.9,61.1,64.5,64.1,66.3,63.5,64.2,69.3,66.9,58.5,60.2,63.5,66.4,63.6,60.8,70.0,55.8,64.2,64.4,70.5,65.2,68.4,63.3,59.8,60.2,62.7,70.6,63.2,61.3,61.6,61.3,64.4,60.5,70.1,60.1,63.4,69.9,68.5,66.2,64.2,52.9,67.4,69.4
75,58.9,66.4,61.2,59.8,62.1,69.6,64.7,64.9,61.2,64.5,64.1,66.2,63.7,64.2,69.5,66.9,58.5,60.2,63.5,66.5,63.6,60.8,70.0,55.8,64.2,64.5,70.5,65.4,68.4,63.4,59.9,60.3,62.8,70.7,63.3,61.3,61.7,61.3,64.4,60.5,70.1,60.3,63.4,70.1,68.5,66.3,64.2,53.0,67.5,69.5
76,59.0,66.4,61.3,59.7,62.1,69.7,64.8,64.8,61.3,64.5,64.2,66.2,63.9,64.2,69.6,67.0,58.6,60.1,63.5,66.6,63.7,60.7,69.9,55.7,64.3,64.7,70.5,65.5,68.4,63.4,59.9,60.3,62.9,70.8,63.4,61.2,61.8,61.4,64.5,60.5,70.2,60.5,63.3,70.2,68.5,66.3,64.3,53.0,67.6,69.6
77,59.0,66.5,61.3,59.6,62.1,69.8,64.9,64.8,61.4,64.6,64.3,66.1,64.1,64.2,69.7,67.2,58.7,60.1,63.5,66.6,63.7,60.6,69.8,55.7,64.3,64.8,70.5,65.6,68.4,63.5,59.9,60.3,62.9,70.9,63.5,61.2,61.8,61.4,64.6,60.4,70.2,60.7,63.3,70.3,68.5,66.4,64.3,53.0,67.6,69.7
78,59.1,66.5,61.3,59.5,62.1,69.8,64.9,64.7,61.4,64.6,64.3,66.1,64.2,64.1,69.7,67.3,58.7,60.0,63.5,66.6,63.8,60.6,69.8,55.7,64.3,64.9,70.6,65.7,68.4,63.5,59.9,60.2,63.0,71.0,63.6,61.2,61.9,61.4,64.6,60.4,70.3,60.9,63.2,70.5,68.5,66.4,64.3,53.0,67.6,69.7
79,59.1,66.5,61.4,59.4,62.2,69.9,65.0,64.7,61.5,64.7,64.5,66.1,64.4,64.0,69.7,67.5,58.8,60.0,63.5,66.6,63.9,60.5,69.7,55.7,64.4,64.9,70.6,65.8,68.4,63.5,59.9,60.2,63.0,71.1,63.7,61.2,61.9,61.4,64.7,60.4,70.3,61.0,63.2,70.6,68.5,66.4,64.3,53.0,67.7,69.8
80,59.2,66.5,61.5,59.4,62.2,69.9,65.0,64.7,61.6,64.8,64.6,66.1,64.6,64.0,69.7,67.6,58.9,59.9,63.5,66.6,63.9,60.4,69.7,55.8,64.4,64.8,70.7,66.0,68.4,63.6,59.9,60.2,63.1,71.3,63.8,61.2,62.0,61.5,64.8,60.5,70.3,61.2,63.3,70.7,68.5,66.4,64.4,53.0,67.7,69.9
81,59.3,66.5,61.5,59.4,62.2,70.0,65.1,64.7,61.7,64.9,64.7,66.1,64.7,64.0,69.7,67.8,59.1,59.9,63.6,66.7,64.0,60.4,69.7,55.8,64.5,64.8,70.7,66.1,68.5,63.7,60.0,60.1,63.1,71.4,63.9,61.2,62.0,61.5,64.8,60.6,70.4,61.3,63.3,70.9,68.5,66.5,64.4,53.0,67.7,69.9
82,59.4,66.5,61.6,59.3,62.3,70.1,65.2,64.8,61.8,64.9,64.8,66.2,64.8,64.0,69.8,67.9,59.2,59.9,63.6,66.7,64.0,60.3,69.7,55.9,64.5,64.8,70.8,66.3,68.5,63.7,60.0,60.1,63.1,71.6,63.9,61.2,62.1,61.6,64.9,60.7,70.4,61.4,63.3,71.1,68.5,66.5,64.5,53.1,67.7,70.0
83,59.4,66.5,61.7,59.4,62.4,70.1,65.3,64.8,61.9,65.0,64.9,66.2,64.8,64.0,69.8,68.1,59.3,59.8,63.7,66.7,64.0,60.3,69.6,56.0,64.5,64.9,70.8,66.4,68.5,63.8,60.0,60.1,63.1,71.8,64.0,61.2,62.2,61.7,65.0,60.8,70.5,61.5,63.4,71.2,68.5,66.6,64.6,53.1,67.7,70.1
84,59.4,66.5,61.7,59.4,62.4,70.1,65.4,64.8,61.9,65.0,64.8,66.2,64.8,64.0,69.8,68.1,59.4,59.8,63.7,66.7,64.1,60.3,69.6,56.0,64.5,65.0,70.9,66.5,68.5,63.8,60.1,60.1,63.1,71.9,64.0,61.2,62.3,61.7,65.1,60.9,70.5,61.6,63.3,71.3,68.4,66.7,64.6,53.1,67.7,70.2
85,59.4,66.5,61.6,59.4,62.4,70.1,65.5,64.7,61.9,65.0,64.7,66.2,64.8,63.8,69.7,68.1,59.4,59.7,63.6,66.7,64.1,60.2,69.6,55.9,64.5,65.2,70.8,66.5,68.4,63.8,60.1,60.1,63.1,72.0,64.0,61.2,62.3,61.7,65.1,60.9,70.4,61.6,63.3,71.4,68.3,66.7,64.7,53.1,67.7,70.3
86,59.3,66.4,61.5,59.3,62.4,70.1,65.5,64.6,61.9,65.0,64.6,66.2,64.7,63.7,69.6,68.0,59.3,59.6,63.6,66.6,64.0,60.1,69.5,55.8,64.4,65.3,70.8,66.5,68.4,63.7,60.0,60.0,63.0,72.0,64.0,61.2,62.3,61.7,65.1,60.8,70.4,61.5,63.2,71.4,68.1,66.7,64.7,53.0,67.6,70.3
87,59.1,66.3,61.4,59.2,62.3,70.1,65.5,64.5,61.8,64.9,64.4,66.2,64.6,63.5,69.5,68.0,59.2,59.4,63.4,66.5,64.0,60.0,69.3,55.8,64.3,65.3,70.8,66.4,68.3,63.6,60.0,59.9,62.9,71.9,64.0,61.1,62.2,61.7,65.1,60.6,70.3,61.4,63.1,71.3,68.0,66.7,64.8,52.9,67.6,70.2
88,59.0,66.2,61.3,59.1,62.3,70.0,65.5,64.3,61.8,64.8,64.2,66.2,64.6,63.3,69.4,67.9,59.1,59.2,63.3,66.5,64.0,59.9,69.2,55.7,64.2,65.2,70.8,66.3,68.3,63.6,59.9,59.8,62.7,71.9,64.0,61.0,62.1,61.6,65.0,60.5,70.2,61.3,63.0,71.3,67.9,66.7,64.8,52.9,67.5,70.2
89,58.9,66.1,61.2,59.0,62.2,70.0,65.5,64.2,61.6,64.7,64.0,66.1,64.6,63.1,69.3,67.8,59.0,59.0,63.1,66.4,63.9,59.8,69.1,55.7,64.1,65.1,70.7,66.2,68.3,63.5,59.9,59.8,62.6,71.8,63.9,60.9,62.0,61.6,64.9,60.3,70.1,61.2,62.9,71.2,67.7,66.7,64.8,52.9,67.5,70.1
90,58.8,66.0,61.1,58.9,62.2,70.1,65.5,64.2,61.5,64.6,63.9,66.0,64.6,63.0,69.3,67.8,58.8,58.8,63.0,66.4,63.9,59.7,68.9,55.7,64.0,65.0,70.7,66.2,68.2,63.5,59.8,59.7,62.5,71.8,63.8,60.8,61.8,61.6,64.8,60.1,70.1,61.0,62.9,71.1,67.6,66.6,64.8,52.9,67.4,70.1
91,58.7,66.0,60.9,58.8,62.2,70.1,65.5,64.1,61.4,64.6,63.7,65.9,64.7,62.9,69.3,67.8,58.7,58.8,62.9,66.4,63.8,59.6,68.8,55.8,64.0,64.9,70.8,66.1,68.2,63.5,59.7,59.7,62.4,71.8,63.8,60.8,61.7,61.6,64.7,59.9,70.0,60.9,62.8,71.0,67.4,66.6,64.8,53.0,67.4,70.1
92,58.6,66.1,60.9,58.8,62.1,70.1,65.5,64.1,61.3,64.5,63.6,65.8,64.7,62.8,69.3,67.8,58.6,58.8,62.8,66.5,63.8,59.5,68.7,55.9,63.9,64.9,70.8,66.0,68.2,63.5,59.7,59.7,62.3,71.8,63.7,60.8,61.7,61.6,64.6,59.7,70.0,60.8,62.8,70.9,67.3,66.7,64.8,53.0,67.3,70.1
93,58.6,66.1,60.8,58.8,62.1,70.2,65.5,64.1,61.2,64.5,63.6,65.6,64.7,62.9,69.3,67.8,58.5,58.9,62.9,66.5,63.7,59.5,68.6,56.0,63.8,64.9,70.8,66.0,68.2,63.5,59.8,59.7,62.2,71.8,63.7,60.8,61.7,61.6,64.5,59.5,69.9,60.7,62.8,70.9,67.2,66.7,64.9,53.1,67.3,70.1
94,58.5,66.2,60.7,58.8,62.0,70.2,65.5,64.1,61.1,64.5,63.6,65.4,64.7,62.9,69.4,67.7,58.5,58.9,62.9,66.6,63.7,59.4,68.5,56.1,63.8,64.9,70.8,66.0,68.3,63.5,59.8,59.8,62.2,71.9,63.6,60.8,61.8,61.6,64.4,59.4,69.9,60.6,62.8,70.8,67.2,66.7,64.9,53.1,67.3,70.1
95,58.5,66.2,60.6,58.9,62.0,70.2,65.5,64.1,61.1,64.5,63.6,65.2,64.8,63.0,69.5,67.7,58.4,59.0,63.0,66.7,63.7,59.3,68.5,56.1,63.7,64.9,70.9,66.0,68.3,63.6,59.8,59.8,62.1,72.0,63.6,60.9,61.8,61.7,64.3,59.3,69.9,60.4,62.8,70.8,67.1,66.7,65.0,53.1,67.3,70.2
96,58.4,66.3,60.6,58.9,61.9,70.1,65.5,64.1,61.0,64.4,63.7,65.0,64.8,63.1,69.5,67.7,58.3,59.0,63.0,66.7,63.7,59.3,68.5,56.2,63.7,64.9,70.9,65.9,68.3,63.6,59.9,59.9,62.1,72.1,63.7,61.0,61.9,61.7,64.1,59.2,69.9,60.3,62.8,70.7,67.1,66.8,65.0,53.1,67.4,70.3
97,58.3,66.3,60.5,59.0,61.8,70.1,65.5,64.1,60.9,64.4,63.8,64.8,64.8,63.2,69.6,67.7,58.3,59.0,63.1,66.8,63.7,59.2,68.4,56.2,63.6,64.9,70.9,65.9,68.3,63.6,59.9,59.9,62.0,72.3,63.6,61.0,61.9,61.7,63.9,59.0,69.9,60.2,62.8,70.5,67.1,66.8,65.1,53.2,67.5,70.3
98,58.1,66.4,60.4,59.0,61.8,70.0,65.4,64.1,60.7,64.4,63.9,64.6,64.7,63.2,69.6,67.7,58.2,59.0,63.1,66.8,63.7,59.1,68.4,56.1,63.5,64.9,70.9,65.7,68.3,63.6,59.9,59.9,61.9,72.4,63.6,61.1,61.9,61.8,63.7,58.9,69.9,60.1,62.9,70.4,67.1,66.9,65.1,53.2,67.5,70.3
99,57.9,66.4,60.4,59.0,61.7,69.8,65.4,64.0,60.6,64.3,63.9,64.4,64.5,63.2,69.6,67.7,58.1,58.9,63.1,66.8,63.6,59.0,68.3,56.0,63.4,64.8,70.9,65.6,68.3,63.6,59.9,59.9,61.8,72.4,63.5,61.2,61.9,61.8,63.5,58.8,69.9,60.0,62.8,70.2,67.1,66.9,65.1,53.2,67.5,70.3
100,57.7,66.5,60.3,59.0,61.5,69.6,65.3,63.8,60.4,64.3,63.8,64.2,64.3,63.1,69.6,67.7,58.0,58.9,63.0,66.8,63.6,58.8,68.2,55.8,63.3,64.7,70.9,65.4,68.3,63.5,59.8,59.8,61.7,72.4,63.4,61.2,61.8,61.8,63.3,58.7,69.8,59.8,62.8,70.0,67.0,67.0,65.0,53.2,67.5,70.3
101,57.5,66.5,60.1,59.0,61.4,69.5,65.2,63.6,60.1,64.2,63.7,64.0,64.0,63.0,69.6,67.6,57.9,58.8,63.0,66.7,63.5,58.6,68.2,55.6,63.2,64.5,70.8,65.2,68.3,63.5,59.8,59.8,61.5,72.4,63.2,61.3,61.7,61.8,63.0,58.6,69.8,59.6,62.8,69.8,67.0,66.9,65.0,53.2,67.4,70.2
102,57.3,66.5,60.0,58.9,61.2,69.2,65.1,63.4,59.9,64.1,63.5,63.8,63.6,63.0,69.6,67.6,57.8,58.8,62.9,66.6,63.4,58.4,68.1,55.4,63.0,64.4,70.8,65.0,68.2,63.4,59.8,59.8,61.4,72.4,63.0,61.3,61.7,61.8,62.8,58.4,69.7,59.5,62.8,69.5,66.9,66.9,64.9,53.2,67.3,70.2
103,57.0,66.4,59.9,58.9,61.1,69.0,65.0,63.1,59.7,64.0,63.3,63.6,63.3,62.9,69.6,67.5,57.7,58.8,62.7,66.5,63.4,58.1,68.1,55.1,62.8,64.3,70.7,64.7,68.1,63.3,59.7,59.8,61.3,72.4,62.8,61.3,61.6,61.8,62.6,58.2,69.6,59.3,62.7,69.3,66.9,66.9,64.8,53.1,67.2,70.2
104,56.8,66.3,59.8,58.8,60.9,68.8,64.9,62.8,59.4,63.9,63.0,63.4,63.0,62.7,69.6,67.5,57.5,58.8,62.5,66.3,63.3,57.9,68.1,54.9,62.7,64.2,70.6,64.5,68.0,63.2,59.7,59.8,61.2,72.3,62.7,61.3,61.5,61.8,62.3,58.1,69.5,59.2,62.6,69.0,66.9,66.8,64.7,53.1,67.1,70.1
105,56.5,66.2,59.7,58.6,60.7,68.6,64.8,62.5,59.1,61.5,62.7,63.2,62.7,62.5,69.6,67.4,57.4,58.7,62.3,66.1,63.2,57.5,68.0,54.7,62.5,64.0,70.5,64.2,67.9,63.1,59.5,59.7,61.1,72.2,62.4,61.3,61.4,61.7,62.1,57.9,69.4,59.0,62.5,68.7,66.8,66.6,64.5,53.0,66.9,70.0
106,56.2,66.0,59.5,58.4,60.5,68.3,64.6,62.2,58.8,60.7,62.3,62.9,62.4,62.1,69.4,67.3,57.1,58.6,61.9,65.9,63.0,57.1,67.8,54.4,62.3,63.7,70.4,63.8,67.7,62.9,59.4,59.6,60.9,72.0,62.2,61.2,61.0,61.5,61.8,57.6,69.3,58.8,62.4,68.3,66.9,66.4,64.3,52.9,66.7,69.8
107,55.8,65.8,59.2,58.2,60.2,68.0,64.4,61.8,58.3,60.3,62.0,62.5,62.0,61.6,69.2,67.2,56.9,58.4,61.6,65.6,62.7,56.7,67.6,54.2,62.0,63.3,70.2,63.4,67.4,62.7,59.1,59.4,60.4,71.8,61.8,61.0,60.6,61.3,61.5,57.3,69.2,58.5,62.2,67.9,66.9,66.1,64.0,52.7,66.5,69.6
108,55.5,65.6,58.9,57.9,59.8,67.7,64.2,61.3,57.9,60.0,61.5,62.2,61.7,61.1,68.9,67.1,56.6,58.1,61.2,65.4,62.4,56.3,67.3,53.9,61.8,62.8,70.0,62.9,67.1,62.4,58.7,59.2,59.8,71.5,61.4,60.8,60.1,61.0,61.2,56.9,69.1,58.1,62.0,67.4,66.8,65.8,63.6,52.5,66.1,69.3
109,55.1,65.4,58.6,57.6,59.5,67.3,64.0,60.8,57.4,59.8,61.1,61.8,61.3,60.5,68.5,67.0,56.3,57.8,60.9,65.1,62.1,55.9,67.0,53.6,61.5,62.3,69.8,62.5,66.8,62.1,58.3,59.0,59.3,71.2,60.9,60.5,59.5,60.6,60.9,56.5,68.9,57.6,61.8,66.9,66.8,65.4,63.2,52.2,65.7,68.9
110,54.8,65.2,58.2,57.3,59.1,66.9,63.7,60.3,56.9,59.6,60.7,61.5,60.9,60.0,68.1,66.8,56.0,57.5,60.6,64.8,61.7,55.5,66.7,53.3,61.3,61.8,69.6,62.0,66.5,61.8,57.9,58.7,58.7,70.9,60.4,60.3,59.1,60.3,60.7,56.2,68.7,57.0,61.5,66.4,66.7,65.1,62.7,52.0,65.2,68.5
111,54.5,65.0,57.9,57.1,58.8,66.6,63.5,59.8,56.5,59.4,60.4,61.2,60.7,59.6,67.8,66.7,55.8,57.3,60.4,64.6,61.5,55.1,66.4,53.0,61.1,61.4,69.5,61.6,66.3,61.6,57.6,58.0,58.3,70.7,60.0,60.1,58.7,60.0,60.5,55.8,68.6,56.6,61.4,65.9,66.7,64.8,62.3,51.7,64.9,68.1
112,54.2,64.9,57.7,57.0,58.5,66.3,63.4,59.4,56.2,59.2,60.2,60.9,60.5,59.3,67.5,66.6,55.6,57.1,60.2,64.5,61.3,54.8,66.3,52.8,60.9,61.2,69.4,61.2,66.0,61.5,57.4,57.9,57.9,70.6,59.6,60.0,58.5,59.8,60.3,55.6,68.5,56.2,61.2,65.5,66.7,64.6,62.0,51.6,64.6,67.8
113,53.9,64.8,57.4,56.9,58.3,66.0,63.3,59.1,55.9,59.1,60.1,60.8,60.3,59.0,67.4,66.5,55.5,57.0,60.1,64.3,61.1,54.5,66.2,52.6,60.7,61.0,69.3,60.9,65.8,61.4,57.1,57.8,57.7,70.6,59.4,59.9,58.4,59.6,60.3,55.3,68.4,55.9,61.2,65.2,66.9,64.5,61.7,51.4,64.4,67.6
114,53.7,64.6,57.2,56.7,58.0,65.7,63.2,58.7,55.7,59.0,60.0,60.6,60.2,58.7,67.2,66.4,55.4,56.9,60.0,64.2,60.9,54.3,66.1,52.4,60.6,60.9,69.2,60.5,65.7,61.2,57.0,57.7,57.4,70.6,59.2,59.8,58.3,59.4,60.2,55.1,68.4,55.7,61.1,64.8,66.8,64.3,61.4,51.3,64.2,67.3
115,53.4,64.5,57.0,56.6,57.8,65.4,63.1,58.3,55.5,58.8,60.0,60.4,60.0,58.5,67.1,66.2,55.3,56.8,59.9,64.1,60.8,54.1,66.0,52.1,60.4,60.7,69.1,60.2,65.5,61.0,56.8,57.5,57.3,70.6,59.0,59.6,58.2,59.1,60.1,54.8,68.3,55.6,61.0,64.4,66.6,64.1,61.2,51.1,64.0,67.0
116,53.1,64.4,56.7,56.5,57.5,65.1,62.9,57.9,55.3,58.6,59.9,60.3,59.8,58.2,67.0,66.0,55.1,56.6,59.8,63.9,60.6,53.8,65.9,51.9,60.2,60.6,69.0,59.8,65.3,60.8,56.6,57.4,57.3,70.6,58.8,59.4,58.1,58.9,59.9,54.6,68.1,55.5,60.9,64.0,66.4,63.9,61.0,50.9,63.8,66.8
117,52.8,64.3,56.5,56.3,57.3,64.8,62.7,57.6,55.0,58.4,59.8,60.1,59.5,58.0,66.9,65.8,55.0,56.5,59.7,63.7,60.4,53.7,65.8,51.6,59.9,60.4,68.8,59.5,65.2,60.6,56.4,57.2,57.2,70.5,58.7,59.2,58.0,58.7,59.8,54.3,67.9,55.5,60.8,63.6,66.2,63.7,60.7,50.7,63.6,66.5
118,52.5,64.2,56.2,56.1,57.1,64.5,62.4,57.2,54.9,58.2,59.7,60.0,59.3,57.8,66.7,65.6,54.8,56.4,59.6,63.5,60.3,53.5,65.8,51.4,59.7,60.2,68.7,59.1,65.0,60.5,56.1,57.1,57.1,70.4,58.5,59.0,57.9,58.5,59.7,54.1,67.7,55.4,60.7,63.2,66.0,63.5,60.5,50.6,63.4,66.3
119,52.4,64.1,56.0,56.0,56.9,64.2,62.2,56.9,54.7,58.0,59.7,59.9,59.1,57.6,66.6,65.4,54.8,56.3,59.5,63.4,60.2,53.4,65.7,51.3,59.5,60.1,68.6,58.8,65.0,60.4,56.0,57.0,57.0,70.4,58.4,58.9,57.9,58.3,59.6,54.0,67.5,55.5,60.6,62.9,65.9,63.4,60.3,50.5,63.2,66.2
120,52.4,64.1,55.9,55.9,56.8,64.0,62.1,56.8,54.7,57.9,59.8,59.9,59.1,57.5,66.6,65.3,54.8,56.3,59.5,63.3,60.2,53.4,65.8,51.3,59.4,60.0,68.5,58.6,65.0,60.4,55.9,56.9,57.1,70.5,58.4,58.8,57.9,58.2,59.6,53.9,67.4,55.6,60.7,62.7,65.8,63.3,60.1,50.4,63.2,66.1
121,52.4,64.1,55.8,55.9,56.8,63.8,62.1,56.7,54.7,57.9,59.9,59.9,59.1,57.5,66.6,65.2,54.8,56.3,59.6,63.4,60.3,53.4,65.9,51.4,59.4,60.1,68.5,58.5,65.0,60.4,55.9,57.0,57.1,70.7,58.4,58.8,58.0,58.2,59.6,54.0,67.4,55.8,60.8,62.6,65.9,63.3,60.1,50.5,63.2,66.2
122,52.5,64.2,55.7,55.9,56.9,63.8,62.2,56.8,54.9,57.2,60.2,59.9,59.3,57.5,66.8,65.2,55.0,56.4,59.7,63.5,60.4,53.5,66.0,51.5,59.4,60.1,68.6,58.4,65.1,60.5,55.9,57.1,57.3,71.0,58.5,58.9,58.2,58.3,59.7,54.2,67.5,56.1,60.9,62.5,65.9,63.3,60.1,50.6,63.3,66.3
123,52.5,64.3,55.7,56.1,56.9,63.7,62.3,56.9,55.0,57.0,60.5,60.0,59.4,57.6,67.0,65.2,55.1,56.5,59.8,63.6,60.5,53.6,66.1,51.6,59.4,60.2,68.6,58.4,65.2,60.6,56.0,57.1,57.4,71.3,58.6,58.9,58.3,58.4,59.8,54.4,67.5,56.4,61.0,62.4,66.0,63.4,60.1,50.7,63.4,66.4
124,53.2,64.3,57.6,55.8,56.3,64.2,61.5,56.4,54.2,57.7,57.7,59.8,59.8,57.4,66.7,65.0,55.3,56.2,59.4,63.0,61.1,54.1,66.2,51.2,59.6,59.8,68.0,56.6,65.9,60.0,54.8,57.5,56.7,69.5,58.8,58.1,58.7,58.0,60.1,53.8,68.3,56.5,60.5,63.8,66.5,62.5,60.1,50.0,63.6,64.7
125,53.6,64.2,57.5,56.0,56.4,64.2,61.6,56.6,54.4,57.6,57.9,59.8,59.9,57.5,66.8,65.0,55.4,56.3,59.5,63.1,61.1,54.1,66.3,51.3,59.6,59.9,68.0,56.5,66.0,60.0,54.9,57.5,56.7,69.6,58.9,58.1,58.7,58.0,60.2,54.0,68.4,56.8,60.6,63.7,66.6,62.6,60.1,50.1,63.7,64.8
126,53.7,64.2,57.4,56.0,56.4,64.1,61.7,56.8,54.5,57.6,58.0,59.8,59.9,57.6,66.7,65.0,55.4,56.3,59.5,63.2,61.1,54.2,66.3,52.8,59.6,59.9,68.1,56.5,66.1,60.0,54.8,57.4,56.7,69.7,58.9,58.1,58.8,58.1,60.2,54.0,68.4,56.9,60.6,63.6,66.6,62.7,60.1,50.1,63.7,64.9
127,53.8,64.1,57.2,56.0,56.3,63.9,61.7,56.9,54.5,57.5,58.1,59.7,59.9,57.6,66.6,65.0,55.4,56.2,59.5,63.2,61.1,54.2,66.3,53.6,59.6,59.9,68.1,56.4,66.1,60.0,54.7,57.3,56.6,69.8,58.8,58.1,58.8,58.1,60.1,54.1,68.4,57.0,60.6,63.4,66.6,62.7,60.0,50.1,63.7,64.9
128,53.8,64.0,57.1,55.9,56.2,63.7,61.7,57.0,54.5,57.4,58.2,59.6,59.9,57.6,66.5,64.9,55.4,56.0,59.5,63.2,61.0,54.1,66.2,53.9,59.5,59.8,68.1,56.3,66.1,59.9,54.6,57.2,56.5,69.8,58.8,58.1,58.7,58.0,60.0,54.1,68.4,57.0,60.6,63.3,66.5,62.6,59.9,50.0,63.7,64.9
129,53.7,63.9,56.9,55.8,56.1,63.6,61.7,57.0,54.6,57.4,58.2,59.5,59.9,57.5,66.5,64.9,55.4,55.9,59.5,63.1,61.0,54.1,66.2,54.1,59.5,59.7,68.0,56.2,66.0,59.8,54.5,57.1,56.4,69.8,58.7,58.0,58.7,58.0,60.0,54.1,68.3,56.9,60.5,63.1,66.5,62.6,59.7,49.9,63.7,64.9
130,53.7,63.9,56.7,55.7,56.0,63.4,61.6,57.0,54.5,57.4,58.3,59.4,59.9,57.5,66.5,64.8,55.4,55.7,59.5,63.1,61.0,54.0,66.1,54.2,59.4,59.6,68.0,56.2,65.9,59.7,54.4,57.0,56.3,69.8,58.7,58.0,58.7,58.0,59.9,54.1,68.3,56.8,60.5,63.0,66.4,62.6,59.6,49.9,63.6,64.9
131,53.6,63.8,56.6,55.6,56.0,63.4,61.6,57.1,54.6,57.4,58.4,59.4,59.9,57.5,66.5,64.8,55.5,55.7,59.6,63.1,61.0,54.0,66.1,54.2,59.4,59.5,68.1,56.2,65.8,59.7,54.3,56.9,56.3,69.9,58.7,58.0,58.8,58.1,59.8,54.1,68.2,56.8,60.5,62.9,66.4,62.7,59.6,49.8,63.7,64.9
132,53.6,63.8,56.5,55.6,56.0,63.4,61.6,57.2,54.7,57.4,58.5,59.4,59.8,57.6,66.6,64.8,55.5,55.6,59.6,63.2,61.0,54.0,66.2,54.2,59.5,59.4,68.1,56.2,65.8,59.7,54.3,56.8,56.3,70.0,58.7,58.0,58.8,58.1,59.7,54.1,68.2,56.8,60.5,62.8,66.4,62.7,59.5,49.8,63.7,64.9
133,53.6,63.8,56.4,55.5,55.9,63.4,61.5,57.3,54.7,57.4,58.6,59.4,59.8,57.7,66.6,64.8,55.5,55.6,59.7,63.2,61.1,54.0,66.3,54.2,59.5,59.4,68.2,56.2,65.8,59.7,54.3,56.8,56.4,70.1,58.7,58.0,58.9,58.2,59.6,54.1,68.2,56.9,60.5,62.7,66.4,62.8,59.4,49.8,63.7,64.9
134,53.6,63.7,56.4,55.5,55.9,63.4,61.5,57.5,54.7,57.5,58.7,59.4,59.7,57.9,66.6,64.9,55.5,55.5,59.7,63.2,61.0,54.0,66.4,54.2,59.5,59.5,68.3,56.2,65.8,59.7,54.3,56.7,56.4,70.1,58.7,58.0,59.0,58.2,59.6,54.1,68.2,57.0,60.5,62.7,66.4,62.9,59.4,49.8,63.7,64.9
135,53.6,63.7,56.3,55.4,55.9,63.5,61.5,57.6,54.7,57.5,58.7,59.4,59.6,58.0,66.5,64.9,55.5,55.5,59.7,63.1,61.0,54.0,66.5,54.2,59.5,59.5,68.4,56.3,65.8,59.7,54.3,56.7,56.4,70.1,58.6,58.0,59.0,58.2,59.5,54.1,68.2,57.1,60.5,62.6,66.3,62.9,59.3,49.8,63.7,64.9
136,53.5,63.6,56.2,55.3,55.9,63.5,61.5,57.6,54.7,57.5,58.6,59.4,59.5,58.0,66.5,64.9,55.5,55.4,59.6,63.1,61.0,54.0,66.5,54.2,59.5,59.4,68.4,56.3,65.7,59.7,54.3,56.6,56.4,70.1,58.6,58.0,59.0,58.1,59.4,54.1,68.2,57.1,60.5,62.5,66.2,62.9,59.3,49.8,63.7,65.0
137,53.4,63.6,56.1,55.2,55.9,63.4,61.4,57.6,54.7,57.6,58.5,59.3,59.5,58.0,66.3,64.8,55.4,55.3,59.6,63.0,60.9,54.0,66.4,54.1,59.5,59.4,68.4,56.3,65.6,59.7,54.2,56.5,56.4,70.1,58.5,58.0,58.9,58.1,59.3,54.1,68.1,57.0,60.5,62.5,66.1,62.9,59.2,49.8,63.6,65.0
138,53.4,63.5,56.0,55.2,55.9,63.4,61.4,57.6,54.7,57.6,58.3,59.3,59.4,58.0,66.3,64.8,55.3,55.2,59.6,62.9,60.9,54.0,66.4,54.1,59.5,59.4,68.4,56.3,65.6,59.7,54.2,56.4,56.3,70.1,58.4,58.0,58.8,58.0,59.2,54.1,68.1,57.0,60.5,62.4,66.1,62.8,59.2,49.8,63.6,65.0
139,53.4,63.5,56.0,55.3,55.9,63.5,61.4,57.6,54.7,57.7,58.2,59.4,59.4,58.0,66.2,64.8,55.3,55.2,59.6,62.9,60.9,54.1,66.4,54.0,59.5,59.5,68.5,56.3,65.5,59.7,54.1,56.3,56.3,70.1,58.4,58.0,58.7,58.0,59.1,54.1,68.1,56.9,60.5,62.4,66.0,62.8,59.1,49.9,63.6,65.0
140,53.4,63.6,55.9,55.4,56.0,63.5,61.5,57.6,54.8,57.7,58.1,59.5,59.4,58.0,66.2,64.8,55.3,55.2,59.7,62.9,61.0,54.2,66.5,54.0,59.6,59.6,68.6,56.4,65.6,59.8,54.1,56.3,56.3,70.2,58.4,58.1,58.7,58.1,59.0,54.2,68.1,56.9,60.6,62.5,66.1,62.9,59.1,50.0,63.6,65.1
141,53.4,63.6,55.9,55.5,56.1,63.6,61.6,57.7,54.8,57.8,58.1,59.6,59.5,58.1,66.2,64.9,55.3,55.3,59.8,63.0,61.1,54.3,66.6,54.0,59.6,59.7,68.7,56.4,65.7,59.8,54.1,56.3,56.3,70.3,58.4,58.2,58.7,58.2,59.0,54.3,68.2,56.9,60.7,62.6,66.1,62.9,59.1,50.1,63.7,65.1
142,53.4,63.6,55.9,55.7,56.2,63.7,61.7,57.8,54.9,57.9,58.0,59.7,59.6,58.2,66.2,64.9,55.4,55.4,59.9,63.0,61.2,54.4,66.6,54.1,59.7,59.9,68.7,56.5,65.7,59.9,54.1,56.4,56.4,70.4,58.4,58.4,58.8,58.3,59.0,54.3,68.2,56.9,60.8,62.7,66.2,63.0,59.1,50.3,63.8,65.1
143,53.4,63.6,56.0,55.8,56.2,63.7,61.8,57.9,55.0,58.0,57.8,59.8,59.7,58.3,66.2,64.9,55.4,55.4,60.0,63.1,61.2,54.6,66.7,54.1,59.8,60.0,68.8,56.6,65.8,59.9,54.1,56.4,56.5,70.5,58.5,58.5,58.8,58.3,58.9,54.4,68.2,56.9,60.9,62.8,66.2,63.0,59.2,50.4,63.8,65.2
144,53.4,63.5,56.0,55.8,56.3,63.6,61.8,58.0,55.0,58.0,57.7,59.9,59.8,58.3,66.2,64.9,55.5,55.5,60.0,63.2,61.3,54.6,66.6,54.1,59.8,60.1,68.8,56.7,65.8,59.9,54.2,56.3,56.6,70.6,58.6,58.6,58.7,58.4,58.9,54.4,68.2,56.9,60.9,62.9,66.2,63.0,59.3,50.4,63.9,65.1
145,53.4,63.5,56.0,55.8,56.3,63.5,61.7,58.0,55.0,58.0,57.6,59.9,59.9,58.3,66.2,64.8,55.5,55.5,60.0,63.2,61.3,54.7,66.6,54.1,59.7,60.1,68.9,56.7,65.7,59.8,54.2,56.3,56.7,70.6,58.6,58.7,58.6,58.5,58.9,54.4,68.2,56.9,61.0,62.9,66.1,63.0,59.4,50.5,63.9,65.1
146,53.3,63.4,56.0,55.7,56.3,63.4,61.6,57.9,55.1,58.0,57.5,59.9,59.9,58.2,66.2,64.7,55.5,55.5,60.0,63.1,61.3,54.7,66.5,54.0,59.7,60.1,68.9,56.7,65.7,59.8,54.2,56.3,56.7,70.6,58.7,58.8,58.5,58.5,58.9,54.4,68.1,56.8,61.0,63.0,66.0,62.9,59.5,50.5,63.9,65.0
147,53.2,63.3,56.0,55.6,56.3,63.3,61.4,57.9,55.1,58.0,57.4,59.9,59.9,58.1,66.1,64.7,55.5,55.6,60.0,63.1,61.2,54.6,66.5,53.9,59.7,60.1,68.8,56.7,65.6,59.7,54.2,56.3,56.8,70.7,58.7,58.8,58.4,58.5,58.9,54.4,68.0,56.8,61.0,63.1,66.0,62.8,59.6,50.5,63.8,65.0
148,53.2,63.2,56.0,55.5,56.3,63.3,61.2,57.8,55.1,58.0,57.3,59.9,59.9,58.0,66.0,64.6,55.6,55.6,60.0,63.1,61.2,54.6,66.4,53.8,59.6,60.2,68.8,56.8,65.5,59.7,54.2,56.2,56.8,70.6,58.7,58.9,58.2,58.6,58.9,54.4,68.0,56.8,61.0,63.1,65.9,62.7,59.6,50.4,63.8,64.8
149,53.2,63.1,55.9,55.4,56.3,63.2,61.0,57.7,55.1,58.0,57.3,59.9,59.9,57.8,65.9,64.6,55.7,55.6,60.0,63.1,61.2,54.6,66.4,53.8,59.6,60.2,68.9,56.8,65.5,59.6,54.1,56.2,56.8,70.6,58.7,58.9,58.0,58.6,59.0,54.4,67.9,56.7,61.0,63.2,65.9,62.7,59.5,50.4,63.7,64.7
150,53.3,63.1,55.9,55.3,56.3,63.2,60.8,57.7,55.2,58.0,57.3,59.9,59.9,57.7,65.8,64.5,55.7,55.6,60.0,63.1,61.1,54.6,66.4,53.8,59.6,60.3,68.9,56.8,65.5,59.6,54.1,56.2,56.8,70.6,58.6,58.9,57.9,58.6,59.1,54.4,67.8,56.7,61.0,63.3,65.9,62.6,59.5,50.4,63.7,64.6
151,53.4,63.0,55.9,55.2,56.4,63.2,60.6,57.6,55.3,58.0,57.3,59.9,59.9,57.7,65.8,64.6,55.8,55.6,60.0,63.1,61.1,54.6,66.4,53.8,59.7,60.4,69.0,56.9,65.5,59.6,54.2,56.3,56.9,70.6,58.6,58.9,57.7,58.6,59.3,54.5,67.8,56.7,61.0,63.4,65.8,62.6,59.5,50.3,63.7,64.6
152,53.5,63.0,55.9,55.1,56.5,63.3,60.4,57.6,55.3,58.1,57.4,59.9,60.0,57.7,65.8,64.6,55.9,55.7,60.1,63.2,61.1,54.7,66.5,53.8,59.7,60.4,69.1,57.0,65.5,59.6,54.2,56.4,57.0,70.5,58.6,58.9,57.6,58.7,59.5,54.6,67.8,56.7,61.1,63.5,65.8,62.7,59.5,50.3,63.7,64.5
153,53.6,63.1,55.9,55.0,56.6,63.4,60.3,57.5,55.4,58.2,57.5,60.0,60.0,57.7,65.9,64.7,56.0,55.7,60.1,63.3,61.1,54.8,66.5,53.8,59.8,60.5,69.2,57.0,65.5,59.7,54.3,56.5,57.1,70.4,58.6,59.0,57.5,58.8,59.7,54.7,67.8,56.8,61.1,63.6,65.8,62.8,59.5,50.3,63.7,64.5
154,53.6,63.1,55.9,54.9,56.7,63.4,60.2,57.4,55.4,58.2,57.6,59.9,60.0,57.7,65.9,64.7,56.1,55.7,60.2,63.3,61.1,54.8,66.6,53.8,59.8,60.5,69.2,57.1,65.6,59.7,54.4,56.6,57.1,70.3,58.6,59.0,57.4,58.8,59.8,54.7,67.8,56.8,61.1,63.7,65.8,62.8,59.6,50.3,63.8,64.5
155,53.7,63.1,55.9,54.8,56.8,63.5,60.2,57.3,55.5,58.1,57.6,59.9,60.0,57.7,65.9,64.7,56.1,55.7,60.2,63.3,61.0,54.9,66.7,53.7,59.8,60.5,69.2,57.1,65.6,59.8,54.4,56.6,57.1,70.2,58.5,58.9,57.2,58.8,59.9,54.8,67.8,56.8,61.1,63.8,65.7,62.9,59.6,50.3,63.8,64.4
156,53.7,63.0,55.8,54.7,56.9,63.5,60.1,57.2,55.5,58.1,57.5,59.9,59.8,57.7,65.9,64.7,56.1,55.7,60.3,63.3,61.0,54.9,66.7,53.7,59.8,60.5,69.2,57.1,65.6,59.8,54.3,56.7,57.1,70.1,58.4,58.8,57.0,58.7,59.9,54.8,67.7,56.7,61.1,63.9,65.7,62.9,59.5,50.3,63.8,64.4
157,53.6,63.0,55.7,54.6,56.9,63.5,60.0,57.1,55.4,58.0,57.4,59.8,59.7,57.7,65.9,64.6,56.0,55.7,60.3,63.3,60.9,54.9,66.8,53.2,59.8,60.5,69.1,57.1,65.5,59.7,54.3,56.6,57.1,70.1,58.3,58.7,56.9,58.7,59.8,54.8,67.7,56.6,61.0,63.9,65.6,62.8,59.5,50.3,63.7,64.3
158,53.6,62.9,55.6,54.6,56.9,63.5,59.9,57.0,55.4,57.9,57.4,59.8,59.6,57.7,65.9,64.6,55.9,55.7,60.3,63.2,60.8,55.0,66.7,52.8,59.8,60.5,69.1,57.1,65.5,59.7,54.2,56.6,57.0,70.0,58.2,58.6,56.8,58.6,59.7,54.7,67.6,56.5,61.0,64.0,65.5,62.7,59.4,50.2,63.7,64.2
159,53.5,62.8,55.5,54.5,56.9,63.5,59.9,56.9,55.4,57.8,57.4,59.8,59.5,57.8,65.9,64.6,55.8,55.7,60.4,63.2,60.8,55.1,66.7,52.4,59.8,60.5,69.0,57.1,65.4,59.6,54.1,56.7,57.0,70.0,58.2,58.6,56.7,58.6,59.6,54.8,67.6,56.4,61.0,64.1,65.4,62.7,59.4,50.2,63.7,64.2
160,53.5,62.8,55.5,54.5,57.0,63.5,60.0,56.8,55.5,57.8,57.5,59.8,59.4,57.9,66.1,64.6,55.7,55.7,60.4,63.2,60.8,55.2,66.7,52.0,59.9,60.5,69.0,57.2,65.5,59.6,54.1,56.7,57.0,70.0,58.3,58.6,56.7,58.6,59.5,54.8,67.6,56.3,61.0,64.2,65.3,62.7,59.4,50.2,63.8,64.2
161,53.6,62.8,55.5,54.4,57.0,63.5,60.1,56.8,55.6,57.8,57.6,59.9,59.4,58.1,66.3,64.6,55.7,55.7,60.6,63.1,60.8,55.2,66.7,51.7,59.9,60.5,69.0,57.3,65.5,59.6,54.1,56.8,57.0,70.0,58.3,58.6,56.8,58.7,59.5,54.9,67.6,56.2,61.1,64.3,65.3,62.7,59.4,50.2,63.8,64.2
162,53.6,62.8,55.6,54.4,57.1,63.5,60.2,56.8,55.6,57.8,57.7,59.9,59.5,58.2,66.5,64.7,55.6,55.8,60.7,63.1,60.8,55.3,66.6,51.4,59.9,60.5,69.0,57.3,65.6,59.5,54.1,56.9,57.1,69.9,58.4,58.6,56.8,58.7,59.4,55.0,67.5,56.2,61.1,64.4,65.3,62.7,59.4,50.2,63.9,64.2
163,53.5,62.8,55.6,54.3,57.1,63.5,60.2,56.9,55.6,57.8,57.8,60.0,59.4,58.4,66.7,64.6,55.5,55.8,60.7,63.1,60.7,55.3,66.6,51.2,59.9,60.5,68.9,57.4,65.6,59.5,54.0,56.9,57.1,69.8,58.3,58.5,56.8,58.6,59.4,55.0,67.5,56.1,61.1,64.5,65.3,62.7,59.4,50.2,63.9,64.2
164,53.5,62.8,55.6,54.3,57.1,63.4,60.3,56.9,55.6,57.7,57.8,60.0,59.4,58.5,66.8,64.6,55.4,55.8,60.8,63.0,60.7,55.4,66.6,50.7,59.9,60.5,68.7,57.4,65.6,59.4,54.0,56.9,57.1,69.7,58.3,58.5,56.8,58.6,59.3,55.0,67.4,56.0,61.1,64.5,65.2,62.7,59.4,50.2,63.8,64.2
165,53.4,62.7,55.5,54.2,57.0,63.4,60.3,57.0,55.6,57.6,57.9,60.1,59.4,58.7,66.8,64.6,55.3,55.8,60.7,62.9,60.6,55.4,66.6,50.6,59.8,60.5,68.6,57.4,65.5,59.3,54.0,56.9,57.2,69.6,58.3,58.4,56.8,58.5,59.3,55.0,67.4,55.9,61.1,64.6,65.2,62.7,59.4,50.1,63.8,64.1
166,53.3,62.7,55.5,54.2,57.0,63.4,60.4,57.0,55.6,57.6,58.0,60.1,59.4,58.8,66.8,64.6,55.2,55.9,60.7,62.9,60.6,55.4,66.6,50.6,59.8,60.5,68.5,57.4,65.4,59.3,54.0,56.9,57.2,69.5,58.3,58.3,56.8,58.5,59.3,55.0,67.3,55.8,61.1,64.6,65.2,62.7,59.4,50.0,63.8,64.1
167,53.3,62.7,55.5,54.2,57.0,63.4,60.5,57.1,55.7,57.6,58.1,60.2,59.4,58.9,66.7,64.6,55.0,56.0,60.7,62.8,60.7,55.4,66.7,50.6,59.9,60.6,68.5,57.4,65.4,59.3,54.0,56.8,57.2,69.5,58.3,58.2,56.9,58.5,59.3,55.1,67.4,55.7,61.1,64.7,65.2,62.7,59.4,50.0,63.8,64.1
168,53.2,62.7,55.6,54.2,57.1,63.5,60.6,57.2,55.7,57.6,58.2,60.2,59.5,59.1,66.7,64.7,55.0,56.0,60.6,62.9,60.7,55.5,66.7,50.5,59.9,60.6,68.5,57.4,65.4,59.3,54.0,56.8,57.2,69.4,58.4,58.2,56.9,58.5,59.4,55.1,67.4,55.7,61.2,64.7,65.2,62.7,59.4,50.0,63.8,64.2
169,53.3,62.8,55.7,54.3,57.2,63.6,60.7,57.3,55.8,57.6,58.4,60.3,59.7,59.2,66.8,64.8,54.9,56.1,60.6,62.9,60.9,55.6,66.7,50.5,60.0,60.6,68.5,57.5,65.4,59.4,54.0,56.8,57.2,69.4,58.5,58.2,57.0,58.6,59.5,55.2,67.5,55.7,61.2,64.8,65.2,62.8,59.4,50.0,63.9,64.2
170,53.3,62.9,55.8,54.4,57.3,63.8,60.9,57.4,55.9,57.7,58.5,60.4,59.8,59.3,66.9,64.9,54.9,56.2,60.6,62.9,61.0,55.7,66.7,50.5,60.1,60.6,68.6,57.6,65.5,59.5,54.0,56.8,57.3,69.5,58.7,58.2,57.1,58.7,59.6,55.3,67.6,55.7,61.3,64.8,65.2,62.9,59.4,50.1,64.0,64.3
171,53.3,62.9,55.8,54.4,57.4,64.0,61.0,57.5,55.9,57.7,58.6,60.4,59.9,59.4,67.0,65.0,54.9,56.3,60.5,63.0,61.2,55.9,66.8,50.5,60.2,60.6,68.6,57.7,65.5,59.6,54.1,56.8,57.3,69.6,58.8,58.2,57.3,58.7,59.7,55.3,67.6,55.7,61.4,64.9,65.2,62.9,59.4,50.1,64.1,64.4
172,53.3,62.9,55.9,54.5,57.4,64.1,61.2,57.7,56.0,57.6,58.7,60.4,60.0,59.5,67.1,65.1,54.9,56.3,60.5,63.0,61.3,56.0,66.9,50.5,60.2,60.6,68.5,57.7,65.5,59.7,54.1,56.8,57.3,69.7,58.9,58.2,57.3,58.8,59.9,55.3,67.6,55.6,61.4,64.9,65.2,62.9,59.3,50.1,64.1,64.4
173,53.3,62.9,56.0,54.5,57.5,64.2,61.3,57.8,56.0,57.6,58.8,60.5,60.1,59.5,67.2,65.1,54.8,56.4,60.5,63.0,61.4,56.0,67.0,50.5,60.3,60.6,68.5,57.7,65.5,59.8,54.1,56.8,57.3,69.8,58.9,58.2,57.4,58.8,60.0,55.3,67.6,55.5,61.4,64.9,65.2,62.9,59.4,50.1,64.2,64.4
174,53.3,62.9,56.1,54.6,57.6,64.3,61.5,57.9,56.0,57.6,58.9,60.5,60.1,59.6,67.2,65.1,54.8,56.5,60.5,63.0,61.5,56.1,67.1,50.5,60.3,60.6,68.4,57.8,65.6,59.9,54.2,56.8,57.4,69.9,59.1,58.2,57.5,58.8,60.1,55.4,67.6,55.5,61.4,64.9,65.2,62.8,59.4,50.1,64.3,64.4
175,53.3,62.9,56.1,54.6,57.7,64.4,61.6,58.1,56.1,57.6,58.9,60.6,60.2,59.7,67.3,65.1,54.8,56.7,60.5,63.1,61.6,56.2,67.2,50.5,60.4,60.6,68.4,57.8,65.6,60.0,54.2,56.8,57.4,70.0,59.2,58.3,57.6,58.9,60.2,55.4,67.7,55.5,61.4,65.0,65.2,62.8,59.5,50.1,64.4,64.5
176,53.4,62.9,56.2,54.7,57.7,64.5,61.8,58.2,56.1,57.5,59.0,60.6,60.3,59.7,67.3,65.1,54.7,56.8,60.5,63.1,61.8,56.3,67.3,50.5,60.5,60.6,68.4,57.9,65.7,60.1,54.3,56.9,57.4,70.1,59.4,58.4,57.7,58.9,60.3,55.4,67.7,55.5,61.5,65.0,65.2,62.7,59.6,50.1,64.5,64.5
177,53.4,62.8,56.3,54.8,57.8,64.5,61.9,58.3,56.1,57.6,59.1,60.7,60.4,59.8,67.4,65.1,54.7,56.9,60.5,63.2,61.9,56.4,67.3,50.6,60.6,60.6,68.4,58.0,65.8,60.2,54.4,56.9,57.4,70.2,59.5,58.6,57.7,59.0,60.4,55.5,67.8,55.6,61.5,65.1,65.2,62.6,59.7,50.1,64.6,64.5
178,53.4,62.8,56.4,54.9,57.9,64.5,62.0,58.4,56.1,57.6,59.1,60.8,60.5,59.9,67.5,65.0,54.7,57.0,60.5,63.2,62.1,56.5,67.4,50.6,60.7,60.6,68.4,58.0,65.9,60.2,54.5,57.0,57.5,70.2,59.6,58.7,57.8,59.1,60.6,55.6,67.8,55.7,61.5,65.1,65.2,62.6,59.8,50.1,64.7,64.5
179,53.5,62.9,56.5,55.0,58.0,64.5,62.1,58.5,56.1,57.5,59.2,60.8,60.5,60.0,67.5,65.0,54.6,57.0,60.5,63.2,62.2,56.6,67.4,50.8,60.8,60.6,68.4,58.1,66.0,60.2,54.5,57.0,57.5,70.2,59.6,58.8,57.8,59.2,60.7,55.6,67.8,55.8,61.4,65.2,65.2,62.5,59.8,50.1,64.7,64.5
180,53.6,62.9,56.6,55.0,58.0,64.4,62.2,58.6,56.0,57.5,59.2,60.9,60.6,60.0,67.5,65.0,54.6,57.0,60.4,63.3,62.3,56.7,67.4,50.9,60.9,60.6,68.3,58.1,66.1,60.2,54.5,57.1,57.6,70.1,59.6,58.9,57.8,59.2,60.8,55.7,67.8,55.8,61.4,65.2,65.2,62.5,59.8,50.1,64.7,64.5
181,53.6,62.9,56.6,55.1,58.1,64.3,62.3,58.7,56.0,57.5,59.3,61.0,60.6,60.1,67.5,65.0,54.6,56.9,60.4,63.3,62.3,56.7,67.4,51.1,61.0,60.7,68.2,58.1,66.2,60.2,54.5,57.2,57.6,69.9,59.5,59.0,57.8,59.2,60.9,55.7,67.8,55.9,61.3,65.3,65.2,62.4,59.8,50.1,64.7,64.5
182,53.7,62.8,56.6,55.1,58.1,64.3,62.3,58.7,56.0,57.4,59.3,61.1,60.6,60.2,67.5,64.9,54.6,56.8,60.4,63.3,62.2,56.8,67.4,51.2,61.0,60.8,68.2,58.1,66.2,60.3,54.5,57.3,57.6,69.7,59.5,59.0,57.8,59.2,61.0,55.7,67.8,55.9,61.2,65.3,65.2,62.4,59.8,50.0,64.7,64.4
183,53.8,62.8,56.6,55.1,58.2,64.2,62.4,58.8,55.9,57.4,59.4,61.2,60.7,60.3,67.5,64.9,54.5,56.8,60.4,63.4,62.2,56.8,67.5,51.4,61.1,60.9,68.1,58.2,66.2,60.3,54.5,57.3,57.6,69.3,59.5,59.1,57.9,59.3,61.1,55.8,67.8,56.0,61.1,65.4,65.2,62.4,59.8,50.0,64.7,64.3
184,53.7,62.8,56.7,55.2,58.2,64.2,62.3,58.9,55.9,57.4,59.5,61.3,60.7,60.4,67.5,64.9,54.5,56.7,60.3,63.5,62.2,56.9,67.6,51.6,61.1,60.9,68.1,58.2,66.2,60.3,54.5,57.4,57.6,69.0,59.5,59.1,57.9,59.3,61.1,55.8,67.8,56.1,61.1,65.4,65.1,62.4,59.8,50.0,64.7,64.3
185,53.5,62.7,56.7,55.3,58.3,64.2,62.3,58.9,56.0,57.4,59.5,61.4,60.8,60.6,67.4,64.9,54.4,56.7,60.3,63.5,62.2,56.9,67.6,51.7,61.2,60.9,68.0,58.3,66.2,60.4,54.5,57.5,57.7,68.8,59.5,59.1,58.0,59.4,61.1,55.8,67.8,56.2,61.0,65.5,65.0,62.4,59.8,50.0,64.8,64.2
186,53.3,62.7,56.7,55.4,58.3,64.2,62.2,59.0,56.0,57.3,59.6,61.4,60.9,60.7,67.3,64.9,54.4,56.6,60.3,63.6,62.1,57.0,67.6,51.8,61.2,60.9,68.0,58.3,66.1,60.4,54.4,57.5,57.7,68.5,59.5,59.0,58.1,59.5,61.0,55.9,67.8,56.2,61.0,65.5,64.9,62.3,59.8,49.9,64.8,64.1
187,53.1,62.6,56.7,55.4,58.3,64.2,62.1,59.1,56.0,57.3,59.6,61.4,60.9,60.8,67.2,64.9,54.4,56.5,60.2,63.5,62.1,57.1,67.6,51.8,61.3,60.8,68.0,58.3,66.1,60.4,54.4,57.5,57.7,68.4,59.5,58.9,58.2,59.5,61.0,55.9,67.8,56.3,60.9,65.6,64.8,62.3,59.8,49.9,64.8,64.0
188,52.9,62.5,56.7,55.4,58.3,64.2,62.0,59.2,56.0,57.2,59.7,61.4,61.0,60.9,67.2,64.9,54.3,56.3,60.1,63.5,62.0,57.2,67.5,51.8,61.4,60.8,68.1,58.2,66.0,60.5,54.3,57.6,57.7,68.4,59.5,58.8,58.3,59.5,60.9,55.9,67.7,56.4,60.8,65.5,64.7,62.3,59.8,49.9,64.8,63.9
189,52.7,62.4,56.7,55.5,58.3,64.2,62.0,59.2,56.0,57.2,59.7,61.3,61.0,61.1,67.2,65.0,54.4,56.2,60.1,63.5,61.9,57.3,67.5,51.9,61.4,60.8,68.1,58.2,66.0,60.5,54.3,57.6,57.7,68.4,59.4,58.8,58.4,59.6,60.9,55.9,67.7,56.4,60.8,65.5,64.7,62.3,59.8,49.9,64.9,63.8
190,52.7,62.3,56.7,55.6,58.4,64.3,62.0,59.3,56.0,57.2,59.8,61.3,61.1,61.2,67.2,65.0,54.5,56.1,60.1,63.6,61.9,57.4,67.5,52.0,61.5,60.8,68.1,58.2,66.1,60.6,54.3,57.6,57.7,68.5,59.4,58.7,58.5,59.7,60.8,55.9,67.7,56.5,60.8,65.5,64.7,62.3,59.8,49.9,65.0,63.7
191,52.5,62.2,56.8,55.7,58.4,64.4,62.0,59.4,56.1,57.2,59.9,61.4,61.2,61.4,67.3,65.1,54.6,56.1,60.2,63.6,62.0,57.5,67.5,52.1,61.6,60.8,68.2,58.2,66.2,60.7,54.3,57.7,57.8,68.5,59.5,58.7,58.7,59.7,60.8,55.9,67.7,56.7,60.8,65.6,64.7,62.3,59.9,49.9,65.1,63.6
192,52.6,62.2,56.8,55.8,58.5,64.5,62.1,59.6,56.2,57.2,60.0,61.4,61.3,61.6,67.4,65.1,54.7,56.1,60.3,63.7,62.1,57.7,67.6,52.1,61.7,60.8,68.2,58.3,66.4,60.8,54.4,57.8,57.9,68.6,59.6,58.7,58.9,59.8,60.8,56.0,67.8,56.8,60.9,65.7,64.8,62.3,60.0,50.0,65.2,63.6
193,52.8,62.1,56.9,55.9,58.6,64.6,62.2,59.6,56.2,57.2,60.0,61.5,61.4,61.8,67.6,65.1,54.8,56.1,60.4,63.8,62.2,57.9,67.6,52.2,61.8,60.9,68.2,58.3,66.5,60.9,54.4,57.8,58.0,68.6,59.7,58.7,59.1,59.9,60.9,56.1,67.8,57.0,61.0,65.8,64.8,62.3,60.1,50.0,65.3,63.5
194,52.9,62.1,57.0,55.9,58.7,64.7,62.3,59.6,56.3,57.2,60.1,61.5,61.5,61.9,67.6,65.1,54.9,56.0,60.6,63.9,62.3,58.0,67.6,52.3,61.8,60.8,68.2,58.4,66.6,60.9,54.5,57.8,58.1,68.6,59.8,58.7,59.3,59.9,60.9,56.1,67.8,57.1,61.0,65.9,64.9,62.3,60.2,50.1,65.4,63.4
195,53.0,62.1,57.1,55.9,58.7,64.7,62.4,59.6,56.3,57.7,60.1,61.5,61.6,61.9,67.6,65.0,55.0,56.0,60.7,63.9,62.4,58.1,67.5,52.3,61.8,60.8,68.2,58.4,66.7,60.9,54.5,57.8,58.1,68.6,59.8,58.6,59.3,59.9,61.0,56.1,67.8,57.2,61.0,66.0,65.0,62.4,60.3,50.1,65.5,63.3
196,53.0,62.0,57.1,55.9,58.7,64.7,62.5,59.5,56.3,58.1,60.1,61.5,61.6,62.0,67.5,64.9,55.1,55.9,60.8,63.9,62.4,58.1,67.4,52.3,61.8,60.7,68.1,58.4,66.7,60.8,54.5,57.7,58.1,68.6,59.8,58.5,59.3,59.9,61.0,56.0,67.7,57.2,61.0,66.0,65.0,62.4,60.3,50.0,65.5,63.2
197,53.1,61.9,57.1,55.9,58.8,64.7,62.5,59.5,56.3,58.5,60.2,61.5,61.6,62.0,67.4,64.8,55.2,55.8,60.9,63.9,62.5,58.2,67.4,52.3,61.8,60.7,68.0,58.4,66.7,60.8,54.5,57.6,58.1,68.6,59.8,58.3,59.3,59.9,61.0,56.0,67.6,57.2,60.9,66.0,65.0,62.4,60.4,50.0,65.5,63.1
198,53.2,61.9,57.1,55.9,58.8,64.8,62.6,59.4,56.3,58.9,60.2,61.5,61.5,62.0,67.3,64.7,55.3,55.7,61.0,64.0,62.6,58.2,67.3,52.3,61.7,60.6,67.9,58.4,66.7,60.8,54.4,57.6,58.1,68.7,59.7,58.2,59.3,59.8,61.1,55.9,67.5,57.3,60.9,66.1,65.0,62.4,60.4,49.9,65.5,63.0
199,53.2,61.8,57.1,55.8,58.8,64.8,62.7,59.3,56.3,59.3,60.3,61.5,61.5,62.0,67.2,64.6,55.4,55.6,61.1,64.0,62.7,58.2,67.2,52.3,61.7,60.6,67.8,58.5,66.7,60.7,54.4,57.5,58.1,68.8,59.7,58.1,59.3,59.8,61.1,55.9,67.4,57.4,60.9,66.1,65.0,62.4,60.4,49.9,65.5,62.9
200,53.3,61.7,57.2,55.8,58.8,64.9,62.8,59.2,56.4,59.7,60.4,61.4,61.4,62.0,67.1,64.5,55.5,55.5,61.2,64.1,62.8,58.3,67.2,52.4,61.6,60.5,67.7,58.5,66.6,60.7,54.4,57.5,58.1,68.8,59.6,58.1,59.3,59.7,61.1,55.8,67.3,57.4,60.9,66.2,65.0,62.4,60.4,49.9,65.5,62.9
201,53.3,61.7,57.2,55.8,58.8,65.0,62.9,59.2,56.4,59.9,60.5,61.4,61.3,61.9,67.1,64.4,55.6,55.4,61.2,64.2,62.9,58.3,67.1,52.4,61.6,60.5,67.5,58.5,66.6,60.7,54.4,57.5,58.1,68.8,59.5,58.1,59.4,59.7,61.2,55.8,67.2,57.4,60.8,66.2,65.0,62.5,60.4,49.9,65.5,62.9
202,53.3,61.7,57.2,55.7,58.8,65.0,62.9,59.1,56.4,60.5,60.6,61.4,61.3,61.8,66.9,64.3,55.6,55.3,61.3,64.2,62.9,58.3,67.1,52.4,61.5,60.4,67.4,58.5,66.5,60.7,54.4,57.5,58.1,68.7,59.5,58.1,59.4,59.6,61.3,55.8,67.1,57.4,60.8,66.2,65.0,62.5,60.4,50.0,65.4,62.8
203,53.4,61.7,57.2,55.7,58.8,65.1,63.0,59.1,56.4,60.5,60.6,61.4,61.3,61.7,66.8,64.3,55.7,55.3,61.3,64.3,62.9,58.3,67.1,52.5,61.5,60.4,67.3,58.5,66.4,60.6,54.4,57.5,58.2,68.7,59.5,58.1,59.4,59.5,61.3,55.8,67.0,57.4,60.8,66.3,65.0,62.6,60.4,50.1,65.4,62.8
204,53.5,61.8,57.3,55.7,58.9,65.2,63.1,59.1,56.5,60.4,60.7,61.4,61.2,61.7,66.7,64.3,55.7,55.3,61.4,64.4,63.0,58.3,67.2,52.6,61.5,60.3,67.3,58.6,66.3,60.6,54.4,57.6,58.2,68.7,59.6,58.1,59.5,59.5,61.5,55.8,66.9,57.5,60.8,66.3,65.0,62.7,60.5,50.2,65.4,62.9
205,53.6,61.8,57.3,55.7,58.9,65.4,63.2,59.2,56.5,60.5,60.7,61.5,61.2,61.7,66.6,64.4,55.9,55.3,61.4,64.5,63.0,58.4,67.3,52.6,61.5,60.4,67.3,58.7,66.3,60.7,54.4,57.7,58.3,68.8,59.6,58.1,59.6,59.5,61.6,55.8,66.9,57.5,60.8,66.4,65.1,62.8,60.5,50.3,65.5,62.9
206,53.7,61.9,57.4,55.8,59.0,65.5,63.3,59.3,56.6,60.5,60.8,61.6,61.3,61.8,66.6,64.4,56.0,55.4,61.5,64.6,63.1,58.5,67.4,52.7,61.5,60.4,67.3,58.8,66.3,60.7,54.5,57.8,58.4,68.9,59.7,58.2,59.7,59.6,61.7,55.8,66.9,57.7,60.9,66.5,65.1,62.9,60.6,50.4,65.6,63.0
207,53.8,61.9,57.5,55.9,59.1,65.7,63.4,59.4,56.7,60.6,60.9,61.6,61.3,61.9,66.6,64.5,56.1,55.5,61.5,64.8,63.2,58.6,67.5,52.7,61.6,60.5,67.4,59.0,66.4,60.8,54.6,57.9,58.4,69.1,59.8,58.3,59.8,59.6,61.8,55.8,66.9,57.8,60.9,66.6,65.1,63.1,60.7,50.5,65.7,63.1
208,53.9,61.9,57.6,56.0,59.2,65.9,63.4,59.5,56.8,60.7,60.9,61.7,61.3,62.0,66.7,64.5,56.1,55.6,61.6,64.8,63.3,58.7,67.6,52.7,61.6,60.5,67.5,59.1,66.4,60.8,54.7,58.0,58.5,69.2,59.9,58.4,60.0,59.7,61.8,55.8,67.0,58.0,61.0,66.6,65.2,63.2,60.8,50.5,65.9,63.2
209,54.0,61.8,57.7,56.0,59.3,66.0,63.4,59.6,56.9,60.8,60.9,61.8,61.3,62.1,66.7,64.6,56.2,55.7,61.6,64.9,63.4,58.7,67.7,52.8,61.7,60.5,67.5,59.2,66.4,60.8,54.8,58.0,58.6,69.2,59.9,58.5,60.1,59.7,61.8,55.8,67.0,58.2,61.1,66.7,65.2,63.3,60.9,50.6,65.9,63.2
210,54.1,61.8,57.7,56.1,59.3,66.1,63.4,59.7,56.9,60.9,60.9,61.9,61.4,62.1,66.7,64.6,56.2,55.8,61.5,65.0,63.4,58.7,67.7,52.8,61.7,60.5,67.6,59.3,66.4,60.8,54.8,58.1,58.7,69.2,60.0,58.6,60.2,59.6,61.8,55.8,66.9,58.3,61.1,66.7,65.2,63.4,60.9,50.7,66.0,63.2
211,54.2,61.7,57.7,56.1,59.3,66.2,63.3,59.7,56.8,61.0,60.8,62.0,61.4,62.1,66.7,64.6,56.2,55.9,61.5,65.0,63.5,58.7,67.7,52.8,61.7,60.5,67.6,59.4,66.4,60.7,54.8,58.1,58.7,69.1,60.0,58.7,60.1,59.6,61.8,55.8,66.9,58.4,61.1,66.7,65.2,63.4,60.9,50.8,66.0,63.2
212,54.2,61.6,57.7,56.0,59.4,66.2,63.1,59.8,56.7,61.0,60.7,62.0,61.4,62.1,66.7,64.6,56.2,56.0,61.5,65.0,63.5,58.7,67.7,52.7,61.7,60.4,67.6,59.5,66.3,60.6,54.8,58.0,58.8,68.9,60.0,58.8,60.1,59.5,61.8,55.7,66.9,58.5,61.2,66.7,65.2,63.4,60.9,50.9,65.9,63.2
213,54.3,61.6,57.7,56.0,59.4,66.3,63.0,59.8,56.7,61.0,60.6,62.0,61.4,62.1,66.6,64.5,56.3,56.0,61.4,65.0,63.5,58.7,67.7,52.7,61.6,60.3,67.5,59.6,66.3,60.5,54.8,58.0,58.8,68.8,60.0,58.8,60.0,59.4,61.7,55.7,66.8,58.5,61.2,66.6,65.2,63.4,60.8,50.9,65.9,63.1
214,54.3,61.5,57.7,55.9,59.4,66.3,62.9,59.8,56.7,61.0,60.5,62.1,61.5,62.0,66.6,64.4,56.3,56.1,61.3,64.9,63.6,58.6,67.7,52.7,61.6,60.3,67.5,59.6,66.2,60.4,54.8,57.9,58.7,68.6,60.0,58.8,59.9,59.4,61.7,55.6,66.7,58.5,61.2,66.6,65.1,63.4,60.8,50.9,65.8,63.0
215,54.4,61.4,57.7,55.8,59.3,66.3,62.9,59.8,56.7,60.9,60.4,62.1,61.5,62.1,66.6,64.3,56.3,56.1,61.3,64.8,63.6,58.6,67.6,52.7,61.5,60.2,67.5,59.7,66.2,60.3,54.8,57.8,58.7,68.5,59.9,58.9,59.8,59.4,61.7,55.5,66.7,58.5,61.2,66.5,65.1,63.4,60.8,50.9,65.8,62.9
216,54.5,61.3,57.7,55.7,59.3,66.3,62.8,59.8,56.7,60.9,60.4,62.1,61.6,62.1,66.6,64.3,56.3,56.1,61.3,64.8,63.8,58.6,67.6,52.7,61.5,60.2,67.5,59.7,66.3,60.3,54.8,57.8,58.6,68.5,59.9,58.9,59.7,59.4,61.7,55.5,66.7,58.5,61.2,66.5,65.1,63.4,60.9,50.9,65.7,62.9
217,54.5,61.3,57.8,55.7,59.4,66.3,62.9,59.8,56.8,60.8,60.4,62.1,61.6,62.3,66.7,64.3,56.3,56.1,61.3,64.8,63.9,58.7,67.6,52.7,61.5,60.2,67.5,59.8,66.4,60.3,54.9,57.8,58.6,68.4,59.9,58.9,59.6,59.4,61.8,55.5,66.7,58.5,61.3,66.5,65.1,63.5,61.0,51.0,65.7,62.9
218,54.7,61.3,57.9,55.7,59.4,66.4,63.0,59.9,56.9,60.8,60.5,62.2,61.7,62.4,66.9,64.4,56.4,56.2,61.3,64.8,64.2,58.8,67.6,52.8,61.5,60.3,67.6,60.0,66.5,60.3,55.0,57.8,58.7,68.5,59.9,59.0,59.6,59.5,62.0,55.6,66.8,58.6,61.4,66.5,65.2,63.6,61.1,51.2,65.7,62.9
219,54.8,61.3,58.0,55.7,59.5,66.5,63.1,60.1,56.9,60.9,60.6,62.2,61.8,62.6,67.1,64.5,56.4,56.2,61.4,64.9,64.4,59.0,67.6,52.9,61.6,60.4,67.7,60.2,66.7,60.4,55.1,57.9,58.8,68.5,59.9,59.1,59.6,59.6,62.1,55.7,66.8,58.7,61.5,66.5,65.2,63.7,61.2,51.3,65.7,63.0
220,54.9,61.4,58.1,55.8,59.6,66.6,63.3,60.2,57.0,60.9,60.6,62.3,61.8,62.8,67.3,64.6,56.5,56.2,61.4,65.0,64.6,59.1,67.6,52.9,61.7,60.5,67.8,60.3,66.8,60.5,55.2,58.0,58.8,68.5,59.9,59.2,59.6,59.7,62.2,55.8,66.9,58.8,61.6,66.6,65.3,63.8,61.3,51.5,65.6,63.0
221,55.0,61.4,58.2,55.8,59.7,66.6,63.4,60.2,57.0,60.8,60.6,62.3,61.8,62.9,67.4,64.7,56.5,56.3,61.4,65.0,64.8,59.2,67.6,52.9,61.7,60.5,67.9,60.5,66.9,60.5,55.3,58.1,58.9,68.4,60.0,59.2,59.5,59.8,62.3,55.9,66.9,58.9,61.6,66.5,65.4,63.8,61.4,51.6,65.6,63.1
222,55.1,61.3,58.3,55.8,59.7,66.6,63.5,60.2,57.0,60.8,60.5,62.3,61.8,62.9,67.5,64.7,56.5,56.2,61.3,65.1,64.8,59.2,67.6,52.9,61.7,60.5,67.9,60.5,67.0,60.5,55.3,58.2,58.9,68.3,60.0,59.2,59.4,59.9,62.3,55.9,66.9,58.9,61.6,66.5,65.4,63.8,61.4,51.8,65.4,63.1
223,55.1,61.3,58.3,55.8,59.6,66.6,63.6,60.1,57.0,60.7,60.3,62.3,61.8,62.9,67.5,64.6,56.5,56.2,61.2,65.1,64.9,59.1,67.5,52.8,61.6,60.5,67.9,60.6,67.0,60.6,55.3,58.2,58.8,68.2,60.0,59.1,59.3,59.9,62.2,55.9,66.8,58.9,61.6,66.4,65.3,63.8,61.4,51.8,65.3,63.0
224,55.2,61.3,58.3,55.8,59.6,66.5,63.7,60.1,57.0,60.6,60.1,62.2,61.8,62.8,67.5,64.6,56.4,56.1,61.1,65.1,64.9,59.1,67.5,52.8,61.6,60.5,67.9,60.7,66.9,60.6,55.3,58.2,58.8,68.1,60.0,59.0,59.3,60.0,62.2,56.0,66.7,58.9,61.5,66.4,65.3,63.7,61.4,51.9,65.1,63.0
225,55.3,61.2,58.4,55.8,59.6,66.5,63.7,60.0,57.0,60.5,60.0,62.2,61.8,62.7,67.5,64.6,56.3,56.1,61.1,65.1,64.9,59.1,67.5,52.7,61.5,60.5,67.9,60.8,66.9,60.6,55.3,58.2,58.7,68.1,60.0,58.9,59.2,60.0,62.1,56.1,66.7,59.0,61.5,66.4,65.2,63.7,61.5,51.9,65.0,62.9
226,55.4,61.1,58.4,55.9,59.6,66.5,63.8,60.0,57.0,60.4,59.8,62.2,61.8,62.6,67.5,64.6,56.3,56.1,61.0,65.2,65.0,59.2,67.5,52.7,61.5,60.5,67.9,60.8,66.9,60.7,55.3,58.2,58.7,68.1,60.1,58.9,59.2,60.1,62.1,56.2,66.7,59.0,61.5,66.3,65.2,63.7,61.6,51.9,65.0,62.9
227,55.5,61.1,58.5,56.0,59.6,66.6,63.8,60.1,57.0,60.4,59.7,62.2,61.8,62.6,67.6,64.6,56.3,56.1,61.0,65.3,65.0,59.2,67.5,52.6,61.6,60.6,68.0,60.9,66.9,60.8,55.3,58.2,58.8,68.2,60.2,58.8,59.3,60.1,62.1,56.3,66.7,59.2,61.5,66.4,65.2,63.8,61.6,51.9,64.9,63.0
228,55.6,61.1,58.5,56.0,59.6,66.6,63.9,60.2,57.1,60.3,59.6,62.2,61.8,62.6,67.8,64.6,56.4,56.1,61.0,65.4,65.0,59.3,67.4,52.6,61.6,60.6,68.0,61.1,67.0,60.9,55.3,58.2,58.8,68.3,60.2,58.8,59.3,60.2,62.1,56.4,66.7,59.4,61.5,66.4,65.1,63.9,61.7,52.0,64.9,63.0
229,55.7,61.1,58.6,56.1,59.7,66.7,63.9,60.2,57.1,60.3,59.6,62.2,61.8,62.6,67.9,64.7,56.4,56.1,61.0,65.6,65.1,59.3,67.4,52.6,61.7,60.6,68.1,61.2,67.0,61.0,55.4,58.3,58.9,68.5,60.3,58.9,59.4,60.3,62.2,56.5,66.7,59.5,61.6,66.5,65.1,64.0,61.7,52.0,64.8,63.1
230,55.8,61.1,58.6,56.2,59.7,66.7,63.9,60.3,57.1,60.3,59.5,62.3,61.9,62.6,68.0,64.7,56.5,56.1,60.9,65.7,65.1,59.3,67.4,52.7,61.7,60.6,68.1,61.3,67.0,61.2,55.4,58.3,59.0,68.6,60.4,58.9,59.5,60.3,62.2,56.6,66.7,59.7,61.6,66.5,65.1,64.1,61.8,52.0,64.8,63.1
231,55.9,61.1,58.7,56.2,59.7,66.8,63.9,60.3,57.1,60.3,59.5,62.3,61.9,62.5,68.1,64.7,56.5,56.1,60.9,65.8,65.1,59.3,67.5,52.7,61.7,60.6,68.1,61.4,67.1,61.3,55.4,58.3,59.1,68.6,60.4,58.9,59.5,60.3,62.2,56.6,66.7,59.8,61.6,66.6,65.1,64.2,61.9,52.0,64.7,63.2
232,56.0,61.2,58.7,56.1,59.7,66.8,63.9,60.2,57.1,60.4,59.5,62.3,62.0,62.4,68.1,64.8,56.5,56.2,60.8,65.9,65.1,59.3,67.5,52.7,61.8,60.6,68.2,61.5,67.1,61.4,55.4,58.3,59.1,68.6,60.5,59.0,59.5,60.3,62.2,56.6,66.6,59.9,61.6,66.6,65.0,64.3,62.0,52.1,64.7,63.2
233,56.0,61.2,58.7,56.1,59.7,66.9,64.0,60.2,57.2,60.4,59.5,62.4,62.0,62.3,68.2,64.8,56.6,56.2,60.8,66.0,65.1,59.4,67.6,52.8,61.8,60.7,68.2,61.7,67.1,61.5,55.5,58.3,59.1,68.6,60.5,59.0,59.5,60.3,62.2,56.7,66.6,59.9,61.7,66.7,65.0,64.3,62.1,52.2,64.6,63.2
234,56.1,61.3,58.8,56.1,59.7,66.9,64.0,60.2,57.3,60.4,59.6,62.4,62.0,62.3,68.2,64.9,56.7,56.3,60.8,66.2,65.1,59.4,67.7,52.9,61.8,60.7,68.2,61.8,67.1,61.7,55.5,58.3,59.2,68.5,60.5,59.0,59.5,60.4,62.3,56.7,66.6,59.9,61.7,66.7,64.9,64.4,62.2,52.3,64.6,63.2
235,56.2,61.3,58.8,56.1,59.7,66.9,64.1,60.2,57.4,60.5,59.7,62.5,62.0,62.3,68.3,64.9,56.8,56.4,60.9,66.3,65.1,59.4,67.8,52.9,61.9,60.8,68.2,61.9,67.1,61.8,55.6,58.3,59.2,68.5,60.6,59.0,59.5,60.4,62.3,56.7,66.6,59.9,61.8,66.8,64.8,64.5,62.3,52.4,64.6,63.3
236,56.3,61.3,58.8,56.1,59.8,67.0,64.2,60.2,57.5,60.6,59.9,62.5,62.0,62.3,68.3,65.0,56.9,56.5,60.9,66.4,65.1,59.5,67.8,53.0,61.9,60.9,68.3,62.1,67.2,62.0,55.6,58.4,59.2,68.5,60.6,59.0,59.5,60.4,62.5,56.6,66.7,59.8,61.8,66.8,64.8,64.6,62.4,52.5,64.5,63.3
237,56.3,61.4,58.9,56.1,59.8,67.1,64.2,60.2,57.6,60.7,60.1,62.5,61.9,62.4,68.4,65.1,57.0,56.6,61.0,66.5,65.1,59.5,67.9,53.0,62.0,60.9,68.3,62.2,67.2,62.1,55.7,58.5,59.3,68.5,60.7,59.1,59.5,60.5,62.6,56.6,66.7,59.8,61.9,66.9,64.8,64.6,62.5,52.6,64.5,63.3
238,56.4,61.5,58.9,56.2,59.9,67.1,64.3,60.2,57.6,60.8,60.3,62.6,61.9,62.5,68.4,65.2,57.0,56.7,61.0,66.6,65.1,59.5,68.0,53.1,62.0,61.0,68.4,62.4,67.3,62.2,55.7,58.6,59.3,68.5,60.8,59.1,59.6,60.5,62.7,56.6,66.7,59.8,61.9,67.0,64.8,64.8,62.6,52.7,64.5,63.3
239,56.4,61.5,58.9,56.3,59.9,67.1,64.3,60.2,57.7,60.9,60.5,62.6,61.8,62.5,68.4,65.2,57.1,56.8,61.0,66.7,65.1,59.5,68.0,53.1,62.0,61.1,68.4,62.5,67.2,62.3,55.7,58.7,59.4,68.5,60.8,59.1,59.6,60.6,62.8,56.5,66.7,59.7,61.9,67.0,64.8,64.8,62.7,52.8,64.5,63.2
240,56.3,61.5,58.9,56.3,59.9,67.1,64.2,60.1,57.7,60.9,60.5,62.5,61.7,62.3,68.2,65.2,57.0,56.9,61.0,66.8,65.0,59.5,68.0,53.1,62.0,61.1,68.4,62.6,67.1,62.4,55.7,58.7,59.4,68.3,60.8,59.0,59.5,60.5,62.7,56.3,66.6,59.6,61.9,67.0,64.7,64.8,62.7,52.8,64.3,63.1
241,56.3,61.5,58.8,56.2,59.9,67.0,64.1,60.0,57.6,60.8,60.5,62.4,61.6,62.1,68.0,65.1,56.9,57.0,60.9,66.8,64.8,59.4,68.0,53.0,61.9,61.0,68.3,62.6,66.9,62.3,55.5,58.6,59.3,68.1,60.8,58.9,59.4,60.5,62.6,56.1,66.5,59.4,61.8,66.9,64.6,64.7,62.6,52.9,64.2,63.0
242,56.2,61.4,58.6,56.1,59.8,66.8,64.0,59.9,57.5,60.7,60.4,62.2,61.4,61.8,67.7,65.0,56.8,56.9,60.7,66.7,64.5,59.3,67.8,52.8,61.8,60.9,68.2,62.5,66.6,62.3,55.4,58.5,59.1,68.0,60.7,58.7,59.3,60.3,62.5,56.0,66.3,59.1,61.6,66.8,64.4,64.6,62.6,52.8,64.0,62.8
243,56.1,61.2,58.5,56.0,58.9,64.3,63.9,58.1,57.5,60.7,60.4,62.0,61.3,61.4,67.5,64.9,56.7,56.8,60.6,66.7,64.2,59.2,67.7,52.7,61.7,60.7,68.1,60.2,66.3,62.2,55.2,58.4,56.6,67.9,60.0,58.6,59.1,60.3,62.5,55.8,66.2,58.9,60.0,66.7,64.3,64.5,61.3,52.8,63.8,62.6
244,49.0,55.9,52.1,52.4,50.3,57.0,57.9,52.1,47.7,52.7,45.8,55.4,50.4,50.9,61.4,58.2,49.5,49.5,53.3,59.7,50.5,43.8,61.7,44.9,54.0,55.7,65.6,42.7,54.7,52.8,49.5,47.6,48.6,64.1,50.0,52.0,51.8,51.5,52.2,50.7,62.7,49.4,52.4,61.1,58.1,58.0,54.8,44.9,56.1,60.6
245,52.7,55.9,55.4,52.5,50.0,59.6,57.9,52.2,48.4,55.0,45.9,57.7,52.3,54.5,61.5,60.7,52.7,49.5,55.9,59.8,54.1,46.5,61.6,47.8,54.1,55.8,65.7,43.8,58.8,52.9,49.6,48.4,49.7,64.4,53.6,54.3,54.5,54.0,52.5,50.8,62.8,52.5,53.9,61.2,58.2,58.2,56.1,47.7,58.8,60.6
246,52.8,56.1,54.3,52.7,52.0,60.7,58.1,52.4,49.6,55.1,50.6,58.6,54.7,56.0,61.7,61.7,52.8,49.5,56.1,62.0,55.6,52.8,65.1,48.9,57.0,59.0,65.9,51.3,60.4,53.1,49.7,50.6,52.7,64.8,55.0,55.3,55.7,54.2,52.9,53.5,63.0,52.7,56.7,64.6,58.4,58.6,56.7,48.6,59.9,60.7
247,53.0,56.4,55.2,53.0,52.4,61.7,58.3,56.8,50.7,55.3,50.8,59.3,54.3,57.3,62.0,62.6,53.0,49.6,56.3,60.3,56.9,55.0,65.2,49.8,59.8,59.2,66.2,50.8,61.7,56.6,49.9,51.4,53.8,65.3,56.2,56.2,53.6,54.4,53.3,54.3,63.3,53.0,57.0,64.8,58.6,59.1,57.3,49.4,60.8,61.0
248,53.1,56.7,55.7,53.2,52.7,62.5,58.6,57.0,52.1,55.5,50.9,59.9,55.8,58.3,62.4,63.4,53.2,53.8,56.6,60.6,58.0,55.4,65.2,50.6,60.1,59.3,66.4,52.4,62.8,56.8,50.1,53.3,54.7,65.6,57.0,56.9,55.5,54.6,53.6,54.9,63.5,57.0,58.8,65.0,58.8,60.5,57.8,50.1,61.5,61.2
249,53.2,56.8,56.0,53.3,52.9,63.0,58.7,57.2,52.8,55.6,47.9,60.4,57.3,59.1,62.8,61.8,53.3,53.9,56.7,58.7,59.0,55.7,65.3,51.2,60.2,59.3,66.5,53.6,63.5,57.0,53.0,53.8,55.4,65.9,56.7,57.4,56.5,57.1,57.5,55.3,67.0,57.3,57.6,65.2,58.9,59.7,58.2,50.6,63.7,61.4
250,55.6,60.7,56.2,53.3,54.8,63.4,58.7,57.2,53.2,58.1,51.0,60.6,58.5,59.7,62.9,64.3,53.4,53.9,56.7,60.8,59.7,55.8,65.2,51.6,60.3,59.1,66.5,54.5,64.1,57.1,53.0,54.2,55.9,65.9,58.1,57.7,57.2,57.1,57.5,55.6,67.0,57.4,58.9,65.2,58.9,59.8,60.5,50.9,62.4,61.4
251,55.5,60.7,56.2,53.2,54.6,63.6,58.7,57.1,53.5,58.0,54.3,60.8,56.9,60.1,62.9,64.5,53.3,53.9,56.6,60.8,60.3,55.8,65.2,51.9,60.3,59.0,66.4,55.2,64.4,57.1,53.0,54.4,56.1,65.8,58.4,57.9,57.7,57.1,57.4,53.4,64.4,57.3,57.9,65.1,58.8,59.7,58.6,51.3,62.7,61.3
252,55.5,60.7,56.2,55.5,54.5,63.8,58.7,57.0,53.7,57.9,54.3,60.8,56.9,60.4,62.8,64.7,53.3,53.9,56.5,60.8,60.9,55.7,65.2,52.2,60.2,58.9,66.4,55.6,64.8,57.1,52.9,54.6,56.3,65.8,58.8,58.0,58.1,57.0,57.4,53.5,66.8,57.2,58.6,65.0,58.8,59.6,58.6,51.6,62.9,61.3
