step,Alabama,Alaska,Arizona,Arkansas,California,Colorado,Connecticut,Delaware,District of Columbia,Florida,Georgia,Hawaii,Idaho,Illinois,Indiana,Iowa,Kansas,Kentucky,Louisiana,Maine,Maryland,Massachusetts,Michigan,Minnesota,Mississippi,Missouri,Montana,Nebraska,Nevada,New Hampshire,New Jersey,New Mexico,New York,North Carolina,North Dakota,Ohio,Oklahoma,Oregon,Pennsylvania,Rhode Island,South Carolina,South Dakota,Tennessee,Texas,Utah,Vermont,Virginia,Washington,West Virginia,Wisconsin,Wyoming,Puerto Rico,Virgin Islands
0,7445.1,1056.7,8556.5,4441.8,55323.7,8432.4,6503.1,1592.0,2283.7,26496.5,15195.5,2036.0,2114.8,23241.7,11670.2,5663.9,5135.5,6947.0,7350.3,2303.9,9314.4,12760.3,17960.9,10206.5,4423.8,10605.1,1475.1,3495.6,3979.7,2370.3,15272.4,2777.0,32700.0,14984.8,1236.7,21732.3,5639.1,6165.0,21887.7,1822.6,7148.9,1440.9,10535.5,36000.7,4102.8,1140.0,13319.9,10462.4,2675.2,10851.2,898.5,3665.5,126.4
1,7436.9,1058.2,8596.5,4448.7,55499.8,8459.5,6509.9,1598.0,2283.1,26520.1,15251.9,2041.4,2119.3,23277.3,11670.1,5674.2,5126.6,6965.6,7357.8,2311.6,9306.0,12790.6,17970.4,10250.7,4417.5,10599.4,1478.2,3494.1,3985.1,2376.0,15278.8,2784.0,32729.6,15001.3,1235.1,21732.7,5641.6,6176.5,21899.1,1823.3,7146.1,1442.7,10544.2,36088.2,4120.8,1142.6,13341.0,10445.9,2665.8,10872.7,902.5,3675.1,126.3
2,7456.9,1061.4,8623.0,4465.5,55640.6,8512.7,6533.1,1603.6,2287.3,26642.2,15315.5,2051.3,2125.4,23340.3,11707.2,5699.9,5137.2,7003.2,7365.9,2324.3,9371.7,12826.4,18020.7,10282.5,4426.6,10619.5,1491.5,3509.7,3993.3,2384.4,15345.0,2793.4,32819.2,15064.0,1239.6,21785.4,5666.8,6184.2,21990.7,1832.0,7174.1,1450.6,10616.5,36212.5,4134.8,1151.8,13413.2,10548.3,2692.8,10917.0,907.5,3680.0,126.3
3,7442.6,1060.3,8634.7,4449.9,55868.9,8538.8,6531.9,1599.0,2303.4,26727.2,15303.1,2061.6,2143.9,23364.1,11704.2,5670.6,5155.2,6984.3,7372.1,2327.9,9386.4,12876.5,18116.3,10323.3,4418.2,10609.6,1485.0,3497.1,4012.7,2392.0,15367.0,2801.3,32944.9,15085.0,1240.0,21768.8,5685.1,6198.6,22019.5,1832.8,7168.3,1449.4,10561.5,36250.9,4146.9,1143.5,13433.3,10510.7,2690.0,10943.6,906.3,3710.3,127.7
4,7467.9,1062.5,8686.4,4456.5,56088.9,8577.7,6545.9,1597.8,2300.6,26835.9,15352.5,2063.7,2151.1,23363.2,11718.3,5668.8,5163.3,7003.2,7396.6,2328.3,9387.3,12878.8,18107.4,10306.6,4425.8,10603.4,1490.7,3506.6,4031.1,2394.0,15359.9,2806.7,32959.6,15112.1,1241.2,21775.5,5706.0,6218.5,22033.2,1837.9,7192.7,1442.2,10576.3,36403.3,4154.9,1148.5,13468.1,10551.2,2722.8,10924.2,906.1,3710.7,128.7
5,7461.9,1064.3,8686.9,4460.7,56287.7,8586.7,6554.8,1605.6,2317.6,26827.3,15356.1,2073.1,2148.1,23390.8,11704.2,5662.3,5163.8,6982.4,7360.0,2323.4,9418.4,12912.4,18120.3,10326.8,4418.1,10629.0,1485.7,3522.4,4031.6,2398.3,15378.4,2804.2,32958.6,15146.8,1237.1,21765.4,5721.2,6227.7,22055.1,1832.9,7219.0,1441.4,10590.3,36490.4,4161.9,1150.8,13501.1,10553.4,2680.1,10946.4,899.3,3834.2,128.8
6,7452.7,1066.2,8696.9,4452.0,56427.2,8613.2,6579.1,1605.4,2328.7,26989.0,15400.5,2075.4,2153.4,23348.0,11654.8,5690.9,5151.2,6979.3,7353.4,2339.3,9437.9,12976.8,18088.0,10339.0,4407.5,10576.8,1487.6,3509.1,4052.9,2404.4,15403.2,2816.3,33050.8,15149.2,1252.2,21751.8,5726.3,6225.2,22111.3,1839.8,7116.0,1437.5,10583.8,36523.5,4163.0,1151.1,13508.4,10536.4,2690.3,10932.9,905.2,3770.9,130.0
7,7464.9,1066.7,8726.8,4459.5,56569.9,8653.7,6562.6,1600.9,2336.6,27166.2,15402.0,2075.1,2164.0,23396.9,11661.0,5692.3,5161.2,6988.4,7362.8,2332.6,9450.4,12962.4,18083.9,10364.8,4400.0,10597.7,1490.6,3517.6,4089.1,2401.9,15393.2,2825.4,32950.2,15156.0,1244.1,21738.3,5738.9,6227.8,22062.8,1836.5,7118.4,1438.6,10581.9,36629.1,4167.2,1152.2,13527.5,10593.5,2672.9,10947.4,909.5,3709.5,132.6
8,7468.9,1063.9,8762.6,4458.6,56768.4,8671.2,6564.3,1602.4,2332.5,27151.2,15425.0,2087.7,2167.0,23400.8,11644.8,5684.4,5158.1,6983.4,7354.7,2325.3,9498.4,13009.6,18058.2,10374.7,4381.7,10594.8,1490.5,3516.4,4089.3,2407.5,15434.2,2829.6,33147.4,15142.0,1241.5,21707.1,5749.5,6244.2,22120.7,1841.8,7107.7,1440.7,10563.0,36701.4,4176.4,1153.8,13585.1,10588.5,2688.9,10934.9,905.0,3718.8,133.1
9,7452.2,1068.1,8772.6,4464.9,56766.7,8697.5,6554.1,1606.3,2341.5,27159.6,15422.9,2091.6,2164.8,23375.5,11612.4,5688.4,5172.7,7003.0,7364.1,2321.8,9494.8,13049.4,18073.2,10379.2,4381.7,10630.0,1484.4,3518.4,4091.1,2412.8,15419.7,2833.1,33198.4,15102.1,1238.9,21708.2,5757.1,6243.9,22094.1,1845.8,7136.0,1442.9,10568.5,36740.9,4186.9,1157.8,13627.6,10607.2,2691.0,10936.6,910.0,3732.2,133.6
10,7446.2,1067.7,8788.7,4462.5,56940.6,8722.5,6551.4,1604.7,2358.0,27207.6,15409.6,2090.7,2174.1,23396.7,11573.5,5686.4,5174.5,6985.7,7354.6,2339.8,9505.3,13079.3,18052.9,10389.2,4373.1,10623.7,1490.4,3521.9,4107.0,2423.3,15455.8,2844.1,33223.5,15126.5,1238.2,21698.4,5772.3,6273.7,22116.1,1850.3,7135.9,1439.9,10552.8,36789.9,4188.7,1158.3,13656.5,10620.0,2693.5,10955.8,908.5,3724.2,135.3
11,7442.7,1073.7,8824.0,4446.9,57124.6,8745.2,6559.0,1609.0,2372.1,27262.5,15431.7,2095.2,2175.0,23353.2,11535.4,5666.1,5164.5,6988.9,7373.9,2342.7,9543.2,13111.3,18017.8,10401.9,4363.4,10580.7,1485.4,3513.1,4122.4,2428.8,15502.4,2851.4,33254.1,15103.4,1240.3,21674.8,5771.3,6273.7,22121.5,1855.0,7131.5,1440.5,10542.0,36891.9,4200.9,1165.1,13665.9,10652.3,2691.9,10913.2,914.8,3713.1,135.5
12,7400.8,1062.6,8781.1,4452.4,57265.0,8742.6,6536.5,1603.2,2331.6,27191.2,15470.8,2083.8,2183.5,23351.0,11484.0,5670.5,5171.8,6972.0,7376.0,2349.5,9484.5,13153.3,17765.5,10401.6,4343.9,10581.2,1485.2,3531.7,4142.9,2441.3,15409.0,2848.8,33242.9,15195.4,1247.3,21645.5,5762.8,6263.4,22147.9,1852.5,7079.7,1449.0,10522.8,36910.1,4192.1,1169.1,13557.1,10602.7,2689.0,10930.4,919.0,3758.1,142.1
13,7407.9,1073.9,8807.5,4455.9,57230.7,8739.2,6512.8,1609.0,2318.2,27251.3,15457.9,2096.5,2187.4,23370.7,11491.1,5661.9,5170.7,6977.3,7377.2,2350.7,9496.8,13163.7,17797.1,10415.2,4333.2,10587.9,1487.1,3527.0,4160.7,2444.5,15425.1,2856.1,33200.8,15182.0,1248.5,21620.5,5782.3,6251.6,22157.8,1858.3,7064.5,1451.5,10504.9,36950.1,4192.2,1168.5,13563.8,10581.6,2692.1,10946.6,922.3,3764.8,141.7
14,7393.7,1073.4,8830.0,4454.2,57267.1,8739.9,6502.0,1619.6,2322.2,27289.1,15457.9,2099.5,2194.0,23355.6,11486.4,5652.0,5183.0,6934.8,7383.7,2349.1,9495.4,13124.9,17773.5,10414.6,4318.5,10592.3,1489.3,3529.4,4163.2,2439.3,15414.9,2863.9,33161.3,15150.9,1251.7,21594.0,5795.5,6232.4,22145.9,1854.3,7045.3,1450.6,10486.9,36972.2,4200.1,1165.8,13576.9,10579.4,2696.0,10916.8,925.2,3764.3,141.4
15,7391.8,1081.9,8809.2,4455.3,57115.6,8707.5,6492.4,1606.5,2318.8,27284.4,15355.8,2093.7,2192.3,23314.4,11468.7,5650.2,5176.5,6929.2,7369.2,2354.0,9480.5,13079.2,17748.4,10385.3,4318.0,10581.5,1485.7,3532.9,4156.2,2430.4,15450.2,2864.1,33026.0,15091.0,1249.4,21537.2,5806.7,6206.9,22065.5,1849.1,7026.1,1446.4,10442.7,36941.9,4189.1,1168.6,13542.3,10557.9,2689.4,10897.2,926.8,3756.3,141.6
16,7375.2,1081.2,8788.5,4445.2,57009.3,8693.5,6503.3,1604.1,2326.8,27295.2,15320.9,2089.5,2189.4,23289.3,11420.1,5651.5,5173.7,6919.5,7367.8,2350.6,9492.7,13057.5,17697.4,10370.4,4307.8,10576.4,1489.8,3538.2,4156.6,2432.5,15455.4,2867.9,33034.6,15056.3,1249.9,21476.2,5802.9,6192.1,22036.3,1843.6,7006.0,1448.3,10413.7,36922.6,4191.3,1164.8,13540.3,10546.8,2682.7,10876.7,929.7,3745.6,143.0
17,7360.0,1081.3,8786.2,4434.3,56954.4,8686.1,6499.0,1606.1,2329.2,27255.0,15294.7,2098.1,2188.3,23264.6,11411.1,5640.1,5163.8,6916.8,7361.0,2350.8,9504.6,13032.2,17680.8,10353.1,4298.1,10582.0,1489.5,3542.7,4160.7,2425.9,15453.8,2870.1,33002.5,15008.9,1249.7,21437.9,5810.5,6186.0,22039.3,1840.2,6982.3,1445.5,10389.8,36920.7,4184.6,1166.9,13538.3,10522.3,2682.2,10840.7,929.3,3771.6,143.4
18,7339.3,1089.0,8786.4,4430.3,56687.0,8655.0,6502.7,1595.0,2333.3,27296.4,15265.3,2095.9,2184.4,23133.3,11334.9,5628.0,5169.7,6892.5,7340.6,2341.9,9479.9,12963.2,17594.7,10335.9,4296.8,10499.3,1486.3,3534.0,4159.9,2414.1,15374.9,2868.2,32862.6,14983.7,1245.0,21358.0,5781.7,6152.8,21971.0,1840.2,6987.5,1444.2,10343.7,36812.1,4179.8,1167.1,13539.6,10495.4,2678.1,10826.0,931.6,3731.3,141.7
19,7343.5,1092.2,8779.6,4431.1,56676.8,8635.9,6490.2,1593.4,2351.4,27379.1,15252.7,2097.8,2188.6,23083.6,11336.2,5629.7,5159.8,6875.7,7349.1,2339.6,9491.9,12943.5,17566.8,10313.4,4287.3,10528.1,1485.3,3543.4,4158.2,2406.9,15357.2,2869.3,32776.6,14942.4,1242.0,21308.6,5776.8,6131.5,21974.5,1844.4,6978.4,1442.0,10332.3,36818.9,4178.0,1163.2,13525.2,10483.1,2680.7,10809.6,936.7,3715.6,141.6
20,7336.8,1088.8,8775.9,4415.4,56515.7,8597.0,6484.0,1585.7,2338.8,27292.5,15216.5,2097.2,2180.7,23012.3,11341.7,5614.5,5154.2,6851.5,7348.1,2336.5,9471.4,12891.8,17505.5,10308.4,4278.6,10491.7,1482.7,3527.7,4158.5,2404.6,15366.3,2868.7,32684.1,14877.6,1249.2,21238.6,5773.3,6116.6,21941.1,1837.4,6959.3,1440.0,10307.5,36737.7,4172.9,1161.7,13486.9,10454.8,2677.1,10786.1,931.6,3718.6,141.2
21,7309.9,1089.4,8738.1,4413.5,56387.8,8553.8,6480.7,1588.1,2342.9,27215.1,15178.0,2060.9,2170.7,22902.9,11298.2,5580.6,5149.7,6838.4,7320.7,2332.3,9488.9,12836.6,17398.3,10297.0,4276.0,10456.7,1485.9,3521.8,4092.6,2399.7,15398.7,2860.6,32334.1,14836.1,1247.3,21202.6,5740.6,6097.0,21864.7,1836.1,6911.1,1439.1,10267.2,36578.6,4155.6,1160.6,13426.3,10420.5,2681.7,10747.4,934.7,3697.5,138.8
22,7301.6,1083.7,8707.9,4405.7,56198.4,8512.6,6468.0,1586.6,2337.2,27149.7,15132.2,2048.1,2164.4,22850.1,11263.4,5571.2,5138.4,6822.6,7308.8,2326.9,9490.3,12791.3,17348.4,10283.6,4275.4,10450.3,1487.6,3529.8,4087.5,2393.2,15383.8,2863.9,32306.3,14790.1,1247.2,21151.8,5750.9,6074.8,21847.2,1832.3,6912.4,1438.7,10245.8,36493.7,4144.8,1159.4,13408.4,10371.0,2679.9,10720.4,939.4,3686.6,137.5
23,7291.9,1080.3,8692.9,4394.5,56117.8,8482.1,6462.1,1584.0,2336.9,27119.2,15105.1,2046.8,2161.7,22829.0,11236.9,5566.3,5131.7,6805.4,7294.3,2320.5,9504.6,12769.8,17325.5,10260.7,4265.2,10440.3,1486.4,3521.4,4083.3,2389.5,15368.3,2862.8,32267.4,14744.6,1244.5,21098.6,5740.0,6067.2,21824.2,1837.7,6889.4,1436.3,10231.5,36415.2,4128.6,1152.8,13390.5,10342.1,2678.4,10684.4,938.9,3707.9,137.3
24,7251.7,1087.6,8725.1,4390.3,56119.6,8474.3,6459.4,1574.1,2350.6,27634.5,14979.6,2058.3,2165.8,22814.3,11222.4,5574.8,5129.0,6830.6,7272.0,2328.0,9502.2,12763.1,17275.4,10249.4,4275.1,10456.5,1493.8,3497.0,4076.3,2389.1,15423.5,2874.2,32277.2,14769.5,1245.9,21074.3,5711.9,6068.5,21862.4,1843.1,6868.0,1434.1,10258.4,36396.6,4152.5,1157.9,13385.7,10335.2,2674.3,10711.3,938.1,3704.6,139.0
25,7257.1,1098.1,8708.1,4392.2,56119.2,8471.9,6455.0,1579.6,2351.7,27646.0,14987.9,2062.4,2162.9,22763.5,11229.6,5565.7,5113.1,6828.4,7256.5,2328.4,9517.0,12736.3,17297.0,10242.2,4269.2,10452.3,1496.6,3500.3,4080.9,2386.8,15440.0,2872.6,32281.1,14764.8,1246.3,21058.2,5713.0,6068.3,21868.9,1842.7,6867.3,1433.6,10246.6,36363.6,4168.8,1154.6,13399.5,10303.6,2682.0,10702.1,938.3,3710.8,140.5
26,7255.9,1099.9,8731.8,4399.0,56237.7,8463.9,6455.0,1572.5,2362.5,27684.8,14995.7,2067.3,2159.9,22718.3,11211.8,5550.4,5114.1,6823.1,7248.4,2333.0,9528.0,12737.1,17291.8,10229.0,4272.2,10441.1,1490.5,3499.6,4101.4,2390.1,15441.3,2879.6,32277.6,14774.1,1240.1,21038.0,5710.2,6064.7,21870.9,1849.5,6873.1,1432.7,10239.0,36387.5,4133.2,1155.1,13398.0,10280.9,2680.0,10696.8,937.2,3702.4,138.8
27,7256.3,1100.2,8765.4,4405.8,56293.6,8487.6,6453.0,1575.2,2369.8,27713.8,15007.6,2063.7,2174.3,22730.9,11210.3,5561.3,5126.4,6813.1,7274.4,2339.7,9513.4,12711.4,17286.5,10225.6,4279.0,10387.0,1496.3,3503.2,4125.6,2387.1,15384.6,2887.9,32297.8,14802.7,1241.8,20990.7,5715.1,6073.1,21825.7,1847.1,6909.8,1435.4,10239.9,36371.8,4137.9,1159.0,13412.5,10298.2,2674.3,10696.3,938.2,3700.4,139.4
28,7243.4,1097.3,8764.9,4408.4,56334.5,8497.2,6443.6,1582.0,2365.8,27746.2,15010.0,2082.2,2179.0,22705.0,11223.2,5559.5,5119.6,6816.6,7266.0,2337.9,9519.3,12697.4,17292.5,10233.2,4283.6,10386.8,1500.2,3498.9,4136.2,2383.4,15356.8,2889.5,32314.3,14780.1,1244.0,20986.8,5716.9,6075.0,21826.7,1844.5,6911.0,1438.9,10244.5,36405.8,4125.6,1154.5,13414.9,10312.5,2701.4,10693.2,940.6,3705.4,138.5
29,7231.7,1100.4,8777.3,4414.2,56331.1,8483.6,6435.6,1573.8,2369.9,27704.9,15039.1,2102.9,2183.7,22702.3,11241.5,5559.7,5112.4,6822.0,7268.3,2341.6,9518.9,12685.8,17305.9,10238.5,4299.1,10399.5,1509.1,3501.1,4130.6,2383.2,15326.7,2894.2,32293.0,14741.3,1247.5,20988.1,5703.9,6079.2,21837.1,1846.5,6918.2,1440.6,10253.0,36377.8,4119.8,1155.3,13419.1,10313.2,2669.6,10688.3,939.1,3670.3,136.4
30,7232.9,1103.5,8755.0,4413.7,56145.1,8451.0,6412.3,1579.4,2375.9,27738.3,14959.7,2095.3,2186.6,22660.5,11294.5,5551.8,5117.5,6816.8,7263.6,2339.3,9517.6,12673.5,17296.9,10258.1,4295.7,10312.5,1503.1,3495.1,4144.7,2383.9,15263.0,2895.1,32308.2,14773.4,1245.3,20995.0,5692.0,6093.5,21802.3,1842.0,6900.7,1440.3,10296.5,36323.9,4128.3,1150.4,13398.1,10327.6,2676.6,10686.4,940.6,3697.8,134.9
31,7236.8,1106.1,8771.1,4404.0,56193.6,8454.7,6410.2,1582.9,2375.3,27832.7,14951.3,2094.3,2183.1,22673.1,11300.9,5542.1,5117.2,6806.9,7265.9,2336.2,9524.0,12657.1,17303.5,10246.7,4281.8,10369.3,1502.2,3493.3,4156.1,2380.0,15274.6,2896.3,32314.4,14757.2,1246.8,20983.1,5691.9,6093.8,21804.3,1847.2,6915.8,1440.8,10283.4,36349.1,4119.8,1148.0,13401.8,10328.0,2673.7,10690.0,939.0,3700.9,132.8
32,7249.1,1105.3,8765.1,4410.0,56235.4,8430.6,6401.6,1590.0,2376.3,27808.0,14944.0,2101.4,2185.5,22655.4,11286.4,5550.6,5103.9,6813.6,7270.0,2333.0,9520.8,12647.5,17293.4,10262.2,4274.0,10414.3,1509.7,3494.3,4161.7,2384.9,15276.0,2902.6,32252.6,14729.7,1247.7,20978.8,5674.0,6089.6,21807.3,1845.9,6906.1,1442.0,10275.5,36361.3,4125.8,1147.7,13399.0,10325.1,2670.0,10680.8,942.5,3709.4,133.3
33,7250.5,1115.9,8773.3,4398.6,56241.7,8420.2,6389.6,1576.9,2372.1,27888.8,14966.4,2105.2,2198.1,22657.9,11265.8,5538.9,5075.0,6822.4,7256.6,2332.9,9505.6,12618.0,17269.8,10235.4,4256.7,10390.7,1510.8,3494.1,4179.7,2378.9,15270.7,2894.9,32263.8,14720.4,1247.3,20952.6,5651.8,6085.2,21794.6,1849.0,6919.6,1443.8,10291.1,36282.1,4130.7,1149.3,13398.4,10330.4,2663.3,10716.5,939.8,3706.0,134.0
34,7249.2,1115.9,8828.4,4395.1,56272.3,8413.3,6383.2,1578.7,2383.1,27918.2,14969.4,2104.5,2199.4,22648.6,11269.3,5545.0,5079.3,6821.4,7269.2,2327.1,9510.5,12603.2,17255.7,10244.7,4246.7,10399.0,1515.5,3488.1,4187.6,2374.6,15295.9,2903.0,32236.7,14696.5,1250.4,20929.4,5648.5,6076.7,21770.2,1850.5,6912.1,1441.3,10276.0,36280.6,4134.2,1146.5,13393.8,10332.6,2664.3,10728.3,940.5,3692.2,134.2
35,7232.3,1117.9,8807.8,4395.9,56233.2,8409.5,6375.6,1579.8,2383.4,27948.2,14971.9,2116.6,2199.6,22611.5,11255.9,5542.6,5069.5,6813.8,7256.5,2331.7,9504.6,12582.4,17213.3,10233.1,4249.9,10400.7,1518.4,3493.9,4200.1,2376.1,15279.4,2908.1,32226.0,14670.7,1252.3,20886.9,5639.9,6064.9,21714.7,1852.8,6906.4,1442.2,10278.5,36235.4,4127.1,1145.1,13388.3,10323.1,2656.9,10698.0,939.2,3726.0,132.9
36,7228.7,1113.5,8819.6,4395.8,56177.6,8378.9,6381.5,1570.3,2376.6,27941.4,14872.0,2119.3,2202.7,22557.1,11263.1,5535.1,5050.6,6801.3,7298.4,2334.3,9526.6,12534.9,17117.7,10239.1,4255.9,10381.1,1518.8,3516.5,4216.7,2371.9,15310.7,2913.8,32198.0,14624.1,1252.5,20892.2,5630.0,6078.8,21741.5,1860.2,6918.1,1442.1,10264.5,36226.6,4130.3,1151.5,13373.5,10355.3,2658.4,10676.4,939.4,3793.6,132.1
37,7229.1,1116.1,8822.1,4385.4,56131.1,8354.7,6360.6,1562.0,2373.2,27958.4,14865.7,2119.9,2194.8,22493.0,11237.0,5525.9,5041.2,6786.0,7297.5,2326.3,9488.5,12484.1,17060.0,10239.7,4243.0,10356.5,1518.5,3508.9,4235.7,2367.9,15259.7,2913.7,32153.7,14601.2,1252.1,20828.6,5617.3,6062.1,21681.8,1853.8,6930.4,1440.0,10250.0,36180.7,4125.2,1145.1,13357.3,10341.6,2639.9,10682.7,937.4,3812.7,130.8
38,7222.2,1117.8,8827.3,4372.4,56072.0,8316.9,6347.2,1560.1,2377.9,27989.0,14860.2,2121.7,2190.2,22429.7,11215.6,5512.3,5015.1,6793.5,7270.5,2328.5,9488.7,12468.6,17024.8,10219.6,4230.0,10328.1,1511.2,3498.5,4240.7,2366.9,15233.4,2910.9,32123.1,14570.0,1252.0,20793.7,5583.5,6042.4,21678.2,1857.3,6924.9,1438.9,10242.8,36109.6,4117.2,1145.6,13344.1,10303.8,2643.1,10659.8,933.8,3832.1,131.5
39,7216.4,1113.7,8839.9,4373.1,56186.1,8300.2,6338.5,1569.1,2381.5,27986.1,14842.5,2118.5,2184.2,22426.9,11209.7,5509.2,5010.3,6785.0,7279.4,2325.6,9539.2,12467.2,16968.3,10240.3,4224.6,10319.1,1520.7,3512.8,4235.8,2366.4,15266.0,2916.2,32072.5,14575.5,1251.9,20824.4,5581.4,6016.0,21657.3,1860.1,6908.6,1440.5,10246.0,36113.1,4117.7,1143.9,13349.8,10317.0,2650.8,10668.8,938.4,3825.8,131.0
40,7203.7,1121.5,8856.6,4376.4,56162.2,8297.6,6340.5,1575.4,2382.4,27990.6,14835.1,2123.2,2185.3,22399.0,11209.9,5509.7,5014.7,6787.2,7288.1,2330.0,9550.5,12463.7,17015.0,10243.8,4219.5,10316.9,1520.1,3507.1,4249.2,2370.0,15276.4,2915.4,32084.7,14571.3,1254.0,20815.6,5574.7,6007.5,21679.2,1864.6,6901.0,1439.7,10247.8,36083.4,4113.1,1147.9,13374.5,10323.6,2648.8,10671.8,941.3,3826.6,130.8
41,7188.3,1122.5,8867.6,4372.0,56204.1,8290.6,6329.4,1581.1,2376.5,28069.2,14831.5,2123.5,2189.5,22391.4,11191.5,5504.6,4995.1,6788.8,7285.1,2328.0,9553.3,12443.0,17011.3,10223.5,4210.8,10321.3,1519.5,3506.5,4253.9,2378.7,15254.3,2921.8,32061.2,14555.0,1254.5,20776.6,5553.4,6007.3,21675.0,1867.8,6894.3,1439.5,10243.8,36045.2,4117.4,1151.2,13367.9,10329.9,2650.6,10655.4,946.1,3799.8,130.9
42,7192.8,1119.8,8875.5,4378.4,56086.2,8292.3,6327.3,1579.3,2374.5,28065.2,14855.0,2131.6,2186.4,22376.0,11166.6,5509.5,5004.0,6770.0,7287.8,2332.9,9547.0,12436.5,16874.4,10219.2,4232.5,10287.8,1518.4,3497.9,4281.7,2381.6,15309.1,2927.9,32022.7,14476.6,1253.2,20764.1,5573.7,6008.4,21636.7,1871.5,6902.3,1442.7,10216.4,36027.1,4127.0,1151.2,13396.2,10339.3,2652.4,10619.6,946.8,3837.0,131.3
43,7194.1,1122.7,8898.4,4389.1,56133.4,8302.9,6325.3,1583.8,2358.4,28091.4,14869.6,2130.2,2190.5,22384.8,11199.4,5523.2,5006.3,6784.5,7293.1,2337.9,9548.8,12422.8,16941.8,10230.6,4216.7,10310.7,1523.4,3499.4,4303.5,2389.7,15304.9,2931.1,32015.4,14480.2,1264.1,20763.0,5565.9,6017.5,21655.0,1871.2,6910.5,1445.2,10229.4,36066.5,4134.5,1151.7,13414.6,10342.3,2652.2,10616.8,952.7,3850.0,132.5
44,7205.7,1126.8,8915.6,4395.4,56167.4,8296.2,6323.1,1589.7,2376.6,28162.5,14905.9,2135.6,2197.1,22372.9,11213.1,5534.9,5007.6,6814.8,7308.6,2340.5,9566.8,12443.0,16959.7,10229.9,4227.2,10319.7,1526.1,3501.1,4326.7,2387.4,15315.7,2931.6,32052.2,14497.1,1265.8,20749.5,5570.4,6027.0,21671.6,1870.4,6912.9,1441.2,10243.4,36125.6,4140.9,1150.1,13431.3,10352.0,2652.0,10654.3,956.4,3859.4,133.0
45,7215.5,1124.3,8967.5,4414.7,56281.1,8318.2,6345.6,1591.5,2374.5,28248.6,14859.7,2140.5,2203.1,22374.1,11249.5,5542.9,5011.7,6821.0,7324.1,2344.8,9568.2,12403.3,16966.4,10212.9,4243.7,10343.9,1530.7,3507.4,4357.7,2392.1,15316.6,2938.2,32056.7,14548.1,1261.4,20759.1,5579.6,6049.2,21701.4,1874.1,6913.2,1446.3,10277.3,36146.8,4157.8,1153.0,13478.7,10365.0,2656.6,10693.1,958.8,3882.3,133.8
46,7224.7,1124.8,8992.1,4409.3,56244.2,8318.1,6349.3,1592.0,2375.7,28266.2,14891.6,2142.9,2207.9,22340.3,11253.8,5546.5,5014.8,6819.7,7325.4,2345.7,9580.7,12414.8,16956.2,10209.5,4251.1,10327.5,1528.0,3511.0,4372.1,2398.4,15317.6,2946.3,32091.5,14537.9,1263.5,20762.4,5580.9,6053.3,21709.8,1876.1,6914.4,1449.2,10293.5,36188.2,4168.1,1156.1,13516.6,10374.1,2652.1,10684.2,955.7,3878.9,133.0
47,7226.9,1127.1,9019.2,4413.9,56274.5,8324.8,6334.0,1596.6,2380.2,28332.1,14927.0,2149.9,2213.0,22358.4,11255.9,5554.6,5007.6,6832.7,7321.7,2347.3,9583.7,12379.9,16954.9,10219.2,4247.7,10325.4,1533.5,3513.8,4397.1,2397.8,15302.5,2949.4,32069.9,14548.1,1265.2,20757.9,5580.8,6072.5,21716.9,1877.3,6925.2,1447.0,10297.4,36199.6,4174.4,1159.6,13516.7,10394.0,2659.8,10693.7,956.5,3871.6,133.8
48,7250.2,1133.1,9052.3,4414.9,56419.3,8339.4,6339.3,1601.4,2377.2,28581.1,14937.1,2157.4,2217.0,22355.4,11267.6,5560.5,5010.8,6827.3,7324.5,2353.1,9587.5,12377.8,16926.7,10211.6,4256.0,10347.3,1535.0,3521.7,4420.5,2392.2,15288.2,2954.2,32065.1,14548.5,1264.4,20769.3,5596.6,6041.0,21675.4,1876.1,6931.5,1450.1,10328.6,36323.1,4187.9,1158.2,13556.7,10371.6,2664.7,10704.6,958.6,3895.8,134.3
49,7264.7,1127.3,9069.3,4418.3,56502.2,8340.0,6339.3,1612.9,2392.6,28659.0,14959.8,2161.8,2223.4,22332.5,11257.6,5561.3,4994.0,6835.3,7329.4,2355.0,9592.7,12407.3,16899.4,10224.1,4253.3,10310.1,1540.0,3506.7,4427.1,2397.0,15296.7,2960.2,32126.1,14564.1,1265.2,20778.4,5597.6,6069.0,21690.4,1878.0,6933.9,1451.8,10396.1,36352.1,4201.1,1157.7,13601.6,10393.6,2667.6,10718.8,959.1,3899.3,135.1
50,7270.2,1133.0,9101.1,4420.6,56596.3,8364.4,6350.8,1610.9,2396.9,28743.5,14997.3,2162.7,2234.2,22361.8,11292.0,5567.2,5014.1,6840.3,7345.2,2356.3,9625.2,12438.1,16917.9,10228.4,4256.0,10342.6,1546.6,3517.0,4449.2,2410.0,15325.5,2964.1,32209.9,14589.6,1268.3,20819.0,5608.4,6097.5,21737.6,1879.0,6965.4,1451.3,10370.7,36391.8,4213.7,1161.0,13643.3,10430.2,2679.7,10735.2,960.7,3901.9,134.4
51,7289.6,1133.4,9130.6,4421.9,56681.5,8395.3,6362.9,1601.3,2402.7,28909.4,15014.4,2172.5,2246.7,22370.4,11327.5,5584.5,5049.6,6842.0,7342.3,2350.1,9624.4,12434.7,16942.8,10304.2,4267.0,10358.1,1563.2,3530.6,4493.2,2412.6,15296.5,2970.3,32137.7,14631.1,1272.0,20809.9,5612.2,6128.5,21733.2,1878.7,6985.5,1461.0,10384.5,36475.9,4232.8,1163.8,13677.4,10452.3,2685.0,10744.1,966.5,3900.4,135.3
52,7297.9,1134.6,9172.6,4428.2,56798.4,8404.8,6370.5,1610.0,2409.2,29000.5,15035.8,2180.7,2253.3,22411.5,11343.5,5582.3,5059.9,6840.5,7322.9,2351.6,9646.1,12449.0,16950.0,10320.6,4266.2,10365.5,1561.9,3532.9,4513.1,2420.2,15346.2,2978.1,32259.9,14679.0,1277.3,20810.7,5618.1,6143.6,21771.2,1888.3,7006.0,1463.2,10394.8,36504.9,4241.9,1167.0,13710.9,10469.5,2721.9,10762.3,963.8,3909.9,135.4
53,7314.4,1138.7,9211.7,4437.3,56862.7,8416.9,6367.9,1616.9,2416.3,29142.3,15044.5,2185.8,2261.5,22437.4,11346.7,5592.6,5058.0,6853.6,7334.6,2353.2,9658.9,12452.3,16913.5,10322.7,4269.3,10393.4,1572.3,3539.0,4542.1,2418.9,15366.3,2980.6,32305.1,14701.0,1280.2,20838.6,5617.6,6166.0,21814.2,1884.1,7018.6,1463.4,10419.1,36545.5,4256.8,1168.4,13742.0,10501.0,2687.0,10770.5,967.5,3932.3,135.7
54,7335.4,1143.7,9256.2,4439.8,57054.8,8419.9,6374.9,1617.2,2402.1,29242.8,15097.5,2197.4,2263.5,22451.4,11368.3,5613.9,5077.7,6835.0,7336.9,2354.9,9672.2,12460.9,16814.5,10330.3,4272.1,10356.9,1571.5,3540.7,4574.9,2426.0,15371.3,2989.4,32342.4,14766.3,1285.7,20856.6,5641.2,6187.4,21825.4,1884.9,7031.6,1462.6,10431.0,36638.8,4263.8,1169.7,13785.9,10501.9,2692.4,10821.4,967.7,3956.9,137.5
55,7340.8,1145.6,9283.1,4452.9,57070.6,8444.6,6387.3,1620.4,2416.5,29256.3,15129.3,2200.0,2270.0,22470.2,11377.8,5609.9,5079.9,6874.6,7350.1,2357.3,9692.3,12463.5,16935.7,10332.6,4272.8,10407.4,1566.5,3550.8,4589.7,2426.1,15381.1,2988.4,32360.4,14802.5,1286.3,20859.9,5653.0,6204.9,21838.6,1886.8,7052.1,1467.2,10447.9,36713.3,4269.7,1170.9,13799.0,10524.8,2692.2,10838.4,969.0,3947.5,138.7
56,7333.7,1149.7,9297.4,4447.6,57077.0,8455.3,6388.4,1622.7,2416.2,29118.1,15094.2,2205.1,2270.5,22440.8,11387.3,5605.2,5097.4,6879.7,7317.2,2355.4,9696.9,12471.8,16948.7,10345.0,4279.0,10413.6,1572.4,3552.5,4619.4,2428.3,15398.8,2983.0,32374.8,14833.6,1286.0,20847.7,5655.9,6217.6,21863.1,1889.1,7066.5,1471.2,10433.6,36687.8,4280.5,1173.4,13810.7,10519.9,2693.8,10811.1,964.5,3948.8,137.4
57,7365.2,1155.1,9404.3,4459.5,57329.9,8476.3,6394.0,1629.3,2416.3,29435.9,15200.4,2219.2,2286.8,22488.3,11404.4,5618.8,5099.3,6899.8,7343.0,2355.2,9735.8,12473.4,16971.7,10374.8,4282.0,10454.1,1575.8,3553.0,4672.8,2434.0,15404.8,3011.8,32428.8,14828.9,1292.0,20898.1,5685.8,6237.9,21917.2,1893.7,7078.2,1472.4,10489.5,36882.2,4301.8,1171.9,13868.3,10588.4,2703.4,10845.3,969.9,3968.3,138.9
58,7378.6,1150.6,9433.1,4470.9,57424.5,8483.3,6402.3,1631.9,2420.5,29591.2,15218.5,2228.1,2294.7,22499.5,11412.2,5625.8,5097.8,6907.7,7369.3,2360.0,9738.7,12469.5,16956.3,10376.3,4281.9,10452.6,1579.2,3555.5,4679.2,2432.4,15430.8,3015.8,32431.8,14848.5,1292.9,20885.8,5687.6,6247.4,21926.3,1890.0,7091.1,1472.5,10495.5,36916.2,4323.2,1171.4,13888.2,10608.9,2700.2,10850.6,975.9,3959.7,138.5
59,7394.5,1155.2,9482.0,4475.4,57404.5,8502.3,6404.3,1629.3,2416.9,29712.9,15240.3,2226.2,2300.9,22568.0,11404.5,5636.0,5101.5,6919.0,7366.0,2353.2,9752.5,12475.3,16954.0,10397.7,4288.1,10459.9,1585.2,3560.4,4700.1,2431.9,15447.3,3021.0,32469.1,14890.4,1292.0,20890.6,5698.4,6262.4,21950.4,1890.2,7099.6,1470.9,10519.5,36966.3,4332.5,1170.1,13923.2,10629.9,2704.6,10851.5,977.7,3953.7,139.1
60,7406.3,1160.6,9494.2,4478.0,57470.8,8512.2,6405.5,1630.4,2429.3,29802.9,15293.1,2231.7,2313.7,22483.3,11393.9,5629.2,5061.2,6906.0,7373.3,2349.8,9748.3,12459.7,16893.8,10322.0,4293.5,10450.1,1575.0,3561.3,4698.8,2442.0,15444.0,3020.2,32446.1,14923.0,1292.3,20831.6,5695.5,6279.2,21929.5,1889.1,7117.2,1473.6,10476.1,37077.6,4344.2,1172.0,13929.4,10652.7,2710.3,10848.9,979.9,3944.2,141.0
61,7416.3,1156.2,9546.6,4493.7,57591.7,8535.2,6410.3,1633.8,2429.9,29892.5,15312.8,2235.1,2320.9,22511.8,11428.8,5654.2,5089.0,6934.0,7368.0,2353.2,9770.8,12490.6,16942.2,10356.2,4303.8,10481.8,1589.3,3571.1,4727.7,2437.9,15459.5,3023.9,32435.2,14958.3,1298.0,20863.4,5713.5,6292.7,21963.8,1891.0,7118.7,1477.8,10524.6,37117.7,4364.6,1171.7,13963.4,10659.8,2714.2,10874.8,983.9,3945.0,142.5
62,7426.7,1159.0,9584.5,4497.5,57684.4,8554.8,6403.2,1634.3,2428.9,29890.3,15276.1,2240.6,2326.7,22501.8,11414.4,5673.1,5096.7,6931.1,7384.6,2347.9,9745.3,12467.7,16925.4,10368.9,4307.6,10492.6,1593.5,3578.9,4759.7,2436.5,15437.1,3025.5,32418.6,14955.3,1299.1,20871.7,5730.4,6316.0,21927.5,1891.0,7100.1,1482.5,10531.5,37187.9,4376.4,1174.3,13952.9,10699.1,2707.2,10887.7,990.1,3939.1,138.5
63,7466.2,1161.5,9677.9,4500.1,57894.0,8551.8,6436.2,1642.7,2431.0,30086.8,15426.5,2251.5,2334.0,22598.3,11445.0,5681.7,5093.2,6948.6,7441.0,2354.7,9798.7,12505.0,16946.0,10448.9,4308.6,10551.7,1589.0,3582.1,4808.2,2447.2,15503.5,3044.9,32551.9,14974.1,1306.8,20928.6,5756.2,6322.5,22031.3,1901.1,7124.1,1487.6,10549.1,37357.6,4394.3,1177.1,14004.7,10732.6,2717.0,10923.0,992.7,3947.5,137.8
64,7476.3,1163.5,9718.9,4505.3,57918.1,8571.5,6423.0,1644.0,2436.7,30233.8,15474.4,2259.0,2335.4,22587.7,11432.5,5684.5,5097.7,6956.6,7446.3,2353.6,9810.0,12512.4,16942.7,10483.2,4306.5,10551.0,1593.5,3579.9,4817.5,2449.8,15512.7,3047.9,32520.3,14972.5,1306.9,20916.6,5766.3,6330.7,22035.1,1895.2,7141.0,1485.8,10562.2,37412.1,4404.9,1176.0,14021.7,10760.5,2724.7,10900.9,994.9,3941.1,137.6
65,7469.3,1161.4,9756.0,4510.3,57987.7,8580.4,6428.2,1635.5,2433.2,30276.6,15455.6,2262.5,2338.9,22534.4,11443.0,5688.0,5097.2,6965.2,7457.1,2348.3,9809.2,12506.0,16875.1,10470.6,4304.9,10547.6,1599.7,3585.0,4833.1,2448.5,15523.9,3046.9,32542.9,14966.4,1307.3,20877.7,5767.2,6344.9,22043.1,1898.9,7103.5,1486.8,10570.2,37442.0,4414.6,1173.3,14031.5,10761.7,2726.4,10890.8,994.9,3937.6,138.8
66,7503.0,1170.1,9824.8,4520.3,58253.5,8627.0,6427.8,1645.1,2430.6,30490.4,15504.5,2273.8,2360.6,22654.9,11457.8,5703.3,5083.5,6962.2,7483.3,2355.8,9845.4,12538.1,16829.0,10508.9,4317.4,10573.0,1612.7,3594.7,4869.8,2458.9,15541.8,3065.7,32608.4,15041.5,1309.2,20940.7,5793.1,6375.3,22101.5,1903.7,7181.3,1491.4,10604.6,37686.4,4449.3,1179.7,14100.7,10817.8,2735.5,10924.8,1003.5,3940.5,142.1
67,7516.9,1171.8,9862.7,4524.2,58377.8,8632.1,6426.5,1650.2,2435.1,30590.8,15563.7,2282.1,2368.4,22670.1,11454.1,5704.6,5087.9,6993.0,7486.6,2355.0,9863.7,12542.1,16874.7,10527.5,4319.0,10612.5,1610.1,3592.8,4885.2,2456.7,15544.3,3070.8,32653.7,15070.0,1311.3,20930.5,5807.0,6385.3,22099.0,1903.0,7208.2,1495.1,10603.6,37746.6,4470.9,1180.2,14126.4,10847.7,2737.5,10935.2,1008.2,3931.3,141.8
68,7531.9,1171.0,9919.2,4536.8,58535.3,8663.1,6429.7,1654.7,2436.7,30722.0,15585.3,2283.8,2382.3,22697.3,11490.2,5721.1,5105.1,6995.6,6974.1,2356.2,9894.0,12562.1,16924.6,10547.0,4239.5,10600.8,1617.5,3597.6,4918.1,2464.5,15555.2,3076.2,32687.1,15126.2,1314.6,20959.5,5817.3,6404.5,22125.0,1902.7,7197.1,1499.2,10635.9,37869.3,4488.3,1178.5,14177.8,10819.7,2739.1,10959.5,1011.6,3942.1,141.6
69,7552.1,1170.6,9923.0,4537.7,58591.8,8673.2,6422.5,1653.2,2436.7,30729.5,15593.1,2282.5,2383.6,22685.4,11500.1,5717.5,5106.1,6989.6,6794.6,2351.9,9873.6,12533.3,16875.5,10548.8,4270.5,10600.0,1624.1,3600.3,4924.1,2462.4,15527.7,3078.7,32590.8,15127.7,1310.3,20945.9,5834.5,6411.0,22102.6,1895.0,7208.1,1496.2,10634.9,37926.9,4496.1,1175.9,14151.1,10894.4,2731.2,10946.6,1015.6,3944.0,141.6
70,7574.9,1174.4,9976.6,4554.3,58760.1,8694.2,6429.5,1667.6,2449.4,30765.5,15644.3,2279.3,2398.0,22717.3,11509.9,5720.4,5121.4,7003.9,6872.8,2355.2,9892.7,12564.1,16876.5,10570.2,4307.3,10620.0,1629.2,3604.5,4953.0,2468.5,15556.8,3096.3,32665.4,15160.0,1314.4,20963.3,5863.6,6447.8,22130.3,1896.8,7231.5,1502.5,10653.1,38119.9,4520.8,1177.3,14181.0,10935.9,2740.6,10960.3,1019.2,3964.3,141.6
71,7584.9,1170.7,10023.3,4559.5,58860.4,8720.6,6438.2,1661.7,2456.5,30861.8,15663.5,2294.2,2410.7,22722.4,11510.3,5724.1,5129.4,7000.2,6917.1,2358.2,9897.7,12577.7,16843.2,10585.9,4291.1,10633.1,1627.8,3603.4,4978.2,2473.6,15559.0,3100.6,32728.1,15177.9,1318.2,20959.5,5876.3,6470.5,22128.4,1895.0,7201.4,1504.9,10654.8,38209.2,4536.6,1182.7,14201.6,10980.2,2747.9,10977.3,1023.0,3935.3,141.3
72,7587.6,1171.9,10117.4,4580.9,58858.5,8746.9,6491.0,1662.8,2447.0,30907.7,15710.4,2291.1,2423.9,22775.2,11521.1,5749.1,5139.4,7030.5,6967.3,2360.2,9924.3,12599.7,16794.3,10619.3,4296.3,10664.0,1635.6,3614.2,5009.8,2461.3,15597.9,3114.2,32739.3,15276.4,1321.0,20980.0,5895.8,6485.1,22161.6,1891.6,7283.3,1511.1,10706.4,38367.0,4562.8,1182.1,14256.6,11011.1,2766.2,10975.2,1033.2,3958.0,142.0
73,7603.7,1177.8,10173.0,4589.9,59000.0,8763.0,6475.3,1665.0,2450.3,30960.8,15723.8,2304.2,2433.9,22831.7,11540.1,5771.6,5162.3,7041.9,7015.2,2360.4,9941.3,12612.5,16773.1,10623.2,4311.5,10686.9,1645.8,3628.5,5038.3,2466.7,15617.2,3129.6,32747.6,15291.6,1328.3,20999.1,5909.6,6510.7,22210.7,1893.4,7308.5,1515.2,10703.2,38440.4,4586.2,1184.0,14277.8,11036.4,2767.6,10991.8,1038.1,3960.8,142.7
74,7626.0,1183.8,10222.8,4594.2,59033.1,8782.1,6472.2,1664.8,2456.0,31075.6,15749.6,2310.1,2446.3,22857.2,11558.2,5779.7,5163.6,7066.3,7073.4,2366.9,9969.2,12633.4,16773.9,10643.4,4329.6,10705.6,1649.1,3626.1,5064.2,2471.6,15652.7,3141.9,32816.4,15326.2,1334.1,21026.3,5926.4,6524.2,22244.0,1899.7,7309.7,1518.1,10731.6,38591.1,4609.5,1185.1,14307.0,11057.8,2774.4,10998.0,1043.9,3964.8,144.2
75,7625.7,1187.9,10248.2,4608.7,59067.1,8791.4,6505.8,1664.2,2451.6,31117.5,15804.1,2314.6,2458.4,22863.8,11540.2,5784.9,5163.1,7047.2,7081.7,2376.4,9963.8,12652.1,16765.6,10624.2,4334.1,10719.4,1657.3,3620.7,5070.4,2482.8,15636.0,3144.7,32853.4,15456.6,1337.8,21007.6,5907.2,6544.1,22267.1,1912.2,7341.7,1518.9,10744.6,38639.7,4627.0,1184.1,14294.2,11074.9,2766.3,11025.4,1049.3,3947.3,145.6
76,7624.0,1186.8,10278.1,4602.6,59243.5,8811.4,6506.1,1666.5,2448.3,31179.5,15805.5,2320.0,2463.6,22856.1,11511.3,5785.7,5166.8,7045.7,7112.5,2366.6,9958.0,12634.2,16699.9,10601.0,4343.3,10703.1,1660.4,3622.0,5080.4,2472.9,15633.4,3152.1,32866.3,15472.9,1336.1,20965.5,5929.3,6561.6,22259.1,1904.1,7331.7,1520.5,10747.7,38753.8,4645.3,1182.8,14313.4,11102.6,2794.5,10997.8,1054.3,3936.9,145.4
77,7639.5,1198.4,10315.7,4611.8,59366.6,8834.5,6515.0,1665.1,2459.1,31241.1,15826.4,2326.9,2472.5,22924.5,11553.4,5797.7,5184.5,7044.4,7142.1,2367.2,9967.0,12659.7,16696.8,10631.9,4357.0,10714.4,1673.5,3634.5,5095.4,2478.7,15629.7,3173.8,32904.2,15503.5,1337.6,20961.7,5944.1,6573.5,22267.8,1906.1,7264.9,1522.8,10769.9,38875.0,4672.9,1185.6,14337.4,11148.9,2770.6,11027.7,1058.6,3922.3,146.0
78,7633.8,1184.0,10315.6,4598.0,59357.4,8821.9,6522.3,1659.3,2454.2,31253.0,15808.5,2326.7,2479.4,22912.4,11508.9,5782.1,5149.8,7018.4,7124.1,2362.5,9955.9,12671.4,16517.0,10619.1,4338.2,10706.4,1679.7,3632.4,5087.4,2482.6,15632.8,3169.1,32898.2,15590.6,1334.3,20929.6,5943.7,6580.0,22268.5,1901.3,7297.8,1525.7,10762.3,38894.7,4684.6,1184.6,14334.4,11136.4,2756.9,11015.0,1056.9,3925.6,145.4
79,7649.3,1186.2,10340.1,4600.8,59469.8,8838.9,6536.2,1662.1,2453.7,31321.8,15834.9,2338.5,2486.2,22944.0,11524.1,5784.4,5176.3,7050.9,7174.2,2370.2,9964.9,12677.4,16582.5,10613.7,4364.6,10717.8,1665.6,3633.8,5100.1,2481.3,15650.4,3171.9,32917.0,15610.7,1340.0,20930.9,5964.8,6587.0,22288.6,1904.7,7311.3,1531.0,10771.1,39069.8,4704.3,1185.9,14344.0,11181.6,2763.4,11018.7,1063.0,3909.0,145.5
80,7656.3,1188.2,10362.2,4602.2,59509.2,8847.1,6502.1,1662.4,2458.9,31325.3,15843.0,2343.8,2490.0,22948.5,11521.4,5797.4,5206.6,7051.7,7217.1,2364.6,9970.5,12687.9,16591.0,10617.5,4371.5,10726.9,1662.7,3644.5,5097.1,2482.1,15632.5,3181.0,32958.6,15624.8,1343.8,20918.5,5970.2,6599.6,22310.2,1912.6,7338.3,1530.9,10770.4,39207.9,4715.0,1187.8,14332.7,11207.3,2768.2,11030.8,1066.4,3897.3,147.2
81,7641.4,1181.5,10367.8,4601.1,59467.5,8862.2,6504.7,1665.8,2463.5,31301.5,15915.3,2329.7,2488.7,22920.7,11534.7,5800.9,5203.7,7045.7,7221.6,2365.3,9979.6,12698.8,16519.2,10588.7,4373.3,10733.0,1666.3,3641.3,5081.7,2484.3,15632.4,3172.2,33000.3,15688.3,1341.9,20896.3,5963.8,6610.0,22325.4,1911.8,7402.1,1531.3,10738.7,39259.4,4717.7,1187.9,14339.4,11211.8,2767.3,11023.9,1067.6,3897.5,147.0
82,7648.6,1189.8,10364.5,4596.1,59465.2,8880.1,6505.4,1666.5,2464.7,31309.3,15928.0,2341.1,2496.5,22933.9,11533.5,5802.5,5199.7,7050.9,7235.6,2368.3,9988.7,12708.3,16519.3,10605.5,4379.9,10754.4,1670.4,3650.5,5087.3,2481.1,15642.2,3182.4,33070.7,15753.3,1345.6,20879.8,5965.5,6624.9,22330.2,1912.1,7401.8,1534.9,10744.8,39372.1,4753.4,1191.0,14356.9,11229.2,2772.9,11026.6,1071.9,3904.4,147.1
83,7666.6,1190.9,10386.4,4602.6,59498.0,8916.2,6522.9,1672.9,2467.6,31345.7,15949.9,2344.7,2501.3,22972.5,11563.4,5823.1,5235.4,7092.7,7268.2,2373.5,10010.1,12736.3,16518.3,10630.3,4384.7,10785.5,1678.4,3657.6,5102.7,2488.5,15666.2,3189.3,33160.7,15785.4,1352.3,20906.0,5988.5,6641.4,22375.6,1916.4,7441.8,1541.5,10763.7,39518.5,4771.9,1186.4,14378.8,11260.5,2776.1,11037.5,1083.3,3837.1,147.5
84,7706.2,1193.9,10383.5,4605.0,59557.0,8911.1,6527.6,1666.9,2468.6,31388.0,16017.5,2345.8,2509.6,23034.5,11564.0,5822.4,5233.4,7110.7,7310.7,2375.9,10035.2,12766.9,16460.8,10653.9,4384.5,10759.0,1688.6,3669.7,5104.7,2487.9,15648.3,3185.5,33236.0,15812.5,1352.6,20957.8,5986.9,6647.5,22395.9,1916.9,7470.2,1543.2,10770.1,39588.3,4798.6,1186.2,14428.1,11289.8,2774.8,11057.2,1086.4,3890.0,146.0
85,7727.8,1197.6,10410.4,4609.1,59656.3,8932.9,6523.9,1660.4,2482.0,31385.5,16022.6,2348.4,2519.4,22987.3,11522.1,5820.1,5231.1,7102.7,7334.0,2376.2,10004.5,12762.4,16494.0,10658.9,4384.7,10756.0,1692.0,3674.0,5134.9,2493.4,15603.6,3195.7,33230.0,15853.2,1352.1,20877.3,6005.0,6665.2,22347.3,1912.5,7467.8,1545.3,10769.3,39732.7,4818.1,1185.4,14423.3,11351.2,2753.7,11051.1,1090.6,3878.8,145.7
86,7743.1,1196.9,10437.3,4629.3,59798.2,8980.0,6523.4,1665.7,2482.8,31418.1,16041.8,2351.4,2529.7,23072.9,11585.5,5819.3,5271.5,7124.2,7366.7,2379.9,10041.5,12764.0,16488.1,10667.9,4373.8,10824.1,1702.8,3674.6,5140.4,2493.0,15631.6,3211.7,33274.6,15903.8,1357.8,20940.9,6043.1,6683.3,22412.3,1910.3,7485.6,1551.5,10800.0,39904.9,4843.1,1187.8,14452.3,11369.1,2771.6,11070.4,1097.4,3880.0,145.2
87,7715.9,1195.5,10403.3,4620.6,59616.0,8998.5,6529.8,1663.7,2477.4,31349.4,16021.8,2339.2,2533.8,23064.3,11579.7,5823.6,5261.5,7125.0,7328.6,2368.2,10024.5,12772.6,16465.9,10661.5,4380.9,10792.9,1703.0,3683.3,5127.6,2483.1,15642.8,3199.4,33238.2,15890.2,1355.7,20931.3,6020.5,6665.6,22403.0,1906.2,7477.8,1554.0,10772.4,40010.6,4852.1,1185.0,14444.5,11395.7,2766.1,11066.0,1095.4,3885.3,145.6
88,7721.5,1196.1,10408.6,4619.5,59686.0,9013.1,6543.9,1668.4,2469.8,31304.9,16022.6,2356.7,2539.5,23098.1,11579.7,5835.1,5265.7,7144.7,7339.4,2369.2,10038.8,12798.8,16458.5,10663.2,4381.7,10803.0,1703.2,3691.4,5132.5,2494.2,15676.3,3202.4,33317.5,15920.0,1360.1,20945.2,6031.4,6673.9,22436.6,1910.7,7476.6,1558.1,10776.8,40116.7,4869.7,1187.8,14448.5,11423.3,2766.1,11087.9,1100.2,3889.8,150.0
89,7727.0,1197.6,10441.9,4621.9,59751.1,9032.1,6563.5,1672.3,2469.3,31273.0,16037.7,2364.5,2547.6,23109.8,11607.1,5852.9,5292.4,7146.9,7367.8,2376.5,10039.2,12825.9,16437.4,10675.7,4384.5,10795.4,1703.0,3699.9,5119.1,2498.2,15674.0,3208.7,33378.6,15968.7,1361.5,20962.8,6050.8,6675.5,22490.8,1909.4,7513.4,1558.0,10802.9,40260.1,4885.1,1192.2,14463.0,11454.8,2774.3,11120.8,1102.9,3882.3,150.3
90,7720.3,1191.7,10436.0,4607.1,59910.2,9040.8,6566.6,1665.9,2473.9,31145.6,16025.0,2355.7,2540.5,23097.4,11578.8,5841.8,5303.2,7118.3,7363.4,2380.4,10046.2,12820.1,16364.5,10680.6,4379.5,10785.7,1707.7,3705.9,5100.4,2499.2,15672.8,3209.2,33387.2,15943.4,1363.6,20912.4,6056.2,6674.3,22489.0,1906.1,7487.9,1561.9,10813.3,40331.8,4888.7,1189.9,14461.4,11458.5,2769.9,11092.0,1105.0,3914.1,146.0
91,7733.3,1195.1,10440.5,4618.2,59816.3,9040.0,6569.2,1666.3,2473.6,31084.8,16041.1,2352.2,2541.8,23075.9,11570.8,5842.0,5299.5,7108.3,7385.8,2378.2,10046.0,12820.5,16388.6,10669.1,4395.7,10803.3,1707.2,3711.6,5092.7,2493.6,15669.8,3213.3,33376.9,15957.4,1363.1,20897.4,6074.9,6684.7,22471.3,1901.2,7484.9,1561.9,10817.8,40397.9,4896.1,1186.1,14452.0,11476.3,2776.8,11088.0,1106.8,3876.9,145.7
92,7746.3,1197.5,10436.6,4614.4,59802.4,9061.9,6564.1,1664.0,2478.3,31011.8,16036.8,2360.3,2536.0,23067.3,11576.6,5845.9,5301.8,7133.8,7406.7,2379.7,10036.4,12818.7,16370.8,10658.4,4400.5,10812.0,1702.8,3714.1,5080.3,2494.5,15631.8,3213.1,33378.1,15966.8,1365.4,20881.1,6079.6,6680.1,22454.9,1892.0,7499.4,1560.0,10816.9,40495.7,4892.9,1185.5,14458.9,11484.6,2777.5,11085.3,1108.9,3872.4,146.9
93,7753.0,1198.0,10442.3,4616.3,59722.7,9074.6,6573.3,1662.5,2494.9,30916.7,16033.7,2360.6,2533.8,23062.4,11577.8,5854.8,5302.7,7122.4,7432.1,2380.2,10033.3,12834.1,16319.5,10647.9,4403.4,10798.8,1709.5,3718.7,5086.0,2493.2,15681.9,3219.8,33486.6,15979.8,1370.7,20888.2,6095.9,6694.4,22484.5,1891.2,7489.6,1561.9,10813.1,40605.9,4905.6,1183.7,14457.4,11500.4,2779.3,11063.3,1114.1,3849.2,146.1
94,7753.5,1200.4,10424.8,4620.7,59739.7,9085.7,6577.2,1669.6,2493.7,30879.9,16035.5,2351.7,2540.7,23082.6,11586.5,5872.4,5315.8,7136.5,7436.4,2390.6,10038.8,12854.2,16336.6,10660.1,4406.8,10815.5,1711.7,3720.4,5092.5,2499.0,15674.8,3225.5,33530.2,16008.5,1376.9,20894.1,6108.8,6697.1,22494.1,1887.2,7487.7,1563.6,10824.4,40693.6,4916.9,1185.9,14473.1,11543.4,2780.2,11066.6,1121.9,3838.5,145.4
95,7767.9,1200.7,10402.0,4624.7,59749.2,9093.7,6581.2,1675.4,2500.8,30831.4,16038.7,2363.6,2538.2,23086.3,11575.4,5865.4,5305.8,7130.3,7451.6,2390.8,10048.6,12852.5,16327.0,10662.0,4414.8,10814.9,1713.5,3723.5,5104.0,2501.3,15677.6,3231.1,33561.6,16034.0,1378.2,20880.0,6095.2,6700.7,22495.3,1884.7,7493.7,1564.0,10830.2,40783.2,4918.5,1187.2,14475.2,11554.1,2785.8,11079.4,1126.8,3799.8,145.1
96,7749.6,1208.4,10382.4,4625.9,59529.7,9100.1,6605.5,1672.7,2494.8,30704.9,16057.1,2358.9,2523.4,23115.1,11566.1,5874.1,5323.7,7142.6,7436.6,2388.2,10065.6,12882.0,16285.4,10673.3,4421.0,10831.3,1716.9,3738.4,5085.7,2509.4,15713.7,3222.4,33656.2,16035.9,1386.3,20917.3,6141.3,6691.9,22527.6,1885.4,7512.9,1574.6,10836.2,40903.2,4890.0,1187.8,14503.4,11570.6,2794.1,11093.6,1132.7,3824.2,147.0
97,7748.2,1207.2,10359.9,4635.9,59571.1,9121.2,6608.3,1676.3,2495.2,30668.8,16052.2,2360.7,2523.9,23088.6,11562.9,5873.2,5327.7,7138.8,7457.4,2389.1,10062.1,12894.2,16266.7,10687.4,4420.4,10833.6,1716.9,3735.7,5074.4,2504.8,15708.1,3231.8,33661.0,16056.6,1391.7,20890.2,6162.0,6692.0,22518.1,1881.5,7506.3,1578.7,10839.0,41019.3,4891.4,1189.7,14500.9,11587.4,2798.2,11095.2,1135.9,3821.7,146.6
98,7729.9,1206.4,10308.8,4625.7,59496.5,9115.7,6612.1,1673.4,2503.3,30541.2,16010.1,2358.7,2525.6,23059.4,11514.1,5869.0,5336.6,7113.6,7452.7,2388.5,10041.4,12897.7,16197.1,10682.5,4408.6,10805.9,1718.7,3736.7,5059.4,2503.1,15703.2,3232.3,33653.9,16030.1,1396.6,20766.2,6159.7,6686.5,22489.6,1877.9,7488.9,1579.0,10815.6,40980.9,4887.0,1187.1,14482.7,11584.7,2786.6,11080.8,1136.3,3817.0,146.6
99,7738.6,1206.5,10269.6,4617.2,59518.0,9128.2,6601.0,1674.1,2508.2,30326.4,15968.0,2354.4,2523.4,23056.2,11516.0,5870.0,5346.8,7114.9,7462.8,2388.7,10046.2,12902.1,16096.1,10646.8,4411.3,10813.0,1710.0,3733.3,5053.4,2502.7,15665.1,3231.8,33703.4,15973.7,1395.2,20793.3,6154.3,6678.3,22535.9,1873.3,7456.9,1575.4,10794.3,41084.6,4886.5,1189.3,14499.7,11579.0,2785.3,11061.8,1136.2,3804.1,145.0
100,7719.0,1215.0,10240.6,4611.7,59357.4,9129.2,6589.6,1664.3,2514.3,30175.4,15933.1,2350.0,2523.3,23037.4,11519.2,5873.7,5335.3,7123.5,7463.0,2387.4,10021.9,12886.3,16068.0,10648.3,4401.5,10811.0,1709.4,3732.6,5041.5,2500.0,15618.1,3225.3,33693.5,15944.6,1396.9,20766.9,6150.6,6658.0,22532.8,1869.5,7452.4,1577.9,10778.9,41118.0,4874.9,1188.9,14474.0,11571.4,2814.6,11064.7,1140.6,3799.2,145.7
101,7698.8,1214.3,10199.6,4615.6,59255.5,9118.7,6583.5,1660.5,2519.8,30039.8,15899.3,2342.3,2518.2,23007.2,11499.3,5865.2,5341.6,7103.3,7467.4,2388.5,9993.2,12879.9,16104.9,10637.3,4384.5,10807.8,1702.3,3725.2,5018.9,2500.9,15596.0,3226.0,33683.4,15914.4,1397.5,20737.4,6141.9,6641.1,22504.6,1865.8,7424.1,1575.3,10746.6,41137.7,4869.9,1183.0,14466.3,11567.8,2783.6,11055.5,1142.3,3830.8,145.7
102,7690.2,1216.4,10132.0,4611.6,59133.5,9110.2,6559.4,1656.5,2533.6,29877.7,15838.5,2330.7,2518.1,22985.0,11466.3,5870.6,5327.1,7079.2,7458.5,2381.9,9991.6,12875.8,15935.8,10629.9,4351.9,10759.9,1704.9,3722.4,4992.6,2499.9,15545.6,3219.5,33712.4,15878.8,1405.5,20682.1,6155.8,6629.9,22482.9,1854.7,7374.6,1575.4,10709.4,41186.9,4863.6,1180.9,14455.2,11571.7,2792.3,11048.3,1144.3,3787.3,145.3
103,7668.3,1213.9,10118.4,4609.7,58907.0,9100.5,6551.5,1653.0,2548.1,29729.1,15788.2,2330.0,2504.4,22947.7,11444.1,5867.0,5298.2,7073.1,7481.9,2372.9,9975.6,12858.6,15945.6,10619.0,4353.0,10763.3,1701.1,3724.4,4963.6,2497.6,15497.2,3220.8,33676.4,15838.8,1401.9,20622.4,6156.0,6605.8,22463.4,1853.0,7355.3,1579.2,10685.1,41200.7,4861.7,1177.7,14434.4,11571.1,2786.7,11029.1,1143.5,3782.6,145.2
104,7646.8,1216.1,10063.5,4606.3,58793.0,9079.6,6531.9,1647.3,2531.0,29593.9,15722.3,2310.3,2492.9,22869.7,11414.1,5864.9,5316.5,7031.4,7412.8,2363.3,9947.6,12834.3,15870.9,10599.0,4338.9,10755.3,1697.4,3723.1,4937.7,2495.9,15460.5,3222.8,33594.4,15812.3,1404.5,20566.6,6159.2,6592.3,22439.8,1848.8,7344.9,1576.7,10641.3,41090.6,4848.7,1177.9,14404.2,11535.7,2790.6,11034.7,1145.5,3778.2,143.8
105,7600.8,1212.4,9975.2,4589.1,58392.9,9038.6,6506.7,1640.8,2516.2,29354.9,15614.3,2294.4,2464.7,22778.8,11348.5,5848.5,5316.7,6998.0,7478.9,2362.3,9920.8,12805.5,15773.0,10574.8,4325.9,10720.3,1691.3,3727.4,4873.7,2485.4,15380.9,3209.4,33486.1,15699.6,1404.2,20453.0,6146.3,6541.8,22364.5,1838.8,7297.5,1576.0,10578.9,41121.2,4814.3,1175.0,14360.8,11396.0,2791.4,10988.5,1148.4,3752.1,143.6
106,7539.5,1211.0,9891.0,4570.5,57983.4,8998.2,6484.1,1637.9,2511.8,29166.9,15515.3,2299.5,2439.8,22656.6,11272.2,5823.3,5304.3,6973.3,7479.4,2349.8,9879.1,12754.6,15660.9,10522.9,4307.2,10670.3,1687.0,3719.6,4818.4,2478.7,15294.7,3194.0,33375.5,15601.0,1405.6,20327.3,6135.3,6482.4,22256.2,1828.7,7251.9,1571.5,10505.7,41068.0,4786.1,1172.7,14301.6,11412.2,2787.6,10942.7,1144.1,3735.0,142.7
107,7505.2,1217.6,9796.4,4548.0,57651.8,8941.8,6450.1,1624.8,2507.8,28985.6,15435.5,2272.0,2425.3,22514.2,11170.8,5807.2,5289.7,6925.7,7473.4,2339.7,9843.4,12695.9,15535.0,10468.4,4279.4,10617.1,1678.3,3712.7,4758.6,2461.6,15223.1,3172.4,33252.4,15516.3,1403.1,20207.2,6123.0,6412.2,22191.2,1821.5,7198.0,1570.0,10441.4,40942.0,4756.6,1164.5,14243.5,11324.3,2778.4,10884.9,1137.6,3741.4,141.9
108,7407.7,1207.9,9703.5,4527.2,57100.0,8887.0,6411.9,1613.7,2518.2,28682.7,15303.9,2263.6,2398.0,22316.5,11006.2,5770.5,5269.4,6848.1,7429.6,2326.9,9783.4,12576.5,15124.8,10399.6,4247.7,10546.1,1657.2,3695.5,4694.4,2454.9,15158.1,3146.3,33068.1,15321.1,1394.8,20018.7,6081.9,6348.0,22037.7,1806.3,7107.1,1565.0,10339.9,40694.4,4704.8,1156.5,14133.1,11267.3,2764.4,10779.3,1127.1,3692.3,140.2
109,7353.9,1209.2,9585.0,4516.2,56572.7,8808.0,6381.2,1605.6,2511.2,28461.7,15187.6,2250.1,2374.1,22176.2,10944.8,5753.6,5236.0,6811.9,7416.6,2311.8,9752.5,12544.2,15121.1,10337.1,4225.2,10496.5,1650.7,3682.4,4640.6,2437.8,15094.2,3124.2,32975.2,15233.9,1396.9,19911.1,6052.8,6288.0,21963.5,1798.6,7051.4,1560.0,10258.7,40424.4,4669.5,1153.2,14073.5,11180.9,2755.1,10712.9,1117.2,3673.8,139.6
110,7307.1,1206.4,9504.5,4487.3,56197.8,8740.3,6339.5,1594.2,2498.1,28256.4,15082.7,2240.9,2352.1,22006.0,10861.1,5716.6,5196.8,6769.0,7372.6,2297.5,9706.3,12482.0,15018.7,10270.4,4188.8,10431.0,1633.4,3669.2,4580.4,2421.4,14993.5,3096.7,32819.9,15089.5,1393.7,19772.0,6014.6,6223.6,21821.1,1786.6,6998.5,1552.4,10170.1,40166.7,4637.4,1147.1,13993.3,11089.6,2741.9,10635.1,1109.3,3653.5,139.3
111,7275.4,1203.8,9406.9,4467.9,55792.1,8662.5,6270.7,1582.4,2477.2,28069.3,14989.5,2227.0,2332.5,21803.0,10758.9,5681.5,5149.7,6734.6,7317.8,2295.7,9673.6,12424.3,14939.5,10204.2,4164.9,10361.4,1634.3,3645.4,4520.2,2409.2,14908.6,3075.7,32527.0,14971.7,1381.2,19575.4,5960.1,6180.9,21703.3,1773.8,6952.0,1535.3,10084.4,39880.4,4589.9,1138.3,13911.8,10990.1,2720.7,10540.2,1096.6,3648.9,137.7
112,7252.5,1204.1,9367.2,4442.4,55623.2,8649.6,6276.4,1585.6,2485.6,27984.6,14940.8,2221.0,2326.8,21752.7,10723.4,5675.4,5134.2,6726.9,7317.1,2297.2,9673.8,12409.0,14807.3,10191.9,4158.2,10340.3,1632.9,3644.5,4488.5,2414.6,14923.3,3073.2,32576.9,14946.3,1395.4,19498.4,5939.1,6167.0,21685.7,1775.2,6933.2,1545.8,10059.3,39786.4,4582.6,1142.1,13924.3,10978.9,2721.0,10527.8,1099.9,3643.3,138.3
113,7220.4,1201.7,9319.0,4432.1,55371.2,8601.4,6248.7,1574.8,2490.5,27879.7,14893.5,2223.9,2329.1,21663.0,10655.8,5654.4,5115.5,6709.0,7288.0,2282.1,9664.5,12368.1,14654.5,10134.3,4149.1,10315.9,1634.7,3633.6,4462.9,2402.7,14882.0,3063.1,32521.6,14886.0,1396.2,19391.1,5924.7,6148.0,21623.5,1771.0,6898.3,1541.1,9997.3,39656.8,4564.5,1135.6,13904.2,10941.5,2724.0,10475.9,1085.9,3621.6,137.0
114,7209.2,1203.5,9285.6,4433.7,54935.8,8565.5,6216.0,1568.6,2511.3,27763.1,14822.2,2211.8,2315.1,21579.7,10613.0,5635.8,5096.8,6696.2,7279.6,2277.2,9619.2,12322.4,14623.4,10118.1,4141.1,10283.3,1629.7,3638.5,4435.5,2388.8,14822.7,3057.1,32607.2,14828.9,1394.4,19279.2,5904.6,6141.1,21561.4,1757.9,6883.0,1543.7,9982.8,39526.1,4542.0,1130.9,13857.0,10882.7,2705.3,10434.1,1079.3,3568.9,137.3
115,7181.4,1203.1,9247.6,4429.8,54780.7,8543.2,6208.2,1565.5,2511.8,27669.3,14768.0,2204.0,2308.9,21532.4,10677.3,5641.2,5077.6,6693.3,7279.2,2272.1,9609.8,12320.0,14631.2,10090.2,4129.6,10280.5,1627.0,3627.0,4417.2,2388.7,14807.6,3057.7,32559.8,14802.3,1394.2,19241.4,5886.0,6115.5,21537.1,1756.9,6868.0,1535.0,9965.7,39436.0,4533.5,1136.7,13847.7,10863.0,2704.5,10405.3,1074.3,3535.2,137.5
116,7159.4,1203.7,9203.1,4421.2,54603.4,8530.3,6211.0,1564.0,2485.2,27590.5,14721.4,2198.2,2306.5,21499.7,10654.9,5638.6,5067.3,6698.2,7272.3,2279.1,9589.7,12328.8,14656.3,10036.7,4120.3,10253.8,1624.5,3621.2,4410.3,2394.2,14788.7,3049.3,32423.6,14787.8,1400.1,19265.7,5866.0,6111.6,21531.0,1758.8,6844.2,1536.4,9950.6,39391.9,4533.1,1130.7,13806.8,10846.6,2691.2,10400.2,1074.8,3516.3,136.2
117,7139.4,1206.6,9172.6,4405.5,54716.5,8515.3,6191.7,1564.9,2503.6,27541.5,14699.4,2197.6,2314.2,21459.9,10652.9,5622.7,5052.9,6695.7,7240.6,2273.6,9582.9,12314.7,14673.6,10076.2,4100.9,10221.8,1625.2,3617.5,4385.1,2391.2,14744.5,3036.4,32352.1,14718.6,1399.0,19232.5,5842.7,6094.6,21539.2,1759.1,6839.4,1531.6,9953.2,39344.8,4523.6,1132.1,13802.1,10831.2,2689.9,10399.9,1066.8,3522.8,136.4
118,7150.4,1203.5,9161.8,4413.1,54669.3,8505.8,6189.8,1559.3,2508.2,27546.1,14696.9,2189.1,2309.1,21460.7,10678.8,5620.0,5056.3,6701.8,7238.7,2272.2,9573.0,12321.6,14648.6,10073.0,4105.3,10217.4,1626.1,3616.1,4382.5,2386.5,14747.8,3030.8,32362.8,14717.0,1401.7,19224.6,5840.6,6087.7,21535.4,1758.3,6832.1,1534.0,9965.4,39341.9,4523.5,1133.4,13807.7,10803.3,2693.3,10387.1,1067.2,3510.2,135.9
119,7143.1,1202.6,9140.1,4406.2,54587.0,8485.8,6183.7,1552.6,2510.4,27482.5,14681.7,2186.9,2305.5,21415.8,10669.5,5608.0,5039.3,6685.4,7205.9,2273.2,9556.1,12342.1,14652.4,10078.8,4100.4,10207.4,1620.8,3598.0,4386.7,2389.4,14755.3,3027.2,32359.5,14692.9,1402.6,19213.0,5830.1,6083.1,21516.5,1759.1,6814.7,1529.5,9935.1,39323.7,4514.7,1131.7,13788.0,10787.7,2701.6,10386.1,1064.0,3505.1,136.9
120,7136.9,1206.6,9144.5,4398.0,54457.0,8460.5,6123.7,1548.8,2513.8,27470.1,14658.3,2198.7,2288.0,21416.4,10690.2,5607.2,5037.5,6675.1,7193.3,2275.4,9553.0,12400.5,14657.3,10060.4,4098.2,10172.3,1625.2,3591.2,4351.1,2383.5,14719.4,3024.6,32382.7,14684.5,1402.8,19220.3,5829.8,6078.5,21498.5,1761.9,6826.2,1524.6,9956.6,39444.9,4519.6,1133.2,13759.2,10792.4,2692.7,10381.5,1065.6,3507.2,138.8
121,7126.4,1203.5,9135.0,4389.9,54395.3,8480.8,6124.1,1537.9,2497.6,27479.4,14644.0,2190.5,2295.0,21435.1,10684.4,5609.9,5026.1,6645.1,7187.4,2272.2,9420.1,12383.9,14644.9,10050.2,4097.1,10175.0,1619.4,3595.8,4342.7,2379.9,14672.3,3026.0,32394.1,14659.4,1408.1,19201.4,5826.4,6075.7,21445.7,1759.8,6832.2,1525.3,9941.7,39434.0,4510.5,1131.1,13683.5,10775.6,2688.4,10385.3,1066.5,3508.0,140.5
122,7140.9,1204.3,9139.2,4410.5,54407.0,8486.6,6132.7,1550.8,2517.3,27500.5,14672.4,2190.5,2299.7,21435.5,10710.0,5620.4,5028.1,6677.7,7216.2,2274.8,9560.3,12384.8,14638.9,10056.8,4106.4,10180.5,1625.0,3593.5,4333.5,2387.5,14679.0,3027.2,32462.9,14698.6,1414.3,19229.8,5842.5,6083.1,21530.7,1762.0,6838.4,1527.6,9957.0,39550.1,4519.4,1134.0,13760.6,10792.0,2708.8,10396.1,1067.4,3522.6,139.9
123,7153.1,1210.3,9153.4,4421.6,54756.4,8494.7,6171.7,1560.4,2536.6,27573.0,14685.9,2193.5,2303.7,21489.3,10748.1,5639.2,5056.0,6708.7,7222.1,2276.4,9622.8,12410.5,14710.0,10101.0,4129.2,10191.1,1624.9,3608.3,4347.5,2387.8,14743.1,3031.1,32586.0,14739.0,1428.5,19282.4,5861.0,6100.1,21629.6,1762.3,6884.2,1535.1,10006.6,39623.0,4530.5,1145.0,13851.0,10812.8,2710.2,10430.9,1074.7,3478.2,139.1
124,7192.4,1213.6,9190.9,4452.7,54895.2,8525.3,6201.7,1566.5,2542.9,27714.0,14757.0,2201.2,2311.4,21557.9,10788.1,5638.5,5070.5,6735.6,7248.9,2283.4,9646.7,12462.2,14751.1,10101.7,4147.2,10200.6,1630.9,3614.3,4358.6,2396.1,14768.6,3039.6,32701.4,14801.6,1429.9,19320.2,5888.8,6121.4,21709.7,1765.7,6925.2,1534.9,10068.4,39826.9,4543.4,1140.3,13923.5,10841.3,2749.2,10429.6,1077.2,3491.9,138.3
125,7190.3,1220.1,9160.5,4480.3,54864.2,8518.3,6185.2,1568.6,2549.4,27687.4,14751.1,2194.8,2300.2,21533.1,10771.9,5627.7,5078.1,6741.1,7278.1,2268.8,9651.3,12411.7,14765.9,10101.3,4154.4,10191.3,1626.3,3624.6,4354.4,2389.2,14763.1,3047.0,32663.3,14786.8,1425.6,19324.8,5900.5,6131.1,21726.8,1764.0,6909.5,1539.5,10045.9,39842.8,4544.1,1138.4,13917.8,10836.4,2729.0,10426.7,1075.8,3472.2,138.8
126,7187.8,1226.8,9136.4,4460.9,54776.8,8522.1,6203.8,1576.8,2556.0,27701.8,14778.0,2202.8,2304.0,21455.0,10809.1,5622.2,5077.8,6718.3,7246.7,2269.9,9639.1,12432.4,14834.2,10101.9,4151.2,10188.8,1628.4,3628.0,4352.6,2391.1,14722.5,3042.3,32646.5,14796.2,1430.7,19304.2,5895.4,6112.6,21708.4,1768.6,6928.9,1542.6,10054.3,39819.4,4551.2,1147.5,13940.1,10821.9,2734.2,10442.5,1071.1,3470.2,139.4
127,7173.2,1224.8,9129.5,4464.9,54783.9,8525.4,6211.8,1577.9,2526.3,27703.2,14768.1,2199.2,2305.1,21562.1,10805.6,5620.3,5082.0,6717.5,7247.8,2264.8,9639.5,12436.9,14784.1,10112.7,4138.1,10246.4,1629.0,3630.3,4349.6,2389.5,14698.6,3029.7,32594.8,14800.1,1434.8,19296.1,5890.5,6129.0,21744.2,1772.7,6929.7,1543.2,10045.2,39884.0,4547.9,1143.1,13921.7,10821.6,2731.4,10453.2,1076.6,3460.5,139.2
128,7156.0,1227.6,9101.5,4447.8,54742.7,8507.3,6207.9,1578.8,2543.3,27620.3,14758.5,2199.6,2300.9,21572.9,10771.7,5614.4,5056.9,6735.3,7245.2,2274.1,9638.2,12430.1,14832.0,10100.8,4138.1,10212.1,1628.3,3623.0,4322.1,2388.9,14663.3,3009.8,32603.4,14782.4,1440.0,19345.2,5880.0,6118.9,21725.7,1770.6,6919.1,1542.2,10045.8,39902.6,4549.3,1144.4,13909.4,10820.7,2725.5,10444.7,1081.0,3454.5,139.7
129,7184.3,1230.8,9158.4,4446.3,54962.5,8537.7,6227.5,1573.7,2549.6,27749.6,14801.7,2207.9,2315.7,21645.6,10817.1,5644.1,5086.2,6763.5,7251.0,2277.2,9667.3,12484.9,14892.3,10158.9,4148.3,10224.9,1628.1,3627.3,4337.2,2396.7,14699.5,3021.5,32726.9,14852.8,1455.4,19425.3,5916.1,6152.2,21791.7,1767.0,6935.7,1548.0,10078.2,40099.0,4564.8,1152.9,13944.3,10874.9,2735.3,10483.6,1083.8,3447.2,139.3
130,7175.0,1232.9,9169.0,4445.6,54974.3,8539.6,6222.1,1571.7,2549.1,27723.7,14798.0,2219.5,2313.7,21662.0,10811.2,5646.9,5071.8,6762.2,7246.4,2276.1,9656.5,12490.2,14898.9,10169.2,4134.3,10221.1,1624.6,3623.0,4338.6,2394.5,14680.7,3020.4,32773.9,14856.9,1460.0,19439.6,5915.3,6151.5,21814.3,1771.5,6927.5,1549.8,10070.9,40115.0,4571.5,1146.2,13949.7,10875.7,2733.3,10492.8,1078.9,3441.8,142.4
131,7168.1,1232.5,9194.1,4449.0,55040.2,8556.5,6227.9,1576.6,2552.4,27742.9,14800.5,2211.1,2309.7,21677.3,10822.5,5654.3,5081.8,6778.4,7264.5,2277.0,9669.7,12505.6,14901.1,10167.1,4140.3,10213.2,1625.4,3625.3,4344.1,2399.4,14689.4,3025.8,32798.1,14856.8,1467.8,19456.5,5927.7,6146.7,21834.8,1770.1,6948.7,1547.2,10074.6,40203.7,4580.5,1143.0,13951.2,10883.5,2725.8,10484.6,1077.5,3445.4,141.6
132,7147.3,1234.5,9194.0,4442.5,55077.4,8583.2,6227.7,1576.9,2571.4,27799.6,14706.9,2208.9,2314.1,21689.4,10868.6,5655.5,5082.9,6757.9,7276.5,2273.5,9669.7,12512.0,14959.0,10203.7,4130.4,10210.6,1625.8,3617.8,4353.9,2398.5,14660.9,3020.4,32974.3,14827.1,1471.3,19478.1,5920.8,6169.4,21850.5,1768.7,6918.9,1543.3,10090.7,40265.4,4584.1,1146.3,13984.4,10911.4,2720.6,10507.5,1077.3,3442.6,139.8
133,7159.9,1232.2,9205.6,4428.7,55144.7,8572.9,6241.4,1583.4,2573.1,27786.8,14848.9,2220.8,2312.5,21703.6,10878.8,5660.7,5072.7,6776.6,7292.5,2281.8,9683.8,12521.2,14969.7,10217.5,4128.6,10205.9,1626.9,3619.4,4355.4,2400.1,14683.4,3024.0,33010.2,14906.6,1477.2,19503.7,5888.4,6173.8,21872.0,1769.8,6951.8,1545.9,10128.7,40276.8,4594.8,1145.6,14008.1,10910.5,2733.9,10507.8,1078.5,3444.4,140.9
134,7163.2,1232.2,9211.6,4441.0,55124.9,8593.0,6235.2,1583.4,2577.2,27814.0,14877.3,2224.2,2311.5,21740.3,10907.6,5669.2,5075.2,6788.2,7302.2,2281.5,9699.8,12528.2,15020.4,10232.2,4138.9,10230.1,1631.2,3626.5,4353.3,2403.7,14685.4,3028.3,33034.3,14923.6,1486.2,19525.7,5938.4,6180.9,21900.0,1772.0,6964.0,1546.1,10145.3,40446.9,4602.2,1147.9,14020.3,10910.0,2735.5,10521.8,1081.2,3437.6,140.9
135,7159.6,1234.6,9235.2,4477.1,55246.8,8632.2,6274.7,1592.2,2587.5,27929.3,14916.5,2216.5,2323.5,21796.1,10936.4,5690.5,5102.1,6797.5,7312.8,2278.6,9706.1,12559.3,15076.6,10257.8,4138.2,10248.7,1633.5,3642.6,4362.5,2411.6,14708.6,3032.4,33139.2,14948.3,1491.6,19566.1,5967.3,6185.1,21952.3,1778.3,6992.7,1549.2,10188.4,40590.0,4618.6,1146.4,14024.6,10950.4,2746.8,10529.6,1082.8,3450.9,141.0
136,7156.7,1232.8,9261.6,4448.7,55269.9,8635.7,6259.2,1580.2,2579.9,27911.7,14917.6,2218.8,2323.0,21778.3,10960.1,5685.2,5103.7,6786.8,7309.4,2271.3,9698.5,12561.5,15092.7,10289.7,4137.5,10244.9,1635.3,3639.8,4365.8,2404.5,14696.0,3032.9,33110.4,14953.4,1498.5,19549.7,5966.7,6179.7,21946.9,1776.1,6993.1,1552.1,10205.3,40627.7,4617.4,1150.5,14011.3,10954.0,2748.4,10531.5,1085.7,3441.3,140.5
137,7142.2,1239.2,9225.3,4439.0,55247.2,8635.8,6249.2,1578.5,2588.4,27887.1,14911.7,2214.1,2323.8,21782.1,10924.6,5683.7,5083.7,6803.9,7289.0,2272.5,9700.3,12543.9,15114.8,10292.7,4138.9,10230.4,1635.1,3645.8,4362.7,2401.8,14696.0,3033.0,33132.1,14975.3,1502.6,19523.0,5970.1,6185.7,21980.7,1777.4,6994.5,1557.6,10203.0,40725.1,4627.6,1149.4,14004.8,10950.2,2740.2,10527.4,1088.0,3451.3,139.7
138,7168.8,1241.2,9228.4,4477.1,55438.5,8659.0,6272.8,1579.7,2600.1,27985.6,14942.2,2231.9,2337.9,21836.1,10969.5,5695.9,5118.7,6803.8,7327.5,2287.3,9742.5,12627.1,15200.1,10246.5,4144.2,10254.3,1636.3,3650.6,4378.1,2404.1,14738.2,3042.1,33254.9,14994.1,1519.1,19668.4,5995.5,6198.0,21962.5,1781.3,7008.1,1556.8,10249.4,40871.9,4653.8,1151.1,14053.9,10995.2,2751.3,10572.6,1091.6,3468.5,140.0
139,7168.7,1241.5,9281.0,4477.9,55494.7,8681.8,6262.5,1575.1,2595.7,28007.9,14948.5,2228.7,2341.1,21874.7,10971.4,5707.6,5120.6,6836.7,7328.3,2286.3,9717.7,12613.9,15213.8,10332.6,4134.4,10245.9,1644.4,3649.0,4378.2,2402.9,14717.9,3029.6,33227.2,15009.3,1529.6,19697.1,5982.3,6202.5,21961.6,1776.6,7011.9,1558.3,10264.2,40944.9,4663.0,1156.7,14041.3,11010.2,2756.5,10565.4,1098.1,3443.3,138.6
140,7185.2,1250.2,9307.6,4475.0,55612.1,8715.7,6272.4,1581.7,2607.9,28080.6,14975.4,2236.9,2345.3,21896.8,11024.6,5727.5,5115.9,6848.9,7340.6,2291.1,9736.4,12654.1,15253.4,10380.0,4143.2,10260.2,1651.3,3660.6,4386.9,2409.1,14753.7,3030.0,33331.0,15026.0,1545.5,19704.9,6026.9,6213.1,22008.6,1779.1,7014.3,1563.7,10274.0,41045.5,4675.1,1157.9,14119.8,11015.6,2770.4,10582.0,1101.6,3457.2,139.1
141,7173.7,1252.0,9315.5,4493.6,55649.5,8703.4,6263.7,1574.2,2597.9,28084.9,14950.2,2238.5,2348.7,21888.5,11035.0,5723.4,5125.8,6844.8,7340.1,2288.4,9751.0,12652.9,15281.0,10352.9,4143.9,10248.1,1652.4,3664.3,4391.5,2411.2,14759.6,3018.2,33310.1,15015.0,1553.0,19710.6,6020.4,6211.4,22009.0,1780.1,7012.6,1568.0,10294.4,41032.1,4678.7,1158.4,14099.3,11011.0,2776.0,10568.2,1101.2,3459.1,138.1
142,7179.8,1250.8,9332.5,4491.4,55748.5,8723.1,6266.6,1575.5,2593.8,28114.2,14965.7,2244.3,2358.7,21905.3,11028.1,5733.1,5129.9,6859.3,7343.3,2291.4,9746.0,12660.6,15307.3,10364.4,4141.5,10259.0,1655.4,3671.6,4389.9,2418.4,14767.2,3018.7,33375.2,15040.3,1566.3,19762.7,6020.2,6223.2,22048.5,1782.1,7014.9,1568.1,10311.1,41105.2,4684.5,1158.1,14116.0,11033.4,2783.1,10573.7,1104.0,3482.7,137.7
143,7177.8,1247.9,9348.1,4489.8,55838.4,8746.8,6279.8,1578.7,2600.2,28167.8,14957.9,2247.2,2363.8,21925.6,11064.1,5738.7,5133.4,6856.6,7351.8,2288.3,9769.5,12677.2,15309.6,10385.6,4136.5,10268.2,1658.7,3675.1,4391.1,2415.6,14785.8,3018.4,33445.0,15061.8,1581.8,19802.0,6031.6,6229.0,22053.3,1782.6,7029.1,1573.2,10320.9,41206.1,4705.3,1162.0,14112.1,11033.0,2791.9,10589.7,1105.6,3471.3,137.7
144,7202.1,1253.9,9377.7,4493.5,56075.4,8761.9,6293.7,1579.1,2603.4,28252.6,14999.2,2222.5,2354.1,21987.6,11113.9,5748.3,5158.7,6887.2,7373.7,2287.8,9804.2,12730.3,15361.5,10385.6,4157.7,10293.5,1664.1,3687.0,4404.5,2422.9,14834.1,3012.8,33542.8,15134.2,1604.1,19871.5,6055.2,6243.4,22081.0,1788.3,7066.4,1573.0,10349.2,41371.2,4722.2,1162.9,14164.0,11042.7,2795.5,10574.6,1104.9,3494.5,136.8
145,7202.2,1258.4,9390.6,4494.7,56169.6,8769.5,6311.4,1580.8,2603.5,28288.7,15016.4,2255.7,2357.0,22018.7,11146.7,5760.5,5162.5,6896.3,7384.6,2296.5,9809.4,12739.5,15385.9,10400.8,4165.8,10295.9,1662.6,3689.3,4408.0,2418.3,14871.3,3023.8,33618.6,15149.1,1616.4,19923.7,6076.4,6249.9,22145.4,1795.2,7075.5,1574.3,10375.7,41480.3,4737.3,1165.0,14183.2,11057.1,2801.4,10610.3,1106.2,3491.1,135.3
146,7224.0,1260.7,9421.9,4505.9,56330.9,8800.9,6321.3,1586.7,2610.0,28372.1,15054.2,2254.2,2360.0,22083.2,11169.2,5782.3,5180.8,6915.3,7400.9,2299.4,9838.4,12781.4,15438.6,10439.2,4175.3,10316.5,1664.5,3703.1,4414.5,2426.3,14912.2,3036.1,33695.8,15192.9,1630.9,19997.7,6088.5,6254.3,22218.1,1798.9,7093.5,1579.4,10414.1,41639.7,4755.5,1169.2,14205.1,11090.2,2806.6,10661.7,1106.9,3492.0,134.7
147,7230.9,1258.5,9421.1,4504.8,56398.8,8819.6,6293.3,1582.9,2603.3,28474.1,15078.5,2266.9,2363.1,22077.7,11166.2,5781.3,5166.4,6907.6,7443.1,2302.1,9816.2,12745.7,15481.7,10465.2,4172.1,10286.9,1671.9,3703.9,4425.3,2425.6,14840.0,3028.2,33644.0,15204.8,1643.3,19972.9,6107.9,6256.6,22155.9,1794.4,7094.2,1586.7,10414.1,41747.0,4788.6,1163.9,14180.7,11116.7,2803.5,10681.3,1113.6,3519.1,133.3
148,7219.0,1260.5,9430.8,4504.3,56565.5,8838.8,6300.8,1586.8,2619.0,28480.0,15101.7,2273.1,2370.0,22074.8,11180.4,5783.9,5177.3,6923.0,7448.3,2303.5,9812.0,12756.2,15448.7,10439.8,4168.4,10295.4,1676.8,3708.8,4435.8,2425.4,14865.8,3029.7,33710.3,15234.5,1650.4,19993.8,6116.1,6267.3,22144.0,1796.2,7094.8,1582.7,10431.1,41874.9,4812.4,1169.0,14166.0,11142.4,2827.2,10674.7,1107.1,3517.4,128.9
149,7223.6,1263.1,9467.3,4503.0,56758.4,8864.2,6305.3,1584.5,2610.8,28538.5,15121.4,2278.0,2374.5,22091.9,11198.8,5785.1,5190.5,6933.9,7440.0,2301.1,9831.6,12807.5,15456.1,10456.3,4168.9,10299.2,1676.9,3714.6,4449.5,2432.4,14896.9,3042.8,33708.9,15203.1,1663.2,20009.1,6125.3,6270.8,22135.5,1797.1,7113.3,1585.9,10447.0,42003.8,4820.2,1167.4,14173.5,11162.4,2782.7,10672.6,1102.5,3533.0,128.3
150,7215.0,1260.7,9445.6,4487.2,56832.7,8879.4,6305.6,1588.1,2607.0,28556.3,15105.6,2282.5,2378.9,22103.3,11164.9,5791.5,5167.2,6922.6,7415.2,2297.2,9836.3,12798.7,15503.4,10433.7,4172.7,10307.3,1677.8,3716.5,4444.3,2432.7,14870.4,3033.9,33660.2,15223.2,1660.6,19991.9,6113.3,6284.6,22111.0,1791.8,7109.9,1581.8,10435.0,42056.1,4812.0,1169.1,14155.4,11169.2,2780.6,10654.8,1099.5,3526.2,128.1
151,7232.5,1259.3,9493.9,4494.2,56920.2,8891.1,6307.6,1592.0,2614.9,28594.2,15128.4,2301.7,2383.9,22133.0,11203.5,5794.2,5180.3,6916.8,7410.7,2296.7,9840.3,12813.7,15504.6,10474.8,4180.1,10313.0,1681.8,3714.6,4459.6,2438.6,14893.9,3030.7,33731.6,15255.0,1666.0,19989.8,6119.7,6298.1,22120.1,1800.4,7125.3,1583.2,10448.8,42203.9,4828.1,1170.1,14197.6,11190.9,2777.4,10664.1,1102.2,3531.3,127.0
152,7242.0,1262.3,9525.6,4489.2,57038.0,8916.5,6321.9,1591.3,2628.3,28668.7,15144.2,2289.7,2395.0,22184.4,11245.4,5804.4,5177.2,6932.5,7420.1,2298.5,9868.2,12840.0,15527.4,10518.9,4177.5,10328.5,1689.0,3718.5,4470.4,2446.2,14926.4,3039.9,33830.9,15287.0,1672.0,20019.7,6130.6,6299.0,22157.3,1805.9,7131.4,1587.1,10467.4,42321.6,4844.9,1170.5,14245.9,11208.8,2792.1,10684.6,1103.5,3532.2,125.9
153,7253.8,1281.4,9534.5,4489.4,57173.5,8958.9,6331.1,1596.7,2641.0,28780.2,15198.0,2295.1,2401.4,22163.6,11244.9,5805.9,5193.7,6939.9,7438.0,2298.0,9877.6,12838.7,15540.3,10526.2,4176.7,10339.8,1688.2,3725.1,4481.2,2440.1,14938.6,3068.7,33882.9,15316.3,1674.0,20073.3,6164.8,6314.5,22153.4,1801.1,7144.1,1586.4,10481.7,42440.7,4855.5,1165.9,14291.5,11257.5,2789.5,10699.2,1103.5,3532.3,126.9
154,7260.8,1271.3,9555.2,4486.1,57334.5,8977.9,6330.9,1601.1,2640.9,28817.2,15232.5,2311.6,2409.5,22203.1,11235.1,5810.9,5193.8,6942.7,7455.9,2298.5,9873.6,12862.9,15575.2,10548.9,4180.1,10360.2,1687.2,3727.5,4492.3,2442.2,14879.1,3066.9,33774.5,15348.8,1666.6,20059.4,6170.8,6315.8,22158.7,1801.1,7166.8,1589.1,10494.9,42559.1,4881.7,1168.7,14296.4,11271.9,2776.7,10731.5,1104.6,3530.3,127.0
155,7257.7,1268.9,9576.7,4501.6,57463.6,8995.1,6343.6,1604.5,2643.6,28856.3,15238.0,2304.5,2412.2,22212.8,11246.4,5820.6,5195.7,6946.5,7462.7,2296.9,9896.7,12866.2,15619.0,10564.7,4183.6,10373.3,1692.5,3735.3,4488.3,2439.0,14958.9,3059.5,33965.4,15365.8,1681.7,20091.5,6185.9,6325.6,22157.8,1808.4,7175.1,1590.9,10509.7,42657.2,4888.1,1171.2,14307.1,11283.3,2782.2,10726.6,1106.5,3515.8,126.8
156,7264.1,1262.6,9588.3,4498.2,57577.4,9002.5,6336.3,1603.8,2642.2,28911.1,15292.2,2285.3,2414.4,22245.6,11257.9,5820.9,5203.6,6964.8,7479.8,2299.4,9922.9,12906.5,15679.2,10598.9,4184.4,10376.6,1696.4,3732.5,4505.2,2444.8,15020.0,3066.6,33999.8,15393.3,1685.2,20124.6,6158.6,6340.9,22159.6,1812.8,7185.5,1591.9,10518.7,42679.3,4904.5,1172.1,14325.6,11309.9,2788.7,10700.7,1108.0,3509.4,126.7
157,7281.6,1269.8,9614.4,4506.3,57776.9,9045.8,6331.9,1610.2,2645.5,29004.7,15334.2,2314.7,2423.1,22289.3,11302.5,5834.0,5212.1,6966.3,7510.5,2300.6,9927.7,12929.6,15722.3,10632.7,4200.6,10405.7,1703.1,3739.5,4513.0,2447.9,15041.2,3066.9,34040.5,15416.9,1696.0,20164.6,6173.7,6356.8,22218.0,1809.1,7191.2,1594.1,10548.5,42905.6,4920.8,1172.8,14347.5,11343.1,2792.4,10761.0,1106.0,3499.2,125.3
158,7290.1,1269.8,9633.3,4503.1,57893.2,9071.2,6350.1,1614.6,2647.4,29070.9,15341.9,2317.5,2429.3,22276.5,11298.9,5830.7,5210.8,6978.4,7517.1,2302.9,9939.5,12962.1,15748.2,10646.3,4204.4,10392.4,1705.6,3736.6,4527.4,2444.7,15068.1,3063.9,34131.7,15447.2,1702.0,20172.7,6184.7,6368.1,22232.2,1817.4,7196.0,1594.7,10551.0,43028.8,4934.4,1176.4,14348.2,11348.2,2790.6,10763.6,1108.2,3492.2,126.1
159,7295.0,1269.8,9660.2,4501.2,58059.5,9080.6,6362.2,1615.7,2663.7,29129.6,15369.3,2317.1,2432.5,22235.6,11295.7,5819.6,5226.9,6972.7,7529.8,2306.2,9927.3,12981.1,15690.5,10579.4,4199.7,10400.0,1710.4,3737.5,4544.5,2447.7,15031.4,3073.4,34221.1,15465.3,1690.4,20214.9,6187.3,6389.3,22180.6,1813.1,7215.2,1584.7,10571.5,43091.7,4951.1,1178.6,14312.8,11372.7,2786.6,10714.8,1108.6,3477.8,124.8
160,7304.9,1264.5,9683.7,4494.9,58166.0,9106.1,6360.0,1617.9,2661.4,29185.1,15378.8,2326.6,2441.0,22269.6,11273.0,5850.5,5223.1,6978.2,7524.9,2310.5,9928.8,13001.5,15769.3,10643.1,4199.9,10416.9,1712.4,3751.2,4550.0,2452.9,15047.0,3072.8,34219.2,15466.2,1710.1,20264.9,6201.1,6401.9,22193.4,1815.4,7227.1,1598.0,10584.9,43154.7,4954.4,1173.2,14290.4,11399.9,2789.4,10765.8,1110.8,3472.5,125.2
161,7308.7,1268.6,9696.9,4486.3,58261.7,9135.7,6378.5,1620.3,2654.9,29288.3,15408.0,2330.9,2442.4,22302.6,11298.7,5860.6,5229.5,6984.2,7541.6,2315.7,9946.3,13030.8,15776.0,10660.2,4210.4,10427.6,1709.6,3753.7,4575.1,2450.6,15074.1,3064.7,34232.2,15471.1,1716.8,20276.9,6209.6,6412.8,22195.8,1825.4,7250.5,1597.0,10603.0,43290.6,4959.5,1175.8,14293.4,11412.6,2782.3,10782.1,1114.5,3475.8,124.6
162,7304.0,1267.0,9715.6,4493.8,58382.8,9159.9,6390.9,1625.1,2662.0,29355.9,15438.3,2337.6,2441.4,22328.6,11289.3,5891.4,5242.5,6990.6,7536.6,2316.7,9951.4,13009.0,15763.8,10625.8,4207.3,10423.6,1707.1,3761.3,4578.7,2449.5,15073.3,3065.8,34287.7,15502.1,1721.3,20280.4,6214.9,6425.8,22207.7,1823.9,7266.6,1598.1,10602.0,43401.2,4981.7,1170.0,14298.1,11420.8,2782.6,10789.3,1112.9,3445.5,123.1
163,7310.0,1271.5,9737.8,4491.3,58556.5,9186.4,6382.3,1633.4,2668.2,29438.7,15470.1,2329.4,2447.4,22362.2,11371.9,5897.1,5253.0,7012.9,7554.4,2316.9,9946.0,13038.3,15839.8,10679.3,4212.4,10434.8,1713.1,3769.0,4590.8,2457.1,15108.8,3070.5,34313.8,15540.7,1728.2,20303.5,6224.4,6442.8,22224.8,1829.2,7283.5,1599.3,10623.0,43485.4,4987.0,1175.4,14311.8,11458.3,2781.2,10813.3,1112.5,3452.3,123.3
164,7308.7,1274.5,9758.7,4499.4,58638.6,9211.5,6374.6,1633.6,2682.9,29503.9,15508.5,2338.6,2446.8,22379.6,11365.7,5905.7,5265.7,7027.1,7573.9,2322.3,9953.6,13049.9,15873.0,10720.7,4226.8,10458.5,1715.8,3774.3,4589.5,2453.7,15109.3,3071.8,34469.1,15595.3,1733.3,20330.5,6237.0,6471.3,22236.7,1829.1,7304.1,1602.5,10645.2,43613.9,4991.6,1174.2,14327.8,11487.3,2775.4,10837.4,1108.6,3447.6,124.4
165,7316.1,1271.1,9771.6,4505.7,58773.7,9234.4,6371.5,1639.9,2671.5,29577.2,15554.6,2344.3,2469.0,22382.1,11388.3,5890.0,5265.8,7034.2,7587.4,2324.8,9948.8,13071.6,15907.1,10738.5,4225.6,10468.1,1720.6,3780.8,4600.7,2463.6,15113.4,3074.4,34525.5,15625.8,1734.8,20360.0,6235.1,6481.6,22234.1,1834.0,7324.7,1605.9,10679.0,43693.6,5012.8,1178.2,14313.7,11525.9,2774.9,10838.1,1111.0,3452.5,123.2
166,7322.0,1273.8,9804.4,4508.9,58998.8,9257.5,6377.7,1644.0,2680.1,29652.8,15579.6,2343.3,2472.5,22404.9,11436.2,5904.9,5276.2,7044.3,7598.9,2318.0,9968.2,13080.1,15925.8,10744.4,4232.7,10472.9,1722.0,3788.2,4622.2,2468.0,15147.9,3075.6,34578.7,15649.4,1748.7,20391.8,6243.7,6499.7,22245.8,1836.0,7332.6,1610.6,10722.5,43816.1,5030.2,1181.4,14343.6,11543.4,2776.3,10850.9,1110.5,3455.3,122.2
167,7339.0,1275.0,9821.1,4492.9,59130.0,9283.7,6365.8,1639.5,2680.0,29725.3,15609.7,2350.5,2475.0,22453.3,11436.6,5906.6,5277.0,7050.8,7578.3,2319.1,9952.8,13100.1,15937.6,10755.3,4232.9,10469.7,1723.3,3790.3,4626.7,2471.6,15110.3,3080.0,34600.9,15674.7,1738.5,20414.5,6227.8,6514.3,22242.0,1829.2,7356.1,1609.5,10735.8,43859.4,5044.7,1181.8,14323.7,11566.6,2771.9,10861.7,1114.4,3455.7,122.3
168,7328.1,1273.9,9817.8,4512.4,59273.2,9324.4,6381.6,1646.6,2660.3,29795.7,15657.5,2345.5,2485.4,22492.9,11360.7,5902.3,5290.3,7048.3,7605.1,2315.3,9964.0,13120.2,15936.1,10747.9,4243.3,10455.3,1723.3,3794.8,4646.6,2472.3,15112.9,3088.1,34575.6,15683.9,1744.9,20398.8,6245.3,6534.8,22274.4,1833.3,7364.4,1616.3,10735.4,43971.9,5050.4,1182.8,14330.1,11620.5,2767.1,10872.5,1117.8,3436.9,120.8
169,7324.3,1273.3,9825.4,4517.3,59409.2,9344.5,6370.3,1645.8,2664.0,29877.3,15636.9,2346.4,2493.0,22489.9,11407.3,5911.4,5288.5,7046.8,7615.2,2319.5,9960.1,13164.5,16006.2,10758.3,4225.0,10486.1,1725.0,3803.1,4667.0,2474.0,15099.5,3082.2,34674.4,15627.9,1753.3,20425.2,6249.5,6527.3,22250.4,1841.2,7352.0,1616.5,10743.3,44085.5,5060.8,1182.6,14315.4,11612.8,2762.5,10881.0,1119.7,3433.9,121.9
170,7340.6,1275.7,9835.1,4521.8,59543.3,9376.4,6382.1,1648.5,2667.2,29959.8,15741.6,2349.4,2496.1,22524.9,11433.5,5917.6,5303.5,7066.7,7632.2,2319.7,9971.8,13180.1,16009.5,10754.8,4233.4,10485.6,1720.5,3800.4,4685.6,2473.3,15103.2,3081.1,34733.1,15727.2,1760.4,20458.5,6257.5,6555.9,22303.3,1838.8,7402.4,1615.5,10783.1,44229.7,5069.2,1185.9,14331.8,11640.4,2767.1,10888.4,1120.3,3431.8,121.0
171,7363.4,1279.8,9867.7,4532.2,59684.5,9416.4,6405.2,1653.1,2676.9,30103.3,15806.4,2351.2,2504.8,22579.0,11467.1,5935.1,5312.7,7098.7,7642.4,2317.5,10003.2,13221.4,15979.7,10759.2,4239.0,10538.0,1727.8,3804.0,4707.1,2477.9,15192.7,3088.5,34826.3,15798.2,1768.0,20513.5,6269.1,6574.7,22365.6,1847.1,7430.6,1618.2,10809.2,44442.4,5084.5,1181.1,14395.1,11637.7,2775.2,10896.7,1124.0,3419.2,120.7
172,7363.0,1279.1,9867.3,4540.5,59812.8,9445.3,6408.8,1659.4,2669.8,30179.0,15849.7,2357.8,2504.6,22614.7,11500.5,5951.1,5322.7,7101.3,7661.0,2326.6,10027.8,13235.6,16073.5,10814.8,4241.4,10546.7,1728.0,3807.6,4722.6,2471.2,15227.4,3097.2,34922.9,15826.0,1778.3,20553.0,6271.4,6586.2,22406.4,1852.3,7446.4,1620.9,10823.8,44580.5,5090.5,1186.5,14421.6,11643.3,2808.5,10928.6,1131.7,3416.5,121.5
173,7378.2,1273.8,9894.9,4543.3,59931.5,9475.7,6408.9,1661.7,2691.4,30255.6,15880.6,2359.0,2508.7,22631.0,11518.1,5949.8,5321.1,7108.6,7666.0,2332.6,10040.2,13246.3,16147.6,10840.0,4245.8,10542.7,1731.1,3805.9,4728.4,2484.0,15213.1,3094.1,34981.9,15841.7,1787.3,20590.5,6283.3,6608.0,22430.2,1850.7,7453.2,1622.2,10834.0,44702.6,5104.9,1189.4,14419.9,11683.0,2749.3,10952.4,1138.0,3400.8,121.1
174,7383.2,1277.2,9905.2,4544.9,59974.7,9495.6,6416.7,1661.0,2689.7,30336.6,15946.6,2360.1,2510.8,22644.7,11504.3,5947.7,5327.1,7126.8,7689.3,2326.6,10030.4,13278.9,16129.7,10849.8,4247.2,10550.3,1735.4,3806.8,4736.0,2486.7,15223.2,3107.3,35032.0,15875.6,1798.7,20579.9,6297.0,6615.4,22424.9,1853.0,7451.7,1627.3,10860.6,44814.9,5111.3,1186.8,14410.2,11735.8,2759.0,10961.3,1137.5,3393.1,122.5
175,7397.4,1275.3,9919.9,4551.9,60220.4,9532.7,6422.0,1666.8,2693.4,30438.7,15999.9,2367.2,2515.6,22660.8,11517.0,5959.4,5331.8,7144.3,7705.4,2329.6,10060.3,13260.3,16148.2,10868.2,4247.6,10570.3,1736.4,3811.0,4762.2,2463.8,15227.6,3112.2,35104.8,15901.3,1800.1,20638.4,6307.0,6628.0,22458.5,1856.1,7472.8,1628.7,10897.2,44918.9,5134.8,1191.6,14422.9,11769.2,2765.7,11001.8,1133.5,3397.2,122.3
176,7411.4,1274.9,9938.4,4567.0,60396.1,9565.3,6426.8,1669.5,2703.9,30539.6,16027.2,2367.9,2513.0,22677.0,11523.6,5975.8,5329.5,7148.9,7730.1,2332.3,10074.6,13335.8,16132.4,10864.8,4251.8,10570.4,1737.5,3815.6,4781.9,2493.4,15244.0,3113.9,35140.2,15940.5,1803.1,20676.9,6309.8,6655.5,22474.0,1859.6,7502.2,1630.0,10922.1,45061.7,5154.3,1189.1,14438.0,11804.9,2777.9,11004.8,1135.6,3397.7,123.1
177,7420.2,1278.6,9975.1,4572.7,60524.4,9597.7,6428.7,1673.1,2704.4,30619.4,16048.6,2371.0,2524.0,22719.4,11544.3,5962.1,5335.7,7159.8,7731.9,2338.0,10082.9,13369.1,16177.7,10880.1,4257.9,10608.0,1732.0,3819.8,4792.3,2494.5,15248.4,3127.6,35192.8,15990.2,1811.2,20704.5,6321.8,6668.9,22503.5,1859.9,7529.1,1630.8,10940.0,45243.2,5172.5,1189.0,14440.0,11807.8,2783.6,11013.7,1138.5,3401.8,122.2
178,7428.4,1280.2,10009.7,4585.6,60717.8,9616.7,6438.2,1686.0,2708.4,30739.4,16107.3,2382.0,2530.2,22772.0,11594.4,5972.5,5340.7,7170.4,7751.6,2334.3,10097.3,13413.3,16214.1,10900.2,4268.5,10620.0,1730.3,3822.3,4805.7,2497.3,15275.1,3129.0,35257.8,16025.5,1815.2,20757.3,6337.5,6693.2,22539.8,1863.6,7556.8,1627.7,10983.4,45397.5,5192.2,1193.3,14457.6,11847.7,2781.5,11061.4,1133.2,3408.8,122.8
179,7445.5,1283.6,10040.2,4603.8,60835.1,9661.1,6441.5,1686.5,2708.5,30833.8,16173.5,2367.5,2537.3,22813.4,11617.0,5987.1,5348.3,7184.8,7765.2,2340.9,10110.3,13434.7,16280.7,10921.9,4272.0,10637.2,1739.7,3835.4,4828.0,2501.5,15292.7,3134.7,35314.3,16068.6,1816.0,20792.5,6356.6,6723.6,22572.4,1867.3,7580.6,1633.2,11013.0,45549.3,5208.2,1190.9,14474.0,11902.6,2780.7,11043.2,1137.3,3406.5,123.0
180,7437.1,1287.6,10052.6,4601.0,60970.1,9687.1,6452.8,1686.4,2722.7,30920.5,16163.5,2380.9,2546.9,22808.0,11634.7,5996.4,5345.2,7199.2,7753.7,2337.7,10108.2,13421.7,16255.0,10914.7,4264.7,10680.8,1752.9,3838.1,4844.6,2503.7,15276.8,3132.5,35354.4,16089.4,1809.1,20777.1,6363.9,6734.7,22529.2,1870.7,7576.7,1633.2,11012.4,45573.4,5235.3,1197.9,14523.9,11916.5,2777.7,11045.8,1138.1,3402.4,123.0
181,7448.1,1286.0,10070.6,4611.1,61095.4,9715.0,6445.8,1688.9,2724.5,30999.2,16206.8,2383.9,2549.9,22822.2,11635.7,6000.4,5358.8,7191.9,7739.4,2333.5,10124.5,13398.4,16250.9,10935.3,4271.4,10703.2,1758.4,3847.0,4852.8,2500.9,15299.4,3132.3,35375.8,16134.3,1799.6,20789.8,6365.0,6760.5,22546.8,1858.0,7596.5,1636.7,11021.3,45615.5,5253.3,1195.8,14539.6,11942.9,2774.9,11052.4,1136.5,3400.3,121.3
182,7439.6,1288.4,10082.1,4588.6,61282.4,9722.1,6445.0,1688.6,2723.4,31080.3,16227.4,2387.4,2561.7,22822.9,11639.1,6010.4,5350.9,7171.7,7712.3,2336.4,10105.8,13441.3,16256.1,10956.2,4261.7,10688.0,1761.9,3848.6,4861.7,2509.2,15294.7,3132.8,35397.4,16112.1,1790.5,20784.9,6339.7,6770.7,22490.4,1862.7,7604.1,1639.9,11007.0,45582.3,5270.2,1196.9,14506.8,11980.0,2762.4,11068.4,1133.1,3405.4,122.0
183,7455.7,1282.5,10100.1,4605.8,61367.8,9729.4,6453.6,1687.4,2718.2,31156.4,16227.2,2389.2,2560.1,22903.3,11657.1,5996.6,5335.6,7183.1,7704.9,2340.5,10145.3,13463.8,16268.3,10986.3,4279.2,10733.9,1760.8,3854.0,4872.5,2510.3,15295.9,3125.4,35405.0,16136.1,1772.0,20819.0,6330.0,6798.8,22537.9,1872.4,7608.3,1639.3,11063.1,45609.5,5268.9,1196.5,14590.6,11987.7,2763.7,11073.7,1131.2,3402.5,121.7
184,7484.0,1284.1,10129.8,4631.4,61582.6,9763.2,6472.5,1700.7,2729.8,31295.0,16319.2,2393.6,2572.2,23019.5,11708.4,6005.5,5356.7,7222.6,7712.2,2351.3,10197.0,13555.3,16343.4,11021.4,4295.9,10779.0,1760.9,3857.4,4892.6,2526.0,15365.5,3131.5,35603.1,16216.7,1766.7,20908.3,6331.7,6824.5,22615.6,1882.2,7647.8,1641.8,11117.0,45724.7,5294.4,1202.2,14659.6,12029.1,2770.4,11107.4,1126.0,3383.9,123.1
185,7485.3,1281.0,10142.2,4638.4,61727.2,9780.4,6482.6,1703.4,2734.8,31385.6,16384.3,2402.1,2575.8,23030.3,11735.3,6011.7,5361.2,7235.6,7707.7,2353.3,10193.7,13556.3,16340.4,11019.4,4292.5,10780.6,1760.2,3864.6,4897.7,2525.4,15375.9,3130.1,35655.9,16240.4,1754.5,20906.0,6332.8,6845.1,22637.9,1879.4,7669.6,1641.5,11137.0,45815.3,5311.6,1200.1,14680.5,12083.3,2757.8,11110.1,1120.6,3371.0,122.3
186,7489.6,1281.9,10167.6,4655.5,62077.9,9794.5,6461.1,1706.2,2751.6,31509.1,16399.2,2405.5,2584.2,23045.3,11720.3,6008.3,5362.1,7228.1,7723.9,2356.2,10209.4,13573.0,16375.4,11036.5,4297.5,10809.0,1764.7,3870.0,4910.5,2528.5,15413.3,3134.6,35720.9,16267.6,1745.4,20932.2,6338.2,6850.6,22637.1,1882.7,7692.0,1643.4,11170.0,45911.9,5329.3,1195.4,14757.1,12091.1,2750.6,11130.5,1119.7,3371.0,122.3
187,7510.0,1276.9,10213.1,4666.8,62291.0,9812.2,6461.1,1706.5,2755.3,31606.5,16441.1,2417.5,2587.1,23050.3,11751.3,6003.7,5361.4,7253.3,7731.8,2356.5,10220.7,13586.9,16385.4,11042.7,4304.1,10807.8,1766.8,3876.7,4931.7,2527.2,15433.5,3135.4,35745.3,16306.7,1739.6,20955.8,6330.3,6874.5,22656.1,1880.5,7715.4,1642.3,11192.9,45970.6,5346.6,1197.2,14788.9,12122.2,2748.2,11144.3,1120.2,3370.6,121.5
188,7517.0,1278.4,10223.6,4677.3,62393.8,9841.9,6468.0,1712.8,2757.1,31684.1,16478.7,2405.2,2601.2,23063.7,11762.8,6005.1,5363.6,7260.4,7722.7,2356.6,10225.5,13586.6,16402.8,11040.2,4309.2,10822.0,1771.3,3878.9,4941.1,2534.6,15443.3,3134.1,35808.0,16357.3,1731.4,20970.9,6323.2,6887.1,22654.4,1885.4,7730.8,1643.7,11219.5,46004.9,5364.1,1198.1,14820.2,12151.3,2746.7,11155.9,1121.2,3373.5,121.6
189,7531.8,1275.7,10269.4,4680.8,62632.7,9863.4,6481.5,1714.0,2771.7,31847.2,16549.5,2417.7,2605.7,23098.7,11783.6,6016.9,5369.1,7280.0,7722.8,2357.9,10264.7,13636.8,16464.6,11080.5,4324.3,10843.3,1777.0,3886.2,4967.1,2541.0,15484.7,3137.5,35879.7,16400.7,1722.5,20996.8,6326.2,6914.0,22675.3,1890.4,7763.2,1646.0,11268.8,46050.3,5387.8,1201.1,14864.1,12172.5,2746.6,11174.8,1115.9,3368.1,122.5
190,7542.6,1273.7,10309.7,4691.9,62769.5,9893.6,6485.1,1723.2,2774.9,31957.7,16560.0,2414.6,2613.5,23104.5,11807.1,6022.0,5369.1,7302.4,7715.6,2357.9,10270.9,13662.3,16471.0,11095.6,4326.5,10866.5,1779.5,3887.4,4985.9,2548.1,15512.7,3140.6,35933.9,16435.8,1716.8,21006.2,6322.0,6925.5,22691.4,1893.6,7773.7,1648.6,11297.1,46076.3,5403.2,1200.9,14883.4,12194.7,2747.9,11177.1,1111.6,3364.0,123.0
191,7555.0,1272.1,10313.7,4700.1,62852.3,9910.3,6477.1,1718.9,2784.0,32047.9,16620.8,2427.7,2621.5,23133.9,11822.5,6029.8,5370.7,7307.2,7705.9,2359.8,10290.1,13677.7,16513.2,11098.9,4334.1,10878.2,1782.7,3894.0,5005.7,2550.5,15513.6,3133.3,35954.1,16489.4,1709.4,21037.6,6311.9,6949.9,22721.0,1896.6,7802.5,1651.5,11312.7,46108.1,5414.1,1198.7,14906.1,12229.8,2750.1,11199.1,1106.9,3358.2,123.0
192,7559.7,1269.3,10327.2,4695.5,62941.6,9927.6,6476.0,1713.8,2777.8,32111.8,16636.7,2416.9,2628.3,23163.1,11836.4,6034.2,5377.4,7306.1,7682.5,2366.4,10284.9,13696.4,16553.0,11099.5,4340.4,10891.5,1782.4,3886.1,4993.4,2556.7,15510.5,3135.8,36002.3,16497.8,1692.1,21068.5,6308.7,6955.6,22717.0,1892.8,7787.3,1648.7,11321.3,46183.8,5427.6,1198.0,14843.6,12279.4,2732.9,11218.4,1101.5,3361.5,123.6
193,7564.1,1267.1,10359.8,4703.2,63122.7,9944.2,6490.7,1717.2,2786.5,32199.7,16670.7,2426.6,2641.0,23156.1,11859.1,6041.1,5377.2,7317.5,7661.9,2372.3,10276.1,13734.2,16553.5,11114.3,4351.6,10911.0,1784.8,3887.1,5004.6,2565.3,15555.7,3147.0,36050.3,16540.7,1683.9,21079.7,6315.4,6999.5,22748.4,1898.0,7816.3,1649.9,11347.8,46222.1,5449.4,1200.2,14879.1,12333.3,2729.9,11228.0,1095.3,3350.9,123.5
194,7568.9,1268.3,10382.0,4705.3,63024.4,9956.7,6505.5,1718.3,2787.0,32267.8,16663.4,2424.2,2653.3,23140.0,11858.3,6062.0,5373.8,7305.1,7647.9,2372.5,10292.1,13760.1,16561.5,11125.8,4347.0,10917.1,1788.2,3901.1,5012.7,2563.1,15575.3,3137.6,36124.7,16571.2,1677.5,21101.8,6290.8,7010.1,22774.3,1902.2,7823.1,1652.2,11374.5,46169.2,5467.5,1198.7,14894.3,12353.4,2734.9,11230.6,1092.6,3351.3,123.9
195,7590.3,1268.4,10417.6,4708.2,63414.1,9980.4,6481.5,1714.7,2794.3,32394.1,16738.8,2425.8,2654.2,23161.5,11851.0,6053.1,5377.8,7309.9,7645.5,2377.1,10315.3,13771.0,16650.4,11162.4,4342.7,10945.0,1787.4,3897.2,5032.9,2570.0,15575.6,3135.4,36163.7,16617.1,1676.4,21126.7,6281.8,7021.8,22781.5,1898.4,7847.5,1653.9,11391.8,46272.0,5479.8,1198.2,14891.0,12393.3,2727.7,11249.7,1086.4,3349.6,124.1
196,7590.6,1261.7,10439.2,4711.9,63504.8,9969.9,6486.5,1714.8,2792.6,32463.9,16777.8,2431.8,2656.3,23135.9,11853.0,6037.0,5370.1,7319.6,7642.7,2375.2,10303.9,13780.7,16625.4,11157.5,4336.2,10932.2,1788.0,3899.3,5039.5,2568.6,15572.4,3138.1,36099.4,16628.3,1673.4,21115.5,6267.0,7033.3,22763.5,1894.8,7859.8,1654.3,11395.3,46297.2,5493.2,1204.2,14887.2,12424.9,2740.0,11235.9,1080.6,3347.5,123.8
197,7586.2,1253.3,10431.3,4715.7,63432.3,10001.2,6475.9,1717.9,2790.1,32484.2,16802.9,2430.6,2663.1,23136.1,11842.9,6024.9,5363.9,7305.7,7634.4,2376.3,10304.3,13766.6,16630.2,11120.6,4327.8,10940.9,1787.2,3898.3,5055.6,2564.0,15589.8,3126.5,36158.2,16643.3,1668.4,21077.7,6249.3,7038.7,22746.6,1895.3,7861.7,1657.3,11417.3,46247.3,5504.4,1200.1,14906.3,12432.8,2696.8,11219.2,1074.9,3345.3,123.8
198,7607.0,1257.8,10505.1,4728.5,63782.0,10048.5,6493.0,1726.4,2792.5,32674.8,16855.3,2442.2,2681.5,23193.3,11898.0,6052.7,5374.8,7351.8,7650.5,2384.3,10330.6,13869.9,16702.4,11192.5,4354.5,10964.7,1788.4,3907.0,5097.6,2576.0,15674.0,3135.9,36300.8,16685.4,1678.4,21155.8,6266.0,7054.2,22836.0,1899.7,7904.4,1665.9,11459.1,46445.0,5540.7,1206.8,14921.1,12483.8,2699.5,11267.3,1073.5,3352.0,123.3
199,7606.5,1252.7,10521.9,4731.7,63829.0,10066.5,6494.2,1726.0,2797.6,32740.8,16877.9,2456.0,2687.7,23192.5,11909.0,6056.0,5364.2,7354.1,7604.5,2385.2,10346.1,13872.9,16689.0,11214.9,4349.7,10980.9,1789.3,3905.8,5102.1,2577.7,15685.2,3138.5,36301.9,16701.1,1678.0,21138.8,6268.3,7078.5,22822.4,1897.9,7913.8,1661.4,11477.4,46496.6,5548.5,1204.4,14954.9,12509.7,2697.8,11292.3,1068.9,3353.9,123.5
200,7622.0,1245.7,10558.8,4742.8,63941.4,10087.9,6492.3,1722.6,2800.0,32831.7,16949.6,2450.3,2697.6,23229.4,11940.0,6061.1,5382.7,7347.0,7633.1,2380.9,10380.2,13878.2,16735.9,11226.9,4354.6,10990.0,1793.8,3920.1,5123.9,2587.9,15720.4,3137.3,36332.5,16754.0,1673.7,21187.1,6264.8,7097.2,22870.2,1900.8,7940.6,1662.9,11501.1,46583.3,5563.1,1207.2,14978.1,12551.4,2704.3,11281.6,1063.9,3364.7,122.4
201,7614.1,1247.9,10561.6,4742.3,64055.5,10092.1,6491.8,1722.5,2802.2,32882.3,16941.1,2441.6,2696.2,23281.0,11931.4,6058.6,5380.8,7347.4,7614.5,2383.4,10380.8,13863.8,16735.7,11225.0,4351.5,10998.2,1794.1,3912.2,5123.3,2587.1,15711.5,3135.6,36337.4,16746.8,1667.7,21189.7,6254.2,7109.9,22872.1,1902.4,7914.3,1660.1,11505.1,46597.3,5567.4,1203.1,14994.6,12547.4,2699.3,11283.7,1064.6,3371.7,123.7
202,7617.2,1246.0,10566.1,4745.0,64174.7,10109.7,6488.7,1728.1,2807.0,32951.5,16995.3,2450.7,2707.2,23279.5,11943.9,6052.6,5377.3,7340.4,7617.6,2390.3,10398.4,13886.3,16784.4,11239.6,4353.9,10993.0,1798.1,3906.4,5133.7,2588.8,15727.8,3133.2,36381.8,16801.5,1664.2,21216.5,6261.9,7126.9,22877.4,1900.9,7949.7,1663.3,11518.6,46671.0,5577.3,1205.0,15014.3,12595.5,2731.0,11311.9,1065.4,3357.2,124.3
203,7634.6,1247.5,10586.3,4745.5,64258.8,10114.7,6493.5,1726.8,2813.0,33022.0,17023.5,2437.4,2706.1,23277.3,11955.7,6045.1,5373.0,7353.6,7612.0,2391.9,10410.3,13905.4,16784.2,11239.9,4355.4,10998.5,1797.6,3895.8,5146.6,2587.2,15761.0,3137.8,36473.0,16834.3,1657.4,21215.6,6258.6,7129.0,22901.6,1902.5,7967.1,1658.7,11543.6,46754.9,5584.3,1204.6,15025.4,12610.7,2707.9,11288.3,1063.9,3349.6,124.4
204,7649.7,1244.1,10607.5,4749.4,64241.7,10130.4,6513.3,1735.4,2809.7,33106.6,17010.9,2455.5,2723.3,23276.5,11964.2,6038.0,5363.1,7361.4,7632.7,2395.6,10415.4,13922.6,16812.9,11286.4,4358.1,11018.3,1799.8,3909.7,5167.6,2595.6,15768.0,3143.3,36524.0,16838.1,1656.2,21271.5,6250.0,7097.3,22948.2,1906.1,7976.4,1659.5,11544.2,46865.1,5605.6,1206.7,15027.8,12628.3,2712.7,11303.8,1065.1,3337.9,124.7
205,7656.6,1243.1,10631.6,4760.3,64382.4,10160.2,6499.3,1733.7,2806.8,33132.9,17028.8,2456.7,2725.1,23292.9,11971.4,6047.9,5377.8,7362.6,7650.7,2391.4,10429.5,13928.1,16811.6,11300.0,4362.2,11062.3,1802.1,3920.8,5179.0,2592.5,15781.9,3140.8,36569.3,16867.3,1659.4,21272.3,6259.1,7160.8,22953.1,1906.8,7993.4,1661.1,11573.6,46889.8,5611.2,1200.9,15058.1,12663.9,2717.2,11316.9,1064.7,3327.8,124.0
206,7666.7,1242.7,10657.3,4768.4,64558.0,10197.1,6501.4,1733.0,2817.8,33203.5,17074.0,2460.8,2739.0,23323.8,11994.9,6053.7,5386.4,7376.3,7637.4,2398.5,10429.0,13948.8,16831.5,11336.4,4364.2,11060.5,1806.8,3920.9,5211.4,2596.3,15790.1,3149.3,36568.7,16889.5,1661.6,21295.3,6275.9,7178.2,22945.1,1906.4,8012.8,1661.8,11575.1,47041.2,5637.8,1205.9,15069.9,12695.6,2719.2,11329.2,1067.2,3326.0,124.7
207,7652.9,1239.5,10705.1,4776.0,64684.8,10214.3,6496.1,1729.8,2814.4,33252.1,17082.0,2467.6,2737.9,23327.9,12009.8,6053.7,5347.4,7371.3,7630.4,2395.9,10425.8,13978.3,16852.5,11320.0,4361.9,11048.2,1811.6,3917.4,5199.5,2603.3,15803.7,3153.4,36570.5,16877.5,1666.5,21311.8,6293.1,7206.8,22981.3,1911.8,8008.3,1667.1,11593.9,47089.4,5640.8,1207.3,15073.4,12724.5,2709.2,11342.8,1067.0,3316.4,124.8
208,7665.2,1240.0,10713.4,4774.5,64866.3,10224.8,6500.1,1725.9,2816.9,33326.6,17098.6,2467.3,2744.5,23325.4,12020.2,6037.1,5346.3,7359.8,7646.2,2394.1,10431.5,13978.9,16866.5,11308.7,4357.1,11042.8,1810.7,3909.0,5222.9,2600.5,15843.3,3150.5,36651.8,16893.8,1657.2,21301.5,6296.7,7217.6,23026.5,1911.2,8019.7,1661.8,11591.3,47176.9,5654.8,1209.1,15076.2,12745.8,2710.9,11343.2,1068.9,3314.7,124.3
209,7682.3,1243.1,10760.1,4785.3,65020.2,10256.2,6508.4,1735.6,2822.0,33398.8,17159.3,2471.2,2758.4,23370.1,12054.4,6051.4,5354.3,7375.6,7647.1,2402.9,10453.9,14024.5,16882.4,11340.0,4366.8,11062.2,1812.5,3916.9,5236.7,2606.6,15883.8,3160.9,36730.0,16936.6,1655.6,21329.3,6324.7,7241.6,23031.6,1914.6,8046.0,1662.2,11618.4,47281.9,5676.7,1215.1,15110.3,12790.4,2710.4,11348.4,1068.2,3314.0,124.2
210,7680.0,1242.2,10762.3,4782.9,65089.6,10265.5,6502.2,1735.5,2819.9,33425.2,17157.8,2468.3,2754.7,23353.3,12025.1,6045.5,5367.2,7366.3,7640.9,2403.5,10450.2,14035.5,16840.2,11334.1,4366.8,11051.2,1807.8,3908.5,5251.7,2607.5,15869.2,3152.5,36756.8,16970.0,1653.2,21306.1,6326.6,7247.0,23055.2,1915.6,8063.8,1659.7,11636.5,47232.6,5690.1,1209.7,15114.1,12799.6,2711.4,11357.5,1067.3,3285.8,123.0
211,7690.2,1241.7,10795.5,4788.9,65175.6,10286.4,6507.0,1736.3,2824.5,33476.9,17203.5,2465.7,2765.7,23401.9,12036.3,6050.4,5360.6,7364.7,7648.6,2406.4,10460.1,14045.0,16883.8,11332.5,4368.9,11057.0,1811.3,3913.1,5258.9,2610.0,15891.6,3158.1,36792.1,16999.1,1653.1,21330.2,6331.0,7257.1,23071.3,1919.1,8050.5,1662.1,11642.8,47306.7,5705.1,1214.1,15124.8,12813.3,2711.5,11358.1,1070.2,3290.3,121.6
212,7693.4,1239.2,10820.3,4796.5,65296.6,10307.1,6504.6,1738.9,2827.3,32765.8,17180.4,2474.0,2774.6,23409.1,12052.1,6049.3,5376.5,7380.3,7632.8,2406.4,10469.0,14043.1,16894.3,11349.5,4369.4,11065.9,1809.7,3913.2,5277.4,2608.1,15914.7,3157.1,36823.8,17013.0,1650.5,21326.1,6339.8,7266.1,23114.8,1915.7,8042.8,1665.1,11655.2,47322.7,5718.9,1210.6,15141.6,12835.7,2717.0,11372.5,1069.6,3261.0,115.3
213,7711.5,1236.6,10845.0,4802.4,65435.9,10337.7,6501.8,1734.6,2834.4,33578.0,17273.7,2467.3,2777.6,23436.8,12063.6,6054.6,5379.2,7400.5,7635.0,2403.8,10482.3,14058.2,16895.0,11353.0,4371.6,11055.9,1814.7,3920.5,5292.9,2610.7,15925.9,3162.5,36868.7,17055.2,1650.5,21366.2,6333.0,7271.2,23121.9,1913.8,8089.7,1668.3,11676.8,47524.2,5740.2,1209.6,15168.8,12852.0,2721.9,11382.5,1067.4,3104.1,108.0
214,7704.6,1234.7,10856.1,4808.0,65548.1,10341.8,6503.4,1741.2,2832.1,33640.4,17286.8,2458.2,2785.9,23451.6,12066.7,6058.3,5389.0,7393.0,7638.2,2411.7,10488.5,14074.1,16918.1,11361.7,4373.3,11076.1,1812.5,3925.1,5297.4,2610.2,15934.6,3165.8,36936.7,17068.5,1651.7,21374.7,6335.6,7283.2,23157.0,1919.5,8101.6,1667.5,11691.5,47597.0,5756.8,1211.2,15162.0,12880.2,2720.5,11385.4,1067.2,3149.4,106.5
215,7704.2,1231.7,10885.4,4811.7,65708.0,10386.4,6498.7,1740.6,2837.4,33721.1,17301.5,2472.4,2795.2,23481.8,12087.8,6071.7,5391.2,7394.0,7652.8,2417.2,10477.4,14083.2,16935.9,11375.8,4370.4,11083.6,1814.5,3929.4,5322.1,2614.2,15951.8,3173.8,36969.3,17095.3,1658.0,21374.0,6351.7,7298.4,23195.8,1920.3,8117.9,1669.9,11701.5,47698.6,5777.2,1214.4,15202.8,12923.3,2719.2,11394.8,1069.8,3215.8,107.4
216,7718.9,1233.7,10919.6,4815.0,65889.5,10413.7,6505.2,1745.2,2844.3,33792.5,17306.8,2472.4,2809.9,23491.3,12094.1,6078.6,5394.2,7383.7,7655.1,2417.3,10497.8,14091.9,16967.6,11409.0,4359.4,11068.0,1822.7,3927.6,5325.6,2617.3,15929.9,3182.6,36949.0,17140.9,1659.1,21396.4,6374.1,7341.6,23205.1,1912.5,8207.4,1674.1,11713.5,47785.7,5797.2,1202.1,15235.3,12992.2,2732.4,11430.0,1074.6,3193.7,102.9
217,7734.2,1234.5,10960.1,4822.6,66075.3,10432.0,6511.6,1748.9,2846.9,33886.0,17350.8,2476.9,2820.9,23528.9,12109.6,6084.7,5405.4,7399.8,7654.6,2423.3,10526.6,14146.2,17016.5,11423.5,4359.5,11092.6,1823.9,3931.8,5355.4,2624.3,15979.2,3186.6,37078.1,17176.6,1662.3,21442.4,6376.0,7358.0,23243.9,1924.4,8227.9,1676.2,11742.7,47917.0,5824.2,1212.6,15259.7,13027.7,2737.7,11457.1,1072.0,3210.0,103.4
218,7745.8,1236.4,10991.7,4827.0,66074.7,10463.6,6504.1,1749.9,2849.9,33964.8,17398.5,2477.9,2825.8,23593.9,12138.0,6088.1,5403.1,7408.0,7704.1,2421.3,10533.3,14143.5,17057.7,11411.6,4370.9,11107.3,1826.7,3934.1,5365.4,2621.2,15969.2,3191.9,37112.5,17218.5,1664.3,21453.8,6397.4,7368.4,23258.0,1923.7,8231.8,1676.4,11768.8,48056.9,5832.2,1211.9,15279.5,13052.9,2739.5,11461.5,1072.4,3216.8,103.3
219,7751.8,1231.7,11000.7,4828.0,66137.2,10491.7,6493.9,1752.0,2853.5,34024.1,17402.9,2480.5,2833.1,23493.9,12125.1,6071.4,5397.7,7421.6,7700.4,2425.7,10523.9,14153.8,17016.1,11362.1,4376.0,11082.7,1825.7,3928.4,5374.4,2618.7,15978.3,3197.4,37104.8,17224.9,1656.9,21422.3,6383.9,7365.3,23277.0,1925.0,8265.2,1664.8,11769.2,48130.2,5831.8,1210.4,15282.5,13041.8,2746.1,11425.4,1075.0,3238.2,102.6
220,7756.8,1233.2,11027.8,4838.3,66185.1,10504.2,6505.8,1758.5,2852.5,34076.3,17433.8,2478.1,2841.4,23510.6,12147.9,6094.1,5404.7,7414.1,7701.1,2426.2,10532.0,14166.5,17045.5,11425.8,4376.9,11079.9,1831.4,3936.8,5391.9,2623.0,15992.6,3197.4,37164.1,17259.2,1665.2,21435.3,6406.4,7384.0,23298.2,1929.5,8270.2,1678.5,11797.8,48260.8,5850.5,1210.4,15292.3,13065.2,2779.5,11451.7,1077.0,3250.2,104.9
221,7788.3,1234.3,11056.3,4834.5,66338.6,10532.6,6519.6,1758.9,2858.9,34169.2,17477.4,2486.4,2854.7,23555.9,12181.5,6102.1,5412.6,7428.1,7709.6,2428.4,10548.0,14190.4,17089.0,11438.8,4376.6,11115.2,1834.7,3942.1,5403.5,2627.2,16011.3,3211.6,37277.7,17285.4,1669.9,21482.1,6421.0,7391.7,23328.5,1925.4,8294.3,1678.1,11821.0,48403.0,5866.7,1210.8,15317.5,13089.3,2770.8,11464.9,1076.4,3264.0,104.9
222,7793.2,1234.1,11092.6,4849.5,66386.3,10543.1,6518.2,1756.6,2854.7,34220.7,17508.9,2471.9,2860.0,23581.4,12175.7,6101.1,5420.1,7414.0,7705.9,2425.2,10571.0,14174.5,17070.2,11448.9,4370.3,11121.9,1831.8,3944.3,5429.7,2626.9,16017.4,3204.6,37281.0,17321.9,1669.9,21489.9,6422.6,7388.0,23337.8,1930.5,8289.1,1678.8,11825.4,48498.9,5881.0,1218.4,15333.9,13103.4,2780.3,11462.2,1077.4,3273.4,106.0
223,7795.7,1235.5,11128.0,4852.5,66506.2,10558.0,6526.6,1757.0,2860.2,34332.8,17539.8,2482.5,2867.5,23587.7,12185.4,6093.2,5422.4,7422.2,7714.1,2425.1,10573.2,14180.6,17087.9,11447.6,4377.3,11124.1,1833.8,3940.0,5451.2,2627.3,16019.7,3212.0,37330.6,17349.4,1667.9,21510.1,6435.0,7401.1,23353.5,1931.9,8302.1,1682.5,11850.9,48629.4,5901.9,1217.4,15336.3,13138.3,2783.6,11482.5,1079.9,3281.1,108.7
224,7810.4,1233.6,11153.8,4860.6,66632.1,10562.8,6528.3,1758.5,2859.8,34438.0,17584.9,2473.8,2867.3,23591.2,12189.6,6097.1,5428.3,7430.0,7720.9,2430.3,10567.1,14208.2,17079.7,11456.2,4382.5,11126.0,1838.7,3940.8,5464.8,2627.4,16031.0,3223.1,37343.4,17257.8,1671.8,21520.0,6443.3,7423.0,23379.7,1929.7,8278.4,1684.1,11878.4,48684.3,5917.4,1211.9,15337.2,13162.3,2785.7,11478.3,1079.5,3286.5,110.6
225,7829.9,1240.5,11182.7,4870.2,66762.1,10586.0,6528.9,1762.1,2864.6,34491.5,17594.2,2477.2,2878.8,23590.5,12203.4,6100.2,5425.4,7431.5,7735.6,2437.6,10576.7,14230.2,17121.1,11457.2,4387.4,11131.9,1840.3,3937.5,5488.5,2631.6,16066.0,3221.2,37405.3,17412.5,1672.2,21521.3,6447.2,7438.5,23424.0,1931.7,8321.2,1684.7,11889.1,48824.5,5931.5,1215.0,15372.9,13189.9,2788.0,11482.6,1084.6,3282.8,111.5
226,7839.6,1240.0,11217.4,4875.1,66850.0,10605.2,6527.9,1760.3,2861.9,34532.6,17618.2,2479.8,2886.4,23609.5,12195.9,6108.2,5431.7,7433.4,7736.9,2439.6,10592.3,14239.3,17116.6,11475.6,4392.4,11134.8,1845.3,3948.6,5497.6,2634.5,16091.6,3229.9,37441.4,17430.2,1676.6,21522.1,6451.1,7452.0,23430.9,1933.0,8334.6,1686.0,11914.9,48909.7,5948.7,1215.2,15394.7,13214.2,2776.5,11491.9,1089.5,3292.6,111.7
227,7842.6,1240.3,11234.8,4880.7,66958.7,10622.7,6529.0,1762.5,2861.4,34541.5,17624.1,2483.0,2893.2,23599.3,12203.0,6105.7,5428.8,7428.7,7720.7,2438.7,10582.4,14255.0,17124.2,11474.4,4385.4,11133.0,1847.6,3938.5,5504.6,2632.9,16079.2,3231.3,37453.0,17408.8,1680.0,21516.4,6460.2,7458.6,23440.2,1932.6,8340.9,1688.0,11909.6,48993.6,5958.5,1214.0,15386.7,13226.9,2764.5,11487.7,1092.3,3268.3,110.6
228,7868.8,1242.4,11284.0,4897.9,66998.6,10658.0,6510.2,1770.8,2863.1,34642.6,17735.7,2476.5,2905.0,23650.0,12299.4,6126.0,5438.0,7465.5,7734.0,2447.7,10621.9,14277.3,17115.4,11491.6,4401.5,11179.6,1852.1,3957.1,5514.8,2650.5,16128.1,3235.6,37551.5,17578.8,1683.3,21620.6,6467.1,7487.5,23507.9,1941.2,8354.2,1691.1,11991.7,49100.2,5977.0,1211.6,15443.8,13281.5,2761.4,11512.7,1096.7,3307.0,114.3
229,7870.8,1242.7,11295.8,4897.2,67078.7,10681.7,6508.2,1770.7,2868.7,34711.0,17754.0,2480.7,2908.5,23608.3,12296.4,6100.9,5432.9,7449.1,7730.5,2449.6,10617.3,14314.1,17122.1,11480.2,4396.2,11166.9,1847.2,3945.6,5529.2,2651.7,16122.7,3242.7,37575.1,17566.9,1681.5,21591.4,6475.3,7467.2,23486.1,1941.5,8350.8,1686.9,11998.2,49201.0,5990.0,1216.6,15447.1,13194.1,2755.3,11489.0,1099.6,3313.5,116.1
230,7868.7,1244.7,11311.4,4889.4,67122.5,10675.7,6504.8,1776.7,2870.0,34722.7,17757.0,2475.5,2909.6,23620.1,12281.3,6098.0,5428.7,7457.5,7713.3,2448.8,10623.5,14313.2,17128.9,11478.2,4390.9,11164.8,1842.0,3929.9,5532.3,2652.0,16143.5,3248.9,37633.4,17578.7,1685.0,21585.2,6475.2,7480.4,23513.3,1937.7,8357.2,1684.2,12003.2,49220.6,5998.7,1223.7,15468.3,13287.0,2751.6,11493.3,1098.2,3323.6,117.0
231,7873.3,1245.0,11317.4,4892.4,67197.5,10690.9,6510.9,1773.3,2870.4,34768.6,17746.8,2460.6,2922.6,23637.2,12247.6,6105.1,5456.4,7452.1,7716.7,2444.3,10616.0,14302.5,17116.2,11474.9,4386.9,11181.5,1850.3,3942.8,5547.3,2649.2,16155.0,3247.0,37708.4,17596.8,1688.2,21594.4,6477.5,7488.6,23528.7,1939.8,8375.6,1680.5,12018.8,49316.0,6031.7,1215.7,15469.9,13333.4,2751.8,11501.0,1097.0,3316.5,116.7
232,7879.2,1240.7,11346.4,4881.7,67257.9,10714.9,6500.1,1771.2,2870.3,34794.3,17763.7,2463.0,2930.7,23636.2,12266.3,6102.8,5447.7,7455.4,7702.6,2444.1,10616.0,14308.0,17108.6,11513.1,4394.0,11173.2,1853.8,3947.0,5556.9,2646.1,16129.9,3242.5,37680.9,17612.2,1688.1,21580.3,6471.0,7498.1,23515.1,1939.2,8385.7,1685.1,12030.3,49401.6,6044.6,1210.8,15471.4,13351.1,2749.4,11489.6,1099.3,3316.5,117.9
233,7878.7,1246.0,11361.8,4876.4,67355.2,10732.9,6490.0,1770.2,2879.4,34837.3,17791.8,2460.0,2936.2,23640.6,12236.0,6091.9,5443.3,7461.4,7674.4,2445.3,10612.9,14326.7,17113.2,11507.0,4394.5,11168.0,1851.8,3943.7,5553.4,2650.1,16147.3,3256.5,37693.8,17639.6,1688.5,21577.6,6462.9,7501.9,23505.9,1937.0,8397.3,1686.1,12046.5,49463.7,6046.2,1213.5,15499.1,13387.2,2746.4,11515.7,1099.3,3328.9,117.8
234,7906.9,1247.1,11407.3,4878.0,67466.1,10775.2,6505.5,1775.7,2878.5,34942.9,17773.4,2464.0,2942.8,23650.0,12208.5,6103.0,5443.5,7468.7,7652.7,2444.3,10620.1,14349.0,17123.5,11518.9,4396.0,11186.8,1858.4,3950.0,5568.8,2650.6,16161.9,3265.5,37685.9,17648.9,1686.3,21607.4,6470.7,7512.9,23559.7,1936.4,8425.3,1691.0,12068.8,49608.6,6056.1,1214.5,15505.9,13418.5,2736.7,11491.8,1098.9,3344.2,118.8
235,7908.1,1244.1,11482.5,4876.9,67588.6,10798.2,6500.3,1780.3,2879.6,35013.7,17854.7,2458.4,2955.1,23642.7,12231.9,6100.5,5456.3,7474.8,7676.5,2455.4,10616.0,14354.0,17157.3,11524.5,4395.3,11200.8,1862.5,3952.0,5581.8,2655.6,16172.3,3273.1,37711.6,17668.2,1689.5,21604.6,6462.4,7529.4,23597.6,1939.2,8440.9,1689.3,12085.1,49693.3,6079.8,1211.3,15518.1,13442.0,2737.3,11477.0,1102.0,3336.1,120.4
236,7902.7,1249.7,11465.0,4874.4,67590.5,10806.5,6509.9,1776.2,2880.5,35022.9,17852.7,2467.3,2957.0,23610.4,12234.8,6097.9,5443.8,7475.4,7679.9,2456.8,10607.1,14342.9,17144.6,11505.4,4391.6,11198.0,1861.6,3949.3,5587.8,2654.4,16174.7,3278.8,37751.5,17671.7,1685.3,21593.6,6477.7,7523.2,23563.8,1937.3,8451.3,1691.3,12096.2,49748.0,6084.5,1209.7,15525.9,13440.9,2724.4,11457.0,1097.7,3349.4,121.3
237,7905.9,1247.8,11489.7,4892.6,67705.6,10804.8,6519.3,1775.7,2885.8,35098.5,17868.1,2469.7,2949.0,23605.7,12215.8,6109.8,5438.1,7483.3,7662.3,2458.6,10608.0,14338.2,17057.2,11518.3,4402.6,11191.8,1858.4,3964.0,5579.6,2648.9,16223.0,3274.8,37696.2,17675.0,1684.5,21533.2,6485.8,7532.1,23602.7,1944.5,8464.3,1696.4,12114.7,49912.1,6115.2,1212.4,15521.9,13443.9,2730.2,11455.5,1095.7,3340.0,120.9
238,7918.1,1244.4,11540.7,4893.4,67798.2,10842.0,6529.0,1777.1,2895.6,35121.2,17901.3,2475.1,2956.0,23555.3,12225.5,6100.5,5442.6,7463.1,7681.6,2450.8,10651.8,14370.1,17167.1,11499.7,4399.6,11193.3,1866.1,3967.2,5600.5,2639.1,16256.9,3283.1,37773.8,17705.3,1687.5,21560.2,6477.9,7556.9,23648.3,1946.1,8485.2,1696.5,12141.5,50045.8,6134.5,1209.6,15611.2,13496.5,2719.9,11464.4,1093.1,3334.9,122.1
239,7944.0,1244.2,11566.5,4909.1,67899.3,10862.6,6533.5,1773.8,2889.4,35222.7,17906.0,2482.9,2973.4,23604.2,12235.9,6100.4,5462.7,7441.0,7665.4,2457.7,10684.3,14360.4,17193.5,11490.3,4392.7,11170.0,1868.7,3978.3,5590.6,2653.5,16281.5,3277.5,37737.5,17709.4,1691.4,21599.5,6478.1,7559.3,23609.9,1948.1,8492.0,1699.1,12148.5,50139.0,6148.4,1208.2,15620.0,13544.6,2707.0,11516.3,1091.8,3335.0,122.6
240,7932.8,1241.5,11580.4,4907.7,68010.4,10864.3,6546.0,1787.2,2892.4,35372.2,17951.9,2482.4,2973.3,23668.2,12288.2,6097.7,5483.4,7485.9,7687.0,2461.8,10737.2,14401.8,17206.5,11520.5,4401.7,11219.0,1877.6,3993.2,5609.0,2675.5,16340.7,3297.8,37860.6,17766.6,1695.3,21621.2,6461.7,7555.2,23677.7,1953.3,8512.9,1703.2,12182.6,50250.8,6151.8,1204.6,15650.3,13569.4,2716.3,11540.8,1089.6,3344.3,123.1
241,7940.9,1245.7,11598.2,4909.1,68101.8,10855.9,6556.5,1798.3,2897.3,35385.1,17954.7,2477.3,2984.9,23622.0,12302.3,6082.2,5491.4,7489.2,7713.9,2454.7,10740.8,14416.2,17245.9,11492.0,4410.3,11226.5,1878.9,3992.9,5596.1,2671.0,16352.8,3301.2,37888.2,17779.8,1695.6,21630.3,6456.7,7565.4,23730.2,1960.2,8522.1,1704.5,12200.4,50412.4,6162.9,1203.3,15666.7,13589.0,2703.2,11544.0,1091.7,3345.3,123.4
242,7906.6,1229.0,11508.6,4873.2,67267.4,10789.3,6470.2,1771.2,2886.1,35008.1,17823.2,2462.6,2968.3,23376.4,12172.2,6047.0,5446.0,7409.4,7573.3,2426.5,10622.1,14243.5,17088.3,11384.9,4378.6,11088.0,1875.3,3963.2,5513.7,2635.4,16074.1,3284.5,37393.9,17602.8,1687.8,21389.6,6400.0,7514.8,23448.4,1921.1,8443.3,1691.7,12160.7,50046.7,6143.8,1185.2,15535.8,13492.1,2694.6,11442.0,1083.8,3339.0,122.6
