year,Afghanistan,Angola,Albania,Arab World,United Arab Emirates,Argentina,Armenia,Australia,Austria,Azerbaijan,Burundi,Belgium,Benin,Burkina Faso,Bangladesh,Bulgaria,Bahrain,"Bahamas, The",Bosnia and Herzegovina,Belarus,Belize,Bolivia,Brazil,Barbados,Brunei Darussalam,Bhutan,Botswana,Central African Republic,Canada,Central Europe and the Baltics,Switzerland,Channel Islands,Chile,China,Cote d'Ivoire,Cameroon,"Congo, Dem. Rep.","Congo, Rep.",Colombia,Comoros,Cabo Verde,Costa Rica,Caribbean small states,Cuba,Cyprus,Czech Republic,Germany,Djibouti,Denmark,Dominican Republic,Algeria,East Asia & Pacific (excluding high income),Early-demographic dividend,East Asia & Pacific,Europe & Central Asia (excluding high income),Europe & Central Asia,Ecuador,"Egypt, Arab Rep.",Euro area,Eritrea,Spain,Estonia,Ethiopia,European Union,Fragile and conflict affected situations,Finland,Fiji,France,Gabon,United Kingdom,Georgia,Ghana,Guinea,"Gambia, The",Guinea-Bissau,Equatorial Guinea,Greece,Guatemala,Guam,Guyana,High income,"Hong Kong SAR, China",Honduras,Heavily indebted poor countries (HIPC),Croatia,Haiti,Hungary,IBRD only,IDA & IBRD total,IDA total,IDA blend,Indonesia,IDA only,India,Ireland,"Iran, Islamic Rep.",Iraq,Iceland,Israel,Italy,Jamaica,Jordan,Japan,Kazakhstan,Kenya,Kyrgyz Republic,Cambodia,"Korea, Rep.",Kuwait,Latin America & Caribbean (excluding high income),Lao PDR,Lebanon,Liberia,Libya,St. Lucia,Latin America & Caribbean,Least developed countries: UN classification,Low income,Sri Lanka,Lower middle income,Low & middle income,Lesotho,Late-demographic dividend,Lithuania,Luxembourg,Latvia,"Macao SAR, China",Morocco,Moldova,Madagascar,Maldives,Middle East & North Africa,Mexico,Middle income,North Macedonia,Mali,Malta,Myanmar,Middle East & North Africa (excluding high income),Montenegro,Mongolia,Mozambique,Mauritania,Mauritius,Malawi,Malaysia,North America,Namibia,New Caledonia,Niger,Nigeria,Nicaragua,Netherlands,Norway,Nepal,New Zealand,OECD members,Oman,Other small states,Pakistan,Panama,Peru,Philippines,Papua New Guinea,Poland,Pre-demographic dividend,Puerto Rico,"Korea, Dem. People�۪s Rep.",Portugal,Paraguay,West Bank and Gaza,Pacific island small states,Post-demographic dividend,French Polynesia,Qatar,Romania,Russian Federation,Rwanda,South Asia,Saudi Arabia,Sudan,Senegal,Singapore,Solomon Islands,Sierra Leone,El Salvador,Somalia,Serbia,Sub-Saharan Africa (excluding high income),South Sudan,Sub-Saharan Africa,Small states,Sao Tome and Principe,Suriname,Slovak Republic,Slovenia,Sweden,Eswatini,Syrian Arab Republic,Chad,East Asia & Pacific (IDA & IBRD countries),Europe & Central Asia (IDA & IBRD countries),Togo,Thailand,Tajikistan,Turkmenistan,Latin America & the Caribbean (IDA & IBRD countries),Timor-Leste,Middle East & North Africa (IDA & IBRD countries),Tonga,South Asia (IDA & IBRD),Sub-Saharan Africa (IDA & IBRD countries),Trinidad and Tobago,Tunisia,Turkey,Tanzania,Uganda,Ukraine,Upper middle income,Uruguay,United States,Uzbekistan,St. Vincent and the Grenadines,"Venezuela, RB",Virgin Islands (U.S.),Vietnam,Vanuatu,World,Samoa,"Yemen, Rep.",South Africa,Zambia,Zimbabwe
1991,11.38000011,3.75,16.21999931,11.50442539,1.75,5.440000057,1.600000024,9.579999924,3.420000076,0.899999976,1.75,6.989999771,1.480000019,2.480000019,2.200000048,13.39999962,0.879999995,12.17000008,17.54999924,0.600000024,9.579999924,2.74000001,6.369999886,22.96999931,4.699999809,1.340000033,13.81999969,4.289999962,10.31999969,9.841267388,1.779999971,5.630000114,5.230000019,2.400000095,6.619999886,7.789999962,2.789999962,19.59000015,10.11999989,4.449999809,10.55000019,5.369999886,13.11246158,7.940000057,2.089999914,2.269999981,5.320000172,11.38000011,9.100000381,6.239999771,20.60000038,2.413562513,5.315379117,2.461731399,5.05579805,7.005767334,4.619999886,9.380000114,8.287940591,6.650000095,15.93000031,1.470000029,2.960000038,8.679989411,5.017936103,6.5,3.809999943,9.130000114,17.51000023,8.550000191,2.700000048,4.659999847,4.369999886,9.289999962,3.00999999,8.300000191,7.659999847,2.670000076,3.50999999,11.81999969,6.788221462,1.799999952,4.579999924,4.90103628,11.14000034,7.019999981,9.949999809,4.554655754,4.399743865,3.619517407,2.87480479,2.619999886,3.947001645,5.550000191,15.77999973,11.10000038,8.81000042,2.549999952,13.39000034,10.10000038,15.73999977,19.36000061,2.099999905,0.899999976,2.789999962,1.0,0.769999981,2.410000086,0.810000002,6.111744973,2.450000048,8.399999619,2.210000038,18.85000038,16.54999924,6.173368762,3.805919806,4.391305936,14.65999985,4.860852505,4.271998568,37.43999863,3.660429983,1.100000024,1.480000019,2.700000048,3.00999999,13.56999969,1.899999976,5.559999943,0.75999999,11.14918848,3.150000095,4.263768528,35.52999878,3.210000038,5.889999866,0.75999999,11.88076299,30.04000092,5.989999771,2.589999914,9.739999771,9.340000153,5.840000153,3.660000086,7.161714443,19.13999939,18.37999916,1.389999986,3.710000038,7.340000153,7.28000021,5.409999847,1.75,10.60999966,6.804066813,3.190000057,11.56407348,0.589999974,3.630000114,5.559999943,3.559999943,2.779999971,13.65999985,5.033318445,16.18000031,2.829999924,3.920000076,9.06000042,10.44999981,3.114525984,6.345995165,11.06999969,0.560000002,8.180000305,5.130000114,0.300000012,4.990813025,7.210000038,15.11999989,5.489999771,2.180000067,1.980000019,3.309999943,7.53000021,13.23999977,13.14999962,6.323236943,12.43000031,6.330155372,11.4727292,14.11999989,17.13999939,12.27000046,7.079999924,3.24000001,21.31999969,6.75,0.670000017,2.407537086,6.091079162,4.260000229,2.630000114,1.899999976,1.399999976,6.042880163,3.24000001,11.89104151,1.25,4.990813025,6.330155372,3.359999895,15.64000034,8.210000038,3.599999905,0.939999998,1.899999976,3.899580709,9.010000229,6.800000191,1.899999976,19.77000046,9.449999809,6.489999771,1.830000043,4.5,4.801846395,2.099999905,8.149999619,29.44000053,18.89999962,4.800000191
1992,11.46000004,3.779999971,16.32999992,12.00210914,1.75,6.360000134,1.799999952,10.72999954,3.589999914,1.799999952,1.789999962,6.699999809,1.50999999,2.50999999,2.269999981,13.5,0.860000014,14.81000042,18.43000031,3.099999905,9.659999847,2.789999962,6.420000076,22.94000053,4.75,1.360000014,16.09000015,4.349999905,11.19999981,10.071417,2.809999943,5.590000153,4.349999905,2.400000095,6.699999809,7.880000114,2.829999924,19.71999931,9.43999958,4.5,10.61999989,3.930000067,13.26717091,8.039999962,2.089999914,3.220000029,6.320000172,11.47000027,9.029999733,6.300000191,24.37999916,2.384039448,5.409993594,2.455600078,5.318456713,7.475751288,4.679999828,8.920000076,8.897182643,6.71999979,17.70000076,3.680000067,3.00999999,9.209858236,4.993318165,11.60000038,3.859999895,10.21000004,17.61000061,9.779999733,5.400000095,4.699999809,4.420000076,9.369999886,3.049999952,8.380000114,7.840000153,2.710000038,3.839999914,11.89999962,7.314064014,1.960000038,3.059999943,4.946978574,10.80000019,7.070000172,9.93999958,4.579189682,4.431105179,3.691844915,2.988940643,2.730000019,4.000565488,5.610000134,15.02999973,10.72000027,8.880000114,4.309999943,14.07999992,9.329999924,15.75,19.48999977,2.200000048,1.0,2.829999924,1.100000024,0.790000021,2.50999999,0.810000002,6.064550097,2.49000001,8.470000267,2.24000001,18.95999908,16.63999939,6.107921398,3.866622535,4.464800894,14.22000027,4.941553784,4.308920084,37.61000061,3.630226609,1.200000048,2.029999971,6.599999905,2.200000048,13.67000008,3.700000048,5.630000114,0.769999981,11.51629875,3.24000001,4.298082551,35.68000031,3.24000001,5.869999886,0.779999971,12.146357,30.20999908,6.050000191,2.630000114,9.81000042,9.420000076,5.900000095,3.710000038,7.873996452,19.21999931,18.35000038,1.409999967,3.75,7.409999847,5.559999943,5.909999847,1.779999971,10.67000008,7.284175517,3.160000086,12.13268569,0.600000024,3.680000067,5.630000114,3.609999895,2.819999933,13.64999962,5.086673926,16.93000031,2.869999886,3.99000001,9.159999847,10.5,3.174725151,6.913739844,11.02999973,0.50999999,8.260000229,5.179999828,0.349999994,5.031792886,7.199999809,15.22000027,5.53000021,3.089999914,2.019999981,3.349999905,7.880000114,13.32999992,13.22999954,6.390675807,12.52000046,6.397544208,11.90633649,14.21000004,17.28000069,12.25,7.800000191,5.71999979,21.42000008,7.050000191,0.680000007,2.376983878,6.307690738,4.320000172,1.350000024,2.099999905,1.5,5.967995136,3.279999971,12.15832453,1.269999981,5.031792886,6.397544208,3.319999933,15.73999977,8.510000229,3.579999924,0.920000017,1.899999976,3.903395716,8.979999542,7.5,2.900000095,19.97999954,7.690000057,6.449999809,1.860000014,4.570000172,4.934087983,2.349999905,8.210000038,29.57999992,19.26000023,4.849999905
1993,11.60999966,3.849999905,16.52000046,12.75703327,1.730000019,10.10000038,5.300000191,10.86999989,4.25,4.5,1.850000024,8.079999924,1.460000038,2.559999943,2.359999895,13.67000008,0.829999983,12.72000027,19.39999962,8.5,9.779999733,2.869999886,6.03000021,24.54000092,4.78000021,1.389999986,18.61000061,4.440000057,11.38000011,11.30217483,3.720000029,5.53000021,4.489999771,2.700000048,5.840000153,8.020000458,2.890000105,19.93000031,7.800000191,4.570000172,10.75,3.950000048,13.42596631,8.220000267,2.460000038,4.320000172,7.679999828,11.60999966,10.72000027,6.400000095,26.22999954,2.629170213,5.652714966,2.699252466,6.097379347,8.635993481,4.769999981,10.92000008,10.6768817,6.829999924,22.15999985,6.539999962,3.079999924,10.75516055,5.033375162,16.20000076,3.940000057,11.31999969,17.78000069,10.35000038,5.400000095,5.28000021,4.5,9.489999771,3.130000114,8.5,8.609999657,2.769999981,5.53000021,12.01000023,7.830801965,1.960000038,3.150000095,5.044873071,10.43000031,7.150000095,12.10000038,4.841933801,4.675917345,3.855538647,3.215150038,2.779999971,4.135479242,5.71999979,15.59000015,10.39000034,9.0,5.260000229,12.73999977,10.23999977,16.31999969,19.70000076,2.5,1.110000014,2.900000095,3.400000095,0.829999983,2.880000114,0.800000012,6.098651488,2.579999924,8.590000153,2.299999952,19.13999939,16.79999924,6.144209855,3.960395577,4.626983736,13.81999969,5.131086991,4.553402765,37.88000107,3.884134952,13.80000019,2.329999924,16.70000076,2.099999905,13.84000015,3.700000048,5.760000229,0.790000021,12.06363096,3.369999886,4.548237149,35.95000076,3.289999962,5.829999924,0.810000002,12.87509126,30.48999977,6.150000095,2.690000057,9.93999958,9.550000191,6.0,4.110000134,7.350895696,19.37000084,18.28000069,1.460000038,3.809999943,7.539999962,6.289999962,5.96999979,1.820000052,9.800000191,7.753776492,3.119999886,12.81595456,0.620000005,3.75999999,5.739999771,3.690000057,2.900000095,14.39000034,5.151458325,16.90999985,2.950000048,5.300000191,9.31000042,10.60000038,3.268290428,7.476830794,10.97000027,0.460000008,8.260000229,5.880000114,0.409999996,5.126990025,6.670000076,15.39000034,5.610000134,3.069999933,2.099999905,3.420000076,9.93999958,13.48999977,13.35999966,6.488883515,12.68000031,6.49572369,12.42045867,14.35000038,15.64000034,12.19999981,8.510000229,9.329999924,21.60000038,7.400000095,0.699999988,2.624516255,7.030781957,4.429999828,1.49000001,6.199999809,1.5,6.001553464,3.339999914,12.89184633,1.299999952,5.126990025,6.49572369,3.269999981,15.90999985,8.960000038,3.589999914,1.129999995,2.0,4.187390983,8.93999958,6.900000095,4.900000095,20.27000046,6.599999905,6.389999866,1.909999967,4.679999828,5.227547055,2.630000114,8.31000042,29.79999924,19.70000076,4.929999828
1994,11.64999962,3.869999886,16.56999969,12.87235932,1.75999999,11.76000023,6.599999905,9.720000267,3.539999962,6.300000191,1.870000005,9.649999619,1.370000005,2.579999924,2.420000076,13.72000027,0.839999974,13.82999992,20.29000092,12.80000019,11.10000038,2.890000105,6.239999771,22.97999954,4.869999886,1.399999976,21.20000076,4.46999979,10.39999962,11.41744627,3.880000114,5.559999943,5.869999886,2.900000095,4.949999809,8.06000042,2.910000086,20.0,8.25,4.590000153,10.78999996,4.050000191,12.80222908,8.279999733,2.890000105,4.300000191,8.729999542,11.65999985,8.039999962,6.429999828,27.73999977,2.919676499,5.959920903,2.964577983,7.806203943,9.679514449,4.800000191,10.93000031,11.75699216,6.869999886,24.20999908,7.559999943,3.099999905,11.50868448,5.186531759,16.43000031,3.960000038,12.59000015,17.77000046,9.649999619,8.399999619,5.840000153,4.53000021,9.529999733,3.160000086,8.539999962,8.859999657,2.799999952,7.599999905,12.02000046,7.834111732,1.899999976,3.210000038,5.041929373,10.15999985,7.179999828,10.85000038,5.226595823,5.009410777,3.947012846,3.427704094,4.369999886,4.174280304,5.75,14.56999969,9.979999542,9.039999962,5.329999924,9.930000305,11.09000015,15.34000015,17.09000015,2.900000095,7.539999962,2.930000067,4.699999809,0.839999974,2.480000019,0.699999988,6.61371842,2.599999905,8.630000114,2.319999933,19.19000053,17.0,6.655403239,3.974955269,4.710746062,13.02999973,5.186044961,4.887292611,37.97000122,4.262084675,13.80000019,3.480000019,18.70000076,2.5,13.89999962,5.800000191,5.800000191,0.790000021,12.00106033,4.440000057,4.899776653,36.02999878,3.309999943,5.880000114,0.819999993,12.93361444,30.57999992,6.179999828,2.710000038,9.979999542,9.600000381,6.03000021,3.630000114,6.546922503,19.39999962,18.37000084,1.480000019,3.829999924,7.579999924,7.159999847,5.349999905,1.840000033,8.350000381,7.836870678,3.160000086,13.20920118,0.629999995,3.789999962,5.78000021,3.710000038,2.920000076,14.82999992,5.122799489,14.60000038,2.970000029,6.710000038,9.359999657,10.61999989,3.323388501,7.51114076,11.02999973,0.460000008,8.170000076,8.130000114,0.460000008,5.141345139,6.25,15.43999958,5.630000114,3.029999971,2.130000114,3.440000057,7.679999828,13.53999996,13.40999985,6.496397275,12.72000027,6.503247244,12.5379817,14.39999962,12.69999981,13.64999962,8.239999771,9.579999924,21.65999985,7.5,0.75,2.918949724,8.484525389,4.460000038,1.350000024,8.800000191,4.699999809,6.546201594,3.359999895,12.95084929,1.580000043,5.141345139,6.503247244,3.299999952,15.96000004,8.579999924,3.529999971,1.330000043,2.0,4.721065835,9.0,6.119999886,7.300000191,20.42000008,8.56000042,6.420000076,1.929999948,4.71999979,5.487773339,2.890000105,8.340000153,29.87999916,18.21999931,4.960000038
1995,11.64999962,3.859999895,16.56999969,13.16419222,1.799999952,18.79999924,6.699999809,8.470000267,4.349999905,7.199999809,1.870000005,9.340000153,1.269999981,2.539999962,2.470000029,13.71000004,0.850000024,10.82999992,21.12999916,17.70000076,12.47999954,2.890000105,6.420000076,19.65999985,4.980000019,1.399999976,21.38999939,4.46999979,9.489999771,11.00977025,3.329999924,5.610000134,4.699999809,3.0,4.099999905,8.06000042,2.910000086,19.98999977,8.720000267,4.590000153,10.77999973,5.179999828,12.60166971,8.270000458,3.359999895,4.019999981,8.159999847,11.64999962,6.989999771,6.429999828,31.84000015,3.004669365,6.273189175,3.043974254,9.19824411,9.992168663,4.800000191,11.03999996,11.43656567,6.869999886,22.68000031,9.659999847,3.210000038,11.1024908,5.320623192,17.01000023,3.960000038,11.84000015,17.70000076,8.68999958,7.599999905,6.389999866,4.53000021,9.529999733,3.150000095,8.539999962,9.06000042,2.789999962,7.900000095,11.98999977,7.426684945,3.220000029,3.24000001,5.026776512,9.920000076,7.179999828,10.17000008,5.534802464,5.270236387,3.989663225,3.51729708,4.610000134,4.194583361,5.75,11.97999954,9.529999733,9.039999962,5.199999809,8.779999733,11.67000008,16.22999954,14.60000038,3.200000048,10.97999954,2.920000076,5.599999905,0.839999974,2.059999943,0.699999988,7.859334457,2.599999905,8.630000114,2.319999933,19.19000053,15.82999992,7.790633145,3.987367412,4.775007793,12.27000046,5.351641572,5.168326513,37.95999908,4.408141551,17.54000092,2.920000076,19.0,3.599999905,13.89000034,5.300000191,5.800000191,0.790000021,12.14721973,7.099999905,5.196475284,36.02000046,3.299999952,5.949999809,0.819999993,13.3038295,30.56999969,6.179999828,2.710000038,9.970000267,9.590000153,6.03000021,3.150000095,6.030329299,21.02000046,18.5,1.480000019,3.829999924,7.570000172,7.159999847,6.309999943,1.840000033,6.460000038,7.607521676,3.210000038,13.59668652,0.629999995,3.789999962,5.769999981,3.710000038,2.920000076,13.69999981,5.068839108,13.93000031,2.970000029,7.059999943,9.359999657,10.61999989,3.356438714,7.403596292,11.10999966,0.460000008,8.010000229,9.449999809,0.50999999,5.133857077,5.860000134,15.43999958,5.630000114,3.299999952,2.119999886,3.440000057,7.650000095,13.52999973,13.39999962,6.495902068,12.72000027,6.502614648,12.75713383,14.39000034,8.390000343,13.10999966,7.150000095,8.899999619,21.64999962,7.199999809,0.800000012,3.00517012,9.531127277,4.460000038,1.100000024,10.30000019,8.300000191,7.728224529,3.359999895,13.32420657,1.879999995,5.133857077,6.502614648,3.339999914,15.94999981,7.639999866,3.450000048,1.549999952,5.619999886,5.09891494,9.079999924,5.650000095,7.800000191,20.52000046,10.23999977,6.46999979,1.929999948,4.710000038,5.625102726,3.150000095,8.909999847,29.87000084,16.71999931,5.579999924
1996,11.64999962,3.859999895,16.56999969,12.32761992,1.889999986,17.11000061,9.300000191,8.510000229,5.28000021,8.100000381,1.870000005,9.479999542,1.179999948,2.50999999,2.50999999,13.72000027,0.870000005,11.46000004,22.01000023,24.39999962,13.81999969,2.890000105,7.25,14.71000004,5.090000153,1.399999976,21.59000015,4.46999979,9.619999886,10.26354953,3.710000038,5.670000076,7.409999847,3.099999905,4.099999905,8.06000042,2.910000086,19.98999977,11.81000042,4.590000153,10.77999973,6.159999847,12.41213143,7.610000134,3.890000105,3.890000105,8.829999924,11.65999985,6.840000153,6.429999828,28.55999947,3.096020488,6.163919652,3.144552863,10.1044997,10.33869127,4.800000191,9.0,11.66634095,6.869999886,22.13999939,9.920000076,3.329999924,11.11341067,5.451921148,15.56999969,3.960000038,12.36999989,17.63999939,8.18999958,11.5,6.96999979,4.53000021,9.529999733,3.160000086,8.539999962,9.659999847,2.789999962,8.279999733,11.96000004,7.397955488,2.829999924,4.369999886,5.055961038,9.680000305,7.179999828,10.02000046,5.612060155,5.353374541,4.115112287,3.776995627,4.860000134,4.262378589,5.75,11.72000027,9.100000381,9.039999962,3.599999905,8.460000038,11.86999989,16.01000023,13.69999981,3.400000095,12.96000004,2.930000067,7.300000191,0.839999974,2.049999952,0.699999988,8.075896768,2.460000038,8.630000114,2.319999933,19.19000053,16.32999992,8.070391024,3.996591637,4.864241991,11.35000038,5.370600493,5.262083971,37.95999908,4.576763653,16.39999962,3.289999962,20.70000076,4.199999809,13.89000034,7.900000095,5.800000191,0.980000019,11.30363885,5.46999979,5.290767993,36.02000046,3.299999952,6.03000021,0.819999993,12.3530875,30.56999969,6.179999828,2.710000038,9.979999542,9.520000458,6.03000021,2.519999981,5.861229779,22.70999908,18.63999939,1.480000019,3.829999924,7.570000172,6.420000076,5.039999962,1.840000033,6.289999962,7.552063023,3.25999999,13.79100042,0.629999995,3.789999962,5.769999981,3.710000038,2.920000076,12.68000031,5.044800914,13.64000034,2.970000029,7.300000191,9.359999657,10.61999989,3.390179644,7.570021917,11.21000004,0.479999989,6.739999771,9.670000076,0.560000002,5.114207372,5.480000019,15.43999958,5.630000114,3.569999933,2.119999886,3.440000057,7.679999828,13.52999973,13.19999981,6.522663605,12.72000027,6.529044694,12.84647842,14.39999962,10.88000011,11.34000015,6.909999847,9.550000191,22.07999992,7.289999962,0.839999974,3.097826983,10.12326862,4.460000038,1.070000052,13.39999962,10.30000019,8.036236734,3.359999895,12.36655421,2.200000048,5.114207372,6.529044694,3.400000095,15.96000004,6.630000114,3.380000114,1.769999981,7.650000095,5.240261957,9.170000076,5.449999809,10.69999981,20.62000084,11.77000046,6.53000021,1.929999948,4.710000038,5.690529788,3.430000067,9.510000229,29.87000084,15.30000019,6.239999771
1997,11.64000034,3.859999895,16.54999924,11.84352379,1.980000019,14.81999969,10.80000019,8.359999657,5.150000095,9.100000381,1.870000005,8.960000038,1.080000043,2.470000029,2.690000057,13.69999981,0.899999976,9.760000229,22.87999916,17.10000038,12.68000031,2.880000114,8.159999847,14.60999966,5.199999809,1.399999976,21.21999931,4.460000038,9.100000381,9.156204153,4.199999809,5.730000019,7.139999866,3.200000048,4.099999905,7.929999828,2.900000095,19.96999931,12.14000034,4.579999924,10.77000046,5.679999828,12.49139149,7.099999905,4.460000038,4.269999981,9.859999657,11.64000034,5.400000095,6.420000076,25.43000031,3.182292555,6.036469731,3.22944411,11.1165241,10.55879974,4.789999962,8.369999886,11.66060335,6.860000134,20.70000076,10.36999989,3.440000057,10.86986486,5.452971334,14.97000027,3.950000048,12.56999969,17.55999947,7.070000172,11.5,7.570000172,4.519999981,9.520000458,3.150000095,8.529999733,9.579999924,2.789999962,9.670000076,11.92000008,7.113110459,2.220000029,3.319999933,5.03086414,9.710000038,7.170000076,8.989999771,5.692331611,5.421859933,4.143567655,3.799629315,4.679999828,4.294104425,5.739999771,10.19999981,9.659999847,9.029999733,3.720000029,9.75,12.0,16.35000038,13.68999958,3.400000095,13.01000023,2.920000076,7.5,0.889999986,2.609999895,0.699999988,7.950811733,2.319999933,8.619999886,2.309999943,19.17000008,20.46999931,7.94490466,4.016472978,4.911316317,10.60000038,5.396501105,5.353787691,37.93999863,4.819102907,14.13000011,2.529999971,14.89999962,3.200000048,13.88000011,7.900000095,5.789999962,1.200000048,11.01540871,4.239999771,5.385968176,36.0,3.299999952,6.110000134,0.819999993,11.99664768,30.54999924,6.170000076,2.700000048,9.960000038,9.43999958,6.019999981,2.450000048,5.403670233,24.45000076,18.37999916,1.470000029,3.829999924,7.559999943,5.510000229,4.690000057,1.830000043,6.860000134,7.252175919,3.329999924,13.97752684,0.629999995,3.779999971,5.760000229,3.700000048,2.910000086,10.96000004,4.999735777,13.80000019,2.960000038,6.570000172,9.340000153,10.60999966,3.41550842,7.358740247,11.31000042,0.5,5.510000229,11.81000042,0.610000014,5.100041527,5.099999905,15.43000031,5.630000114,2.5,2.119999886,3.430000067,7.980000019,13.52000046,13.80000019,6.528716655,12.71000004,6.534832518,12.99971907,14.38000011,10.56000042,11.89000034,6.650000095,10.35999966,22.5,7.380000114,0.889999986,3.185475929,10.73960234,4.449999809,0.870000005,13.89999962,11.0,7.918320463,3.359999895,12.00753183,2.539999962,5.100041527,6.534832518,3.460000038,15.93999958,6.840000153,3.289999962,2.00999999,8.930000305,5.37924585,9.270000458,5.0,10.89999962,20.70999908,11.15999985,6.599999905,2.869999886,4.699999809,5.704659016,3.710000038,10.11999989,29.85000038,13.59000015,6.929999828
1998,11.64000034,3.859999895,16.54999924,11.90618617,2.069999933,12.64999962,9.399999619,7.679999828,5.519999981,10.0,1.870000005,9.319999695,1.0,2.440000057,2.869999886,12.19999981,0.920000017,7.650000095,23.78000069,14.0,14.31000042,2.880000114,9.420000076,12.39999962,5.320000172,1.399999976,20.86000061,4.460000038,8.279999733,8.952602665,3.599999905,5.78000021,7.309999943,3.200000048,4.099999905,7.809999943,2.900000095,19.96999931,15.0,4.579999924,10.77000046,5.329999924,11.9269684,6.230000019,5.070000172,5.900000095,9.789999962,11.64000034,5.039999962,6.420000076,26.82999992,3.362400145,6.154901625,3.526288415,12.21954723,10.73831898,4.789999962,8.029999733,11.20025348,6.860000134,18.67000008,9.510000229,3.559999943,10.44831072,5.466552439,13.21000004,3.950000048,12.07999992,17.48999977,6.199999809,14.52999973,8.199999809,4.519999981,9.520000458,3.150000095,8.529999733,10.84000015,2.789999962,7.739999771,11.89000034,7.035046913,4.579999924,4.019999981,5.05636718,11.39000034,7.170000076,8.930000305,5.918479923,5.624361951,4.251409247,3.958996712,5.78000021,4.379354351,5.739999771,7.699999809,10.23999977,9.029999733,3.069999933,10.75,12.11999989,15.5,13.68999958,4.099999905,13.13000011,2.920000076,8.899999619,0.949999988,6.960000038,0.699999988,8.359032483,2.190000057,8.510000229,2.309999943,19.17000008,21.60000038,8.331467487,4.053574929,5.007849183,9.170000076,5.459920163,5.562873246,37.02999878,5.085910171,13.71000004,2.75999999,14.46000004,4.599999905,13.88000011,10.0,5.789999962,1.429999948,11.21220971,3.730000019,5.603658541,34.5,3.920000076,6.190000057,0.819999993,12.22194106,30.54999924,6.170000076,2.75,9.960000038,9.359999657,6.019999981,3.200000048,4.882357588,23.02000046,18.10000038,1.470000029,3.829999924,7.559999943,4.389999866,3.74000001,1.830000043,7.71999979,7.21613234,3.390000105,13.71388883,0.629999995,3.779999971,5.760000229,3.700000048,2.910000086,9.93999958,4.978500324,13.46000004,2.960000038,4.650000095,9.340000153,10.60999966,3.449162703,7.381408809,11.40999985,0.519999981,5.630000114,13.26000023,0.660000026,5.091853865,4.730000019,15.43000031,5.630000114,3.410000086,2.119999886,3.430000067,7.099999905,13.52000046,13.69999981,6.519572514,12.71000004,6.525460429,12.68424801,14.38000011,10.63000011,12.18999958,7.389999866,8.93999958,23.12000084,7.46999979,0.939999998,3.368158055,11.60152562,4.449999809,3.400000095,16.5,12.19999981,8.340807411,3.359999895,12.23449604,2.910000086,5.091853865,6.525460429,3.50999999,15.53999996,6.889999866,3.220000029,2.269999981,11.31999969,5.696368175,9.359999657,4.510000229,13.30000019,20.80999947,11.14999962,6.659999847,2.289999962,4.699999809,5.854128685,4.010000229,10.75,29.85000038,12.0,6.440000057
1999,11.68999958,3.880000114,16.62000084,12.02161115,2.150000095,14.05000019,11.19999981,6.869999886,4.699999809,10.89999962,1.889999986,8.649999619,0.920000017,2.519999981,3.089999914,14.10000038,0.930000007,7.449999809,24.78000069,12.80000019,12.84000015,2.910000086,10.21000004,10.60999966,5.409999847,1.399999976,18.34000015,4.5,7.579999924,10.38508247,3.150000095,5.809999943,11.15999985,3.299999952,4.329999924,7.75,2.930000067,20.04999924,20.05999947,4.610000134,10.81999969,5.900000095,11.96353702,6.260000229,5.699999809,8.489999771,8.859999657,11.69999981,5.139999866,6.460000038,28.37000084,3.485682257,6.32225812,3.66284508,12.36160833,10.63792475,4.820000172,7.949999809,10.44038087,6.900000095,15.47999954,11.56999969,3.710000038,10.18023246,5.703292197,11.68999958,3.980000019,11.97999954,17.48999977,6.039999962,13.80000019,10.10000038,4.550000191,9.569999695,3.180000067,8.569999695,11.85000038,2.809999943,13.94999981,11.90999985,6.905034839,6.25,3.849999905,5.218192407,13.56000042,7.199999809,6.929999828,6.170271271,5.845748169,4.347078151,3.927883677,6.360000134,4.530805005,5.78000021,5.800000191,10.89000034,9.069999695,2.180000067,11.18000031,11.68999958,15.73999977,13.73999977,4.699999809,13.46000004,2.950000048,8.399999619,1.019999981,6.340000153,0.699999988,9.159428142,2.089999914,8.449999809,2.339999914,19.23999977,18.09000015,9.19640324,4.161281502,5.108042661,8.880000114,5.530124887,5.752376403,36.22999954,5.370120494,13.39000034,2.390000105,13.78999996,6.300000191,13.93999958,11.14000034,5.829999924,1.700000048,11.45517249,2.599999905,5.800161476,32.40000153,4.619999886,6.239999771,0.829999983,12.51322639,30.64999962,6.210000038,2.819999933,10.01000023,9.340000153,6.059999943,3.430000067,4.553109685,21.70000076,17.78000069,1.49000001,3.849999905,7.610000134,3.619999886,3.25,1.850000024,7.019999981,7.174454167,3.420000076,13.54133158,0.639999986,3.809999943,5.809999943,3.730000019,2.940000057,12.28999996,5.04217254,11.81000042,2.99000001,4.579999924,9.399999619,10.64999962,3.51406851,7.108603751,11.46000004,0.529999971,6.239999771,13.03999996,0.720000029,5.1301807,4.349999905,15.48999977,5.659999847,4.849999905,2.150000095,3.460000038,6.679999828,13.57999992,13.69999981,6.62095866,12.76000023,6.62652906,12.58199159,14.43999958,13.60000038,15.94999981,7.320000172,7.610000134,23.81999969,7.599999905,1.0,3.492756869,11.9990538,4.489999771,2.970000029,15.39999962,12.69999981,9.242425077,3.380000114,12.52752681,3.339999914,5.1301807,6.62652906,3.539999962,15.21000004,7.690000057,3.170000076,2.579999924,11.85999966,5.975596727,10.47000027,4.21999979,13.30000019,20.97999954,14.52999973,6.690000057,2.329999924,4.739999771,5.978623482,4.340000153,11.46000004,29.94000053,12.5,6.0
2000,11.64999962,3.869999886,16.57999992,12.45970754,2.25,15.0,11.05000019,6.28000021,4.690000057,11.77999973,1.870000005,6.590000153,0.839999974,2.569999933,3.269999981,16.21999931,0.949999988,7.159999847,25.67000008,12.0,10.86999989,2.890000105,9.899999619,9.350000381,5.53000021,1.639999986,15.88000011,4.46999979,6.829999924,12.43365164,2.670000076,5.880000114,10.48999977,3.299999952,4.519999981,7.599999905,2.910000086,20.0,20.52000046,4.590000153,10.78999996,5.079999924,11.62606348,5.449999809,4.96999979,8.760000229,7.920000076,11.65999985,4.480000019,6.429999828,29.77000046,3.432957562,6.303618649,3.563306918,10.95338289,9.811526233,4.800000191,8.979999542,9.425973175,6.869999886,13.78999996,13.35999966,3.49000001,9.824929484,5.740493491,11.13000011,3.960000038,10.22000027,17.38999939,5.559999943,10.81999969,10.35999966,4.53000021,9.529999733,3.160000086,8.539999962,11.25,2.799999952,15.31999969,11.84000015,6.528854398,4.920000076,3.920000076,5.232337015,16.05999947,8.220000267,6.559999943,6.071372637,5.761249674,4.345499277,3.772857714,6.079999924,4.597313644,5.75,4.320000172,11.47999954,9.039999962,1.940000057,11.10000038,10.84000015,15.53999996,13.69999981,4.699999809,12.75,2.930000067,7.539999962,1.070000052,4.400000095,0.800000012,9.140453105,1.950000048,8.31000042,2.319999933,19.19000053,16.48999977,9.161400854,4.193048311,5.168236547,7.739999771,5.510189036,5.629395788,35.27000046,5.210171572,15.93000031,2.349999905,14.21000004,6.800000191,13.57999992,8.460000038,5.800000191,1.970000029,11.96440067,2.650000095,5.663950423,32.20000076,5.329999924,6.320000172,0.819999993,13.11009585,30.57999992,6.179999828,2.849999905,9.979999542,9.239999771,6.03000021,3.0,4.272213101,20.29999924,17.51000023,1.480000019,3.829999924,7.579999924,2.730000019,3.460000038,1.799999952,6.130000114,6.78177574,3.49000001,13.20742107,0.629999995,3.789999962,5.78000021,3.710000038,2.920000076,16.30999947,5.0578863,10.07999992,2.970000029,3.809999943,9.359999657,10.63000011,3.524793258,6.537487172,11.56999969,0.569999993,6.96999979,10.57999992,0.769999981,5.094476832,4.570000172,15.44999981,5.639999866,3.700000048,2.130000114,3.440000057,6.960000038,13.53999996,12.60000038,6.584185376,12.72000027,6.58953887,12.27204388,14.39999962,12.68999958,19.05999947,6.920000076,5.46999979,24.39999962,9.510000229,1.049999952,3.439532515,11.23878892,4.460000038,2.390000105,14.96000004,11.67000008,9.235127486,3.359999895,13.12940015,3.74000001,5.094476832,6.58953887,3.609999895,14.93999958,6.5,3.079999924,2.849999905,11.71000004,5.764730222,12.63000011,3.99000001,12.06000042,21.03000069,13.98999977,6.760000229,2.25999999,4.71999979,5.804660165,4.639999866,11.56999969,29.87999916,12.93000031,5.639999866
2001,11.63000011,3.849999905,16.54000092,12.31786385,2.410000086,17.31999969,10.90999985,6.739999771,4.010000229,10.90999985,1.860000014,6.179999828,0.75,2.630000114,3.589999914,19.92000008,0.980000019,6.869999886,26.59000015,11.22999954,9.069999695,2.880000114,9.609999657,9.850000381,5.639999866,1.899999976,18.54000092,4.449999809,7.21999979,13.22653765,2.49000001,5.940000057,10.39000034,3.799999952,4.710000038,7.460000038,2.900000095,19.95999908,15.03999996,4.579999924,10.76000023,5.920000076,11.28652847,4.079999924,3.980000019,7.989999771,7.769999981,11.63000011,4.159999847,7.260000229,27.29999924,3.830016047,6.382219167,3.945598164,10.24627339,9.099718453,4.25,9.260000229,8.347991311,6.849999905,10.35000038,13.13000011,3.279999971,9.195806943,5.807225166,10.28999996,3.950000048,8.609999657,17.29000092,4.699999809,11.15999985,9.260000229,4.519999981,9.510000229,3.140000105,8.520000458,10.46000004,2.779999971,13.21000004,11.78999996,6.502960527,5.090000153,4.0,5.182846979,15.81999969,9.31000042,5.670000076,6.199566449,5.863002732,4.346785714,3.648092608,6.079999924,4.653086743,5.730000019,3.680000067,12.09000015,9.020000458,1.870000005,11.81000042,9.600000381,14.93000031,14.69999981,5.0,10.43000031,2.910000086,7.840000153,1.120000005,4.0,0.800000012,8.67747499,1.820000052,8.180000305,2.309999943,19.15999985,18.34000015,8.74380303,4.245348207,5.229393775,7.900000095,5.458889984,5.717864236,34.34999847,5.359339922,16.84000015,1.809999943,13.81999969,6.400000095,12.46000004,7.289999962,5.349999905,2.660000086,11.99043615,2.630000114,5.754953718,30.52000046,6.099999905,7.110000134,0.819999993,13.12230751,30.53000069,6.159999847,2.880000114,9.960000038,9.140000343,6.010000229,3.529999971,4.979645689,20.71999931,17.23999977,1.470000029,3.819999933,7.550000191,2.119999886,3.74000001,1.75,5.429999828,6.630142278,3.549999952,13.19733143,0.629999995,3.779999971,5.760000229,3.700000048,2.809999943,18.37000084,5.070769806,11.39999962,2.960000038,3.829999924,9.329999924,21.48999977,3.548317324,6.375985884,11.67000008,0.600000024,6.559999943,8.979999542,0.819999993,5.109440484,4.619999886,15.40999985,5.619999886,3.75999999,2.109999895,3.430000067,6.960000038,13.51000023,12.80000019,6.570054777,12.69999981,6.575162239,12.18791191,15.72999954,11.82999992,19.37999916,5.679999828,4.730000019,25.0,11.63000011,1.090000033,3.842397944,10.81651142,4.440000057,2.599999905,14.55000019,10.69999981,8.824358562,3.349999905,13.06282279,4.170000076,5.109440484,6.575162239,3.660000086,14.39999962,8.380000114,2.99000001,3.140000105,11.06000042,5.951766456,15.05000019,4.730000019,10.89000034,21.10000038,13.03999996,6.829999924,2.75999999,4.690000057,5.869660518,4.960000038,11.68999958,30.69000053,13.5,5.300000191
2002,11.68000031,3.880000114,16.61000061,12.31953602,2.559999943,19.59000015,10.84000015,6.369999886,4.849999905,10.03999996,1.889999986,6.909999847,0.689999998,2.710000038,3.960000038,18.11000061,0.980000019,9.050000191,27.64999962,10.57999992,10.03999996,2.910000086,9.369999886,10.31999969,5.730000019,1.860000014,21.12999916,4.489999771,7.670000076,13.74528142,2.920000076,5.960000038,10.17000008,4.199999809,4.960000038,6.679999828,2.920000076,20.04000092,15.63000011,4.610000134,10.81000042,6.329999924,11.14187136,3.309999943,3.299999952,7.019999981,8.479999542,11.68999958,4.269999981,6.78000021,25.89999962,4.113551237,6.649823708,4.219846941,9.790276658,9.133228059,4.949999809,10.01000023,8.61464449,6.889999866,11.14999962,10.02999973,3.109999895,9.541742212,6.038102708,10.42000008,3.980000019,8.699999809,17.29000092,5.039999962,12.59000015,8.300000191,4.550000191,9.56000042,3.170000076,8.569999695,9.979999542,2.809999943,11.39000034,11.81000042,7.025608461,7.28000021,4.019999981,5.197733975,15.05000019,10.53999996,5.610000134,6.424159669,6.051526784,4.391432671,3.523696219,6.599999905,4.770935328,5.769999981,4.21999979,12.80000019,9.069999695,2.99000001,12.89000034,9.210000038,14.18999958,15.30000019,5.400000095,9.329999924,2.940000057,12.55000019,1.210000038,3.299999952,1.100000024,9.027549187,1.730000019,8.119999886,2.329999924,19.22999954,20.38999939,9.083828326,4.375683352,5.279612828,8.760000229,5.427168208,5.893850804,33.58000183,5.536390835,13.01000023,2.619999886,13.82999992,6.300000191,11.59000015,6.800000191,5.199999809,3.480000019,12.16596668,3.0,5.941060832,31.94000053,6.96999979,6.900000095,0.829999983,13.25416346,30.63999939,6.199999809,2.950000048,10.0,8.210000038,6.050000191,3.480000019,5.973513286,21.25,16.88999939,1.860000014,3.849999905,7.599999905,2.549999952,4.019999981,1.730000019,5.28000021,7.179158343,3.589999914,12.97580227,0.639999986,3.809999943,5.800000191,3.630000114,2.75,19.89999962,5.143209634,11.93999958,2.99000001,4.5,9.390000343,27.46999931,3.604321342,6.767891138,11.71000004,0.620000005,8.109999657,7.880000114,0.889999986,5.188118286,5.269999981,15.47999954,5.650000095,5.650000095,2.140000105,3.450000048,5.730000019,13.56999969,13.80000019,6.722991017,12.75,6.725891177,12.00282168,17.62999916,11.07999992,18.71999931,5.920000076,4.96999979,25.73999977,10.97999954,1.159999967,4.12955495,10.65225127,4.480000019,1.820000052,14.25,9.869999886,9.183210884,3.380000114,13.1546828,4.679999828,5.188118286,6.725891177,3.690000057,14.55000019,10.35999966,3.109999895,3.5,10.14000034,6.286477605,16.64999962,5.78000021,9.869999886,20.93000031,16.17000008,6.849999905,2.119999886,4.739999771,6.110880054,5.070000172,11.89000034,33.29000092,14.18000031,5.03000021
2003,11.68000031,3.880000114,16.61000061,12.27405135,2.710000038,15.35999966,10.72000027,5.929999828,4.78000021,9.170000076,1.889999986,7.679999828,0.730000019,2.779999971,4.320000172,13.72999954,1.0,10.84000015,28.63999939,9.880000114,10.38000011,2.900000095,9.989999771,11.0,5.820000172,1.799999952,23.79999924,4.489999771,7.570000172,12.95753848,4.119999886,5.989999771,9.770000458,4.599999905,5.179999828,5.900000095,2.920000076,20.03000069,14.18999958,4.610000134,10.81000042,6.559999943,10.17644585,2.329999924,4.139999866,7.539999962,9.779999733,11.68999958,5.400000095,6.940000057,23.71999931,4.405636387,6.544148401,4.476749404,9.597479206,9.14005954,5.659999847,11.01000023,8.959623307,6.889999866,11.27999973,11.28999996,2.920000076,9.647262964,6.075851541,10.47000027,3.970000029,8.31000042,17.21999931,4.809999943,11.51000023,7.340000153,4.550000191,9.56000042,3.170000076,8.56000042,9.409999847,2.809999943,9.43999958,11.60999966,7.142987927,7.860000134,5.300000191,5.212151522,13.92000008,11.80000019,5.789999962,6.52025775,6.125061378,4.384249158,3.365810328,6.659999847,4.830685203,5.769999981,4.480000019,11.53999996,9.06000042,4.0,13.51000023,8.869999886,11.73999977,14.5,5.300000191,8.779999733,2.940000057,9.920000076,1.269999981,3.599999905,1.299999952,8.868968706,1.620000005,8.010000229,2.329999924,19.22999954,22.18000031,8.921246427,4.490290962,5.291001949,8.220000267,5.396064585,5.979249695,32.72000122,5.807677693,12.88000011,3.680000067,12.06000042,6.0,11.92000008,7.949999809,5.010000229,4.389999866,11.8794629,3.460000038,6.032784819,36.68999863,7.860000134,7.489999771,0.829999983,12.88990828,30.62999916,6.800000191,3.0,10.0,8.300000191,6.050000191,3.609999895,6.154587102,21.70999908,16.56999969,2.279999971,3.839999914,7.599999905,3.589999914,4.21999979,1.690000057,4.75,7.300263395,3.630000114,13.17895192,0.639999986,3.809999943,4.789999962,3.529999971,2.660000086,19.37000084,5.190345503,11.77999973,2.99000001,6.130000114,6.809999943,23.0,3.624201289,6.857935226,11.64000034,0.649999976,6.949999809,8.210000038,0.920000017,5.208511591,5.559999943,15.47999954,6.699999809,5.929999828,2.140000105,3.450000048,6.260000229,13.56999969,15.19999981,6.626453344,12.75,6.629647088,11.93262055,16.36000061,10.30000019,17.12000084,6.480000019,5.559999943,26.38999939,10.27999973,1.220000029,4.425774363,10.37144806,4.480000019,1.539999962,13.86999989,9.0,9.033976689,3.380000114,12.81375864,5.179999828,5.208511591,6.629647088,3.720000029,14.51000023,10.53999996,3.210000038,3.599999905,9.06000042,6.465841021,16.65999985,5.989999771,8.850000381,20.69000053,16.78000069,6.889999866,2.25,4.739999771,6.20070859,5.150000095,12.03999996,32.31000137,14.80000019,4.71999979
2004,11.60999966,3.849999905,16.52000046,11.2662593,2.900000095,13.52000046,10.53999996,5.400000095,5.829999924,7.989999771,1.850000024,7.360000134,0.769999981,3.369999886,4.300000191,12.03999996,1.029999971,10.19999981,29.54000092,9.159999847,10.65999985,2.869999886,9.109999657,9.569999695,5.949999809,2.49000001,21.76000023,4.440000057,7.190000057,12.93416867,4.320000172,6.070000172,10.15999985,4.5,5.360000134,5.130000114,2.890000105,19.94000053,13.72000027,4.570000172,10.75,6.389999866,9.826405667,1.850000024,4.329999924,8.210000038,10.72999954,11.61999989,5.199999809,6.300000191,17.64999962,4.388568115,6.371478656,4.413075279,9.254493143,9.116242951,5.0,10.31999969,9.246655094,6.840000153,11.09000015,10.25,2.710000038,9.882398557,5.993613749,10.35999966,3.940000057,8.909999847,17.07999992,4.590000153,12.61999989,6.400000095,4.510000229,9.5,3.130000114,8.510000229,10.31000042,2.970000029,7.699999809,11.34000015,6.982347148,6.739999771,5.989999771,5.103850078,13.65999985,13.06000042,5.829999924,6.334126708,5.950257827,4.275478859,3.189869847,7.300000191,4.752463309,5.71999979,4.489999771,10.30000019,9.010000229,4.03000021,13.02999973,7.869999886,11.43999958,14.67000008,4.699999809,8.399999619,2.910000086,8.529999733,1.309999943,3.700000048,1.700000048,8.328904429,1.49000001,7.849999905,2.299999952,19.13999939,20.96999931,8.383785053,4.460680519,5.178257943,8.380000114,5.224320883,5.804590325,31.77000046,5.623968454,10.68000031,5.110000134,11.71000004,4.900000095,10.82999992,8.170000076,3.720000029,5.360000134,10.73324663,3.940000057,5.853850422,37.15999985,8.75,7.320000172,0.819999993,11.56217448,30.5,6.960000038,3.00999999,9.93999958,8.340000153,6.0,3.539999962,5.703679506,22.09000015,16.30999947,2.690000057,3.809999943,6.409999847,4.650000095,4.260000229,1.629999995,4.010000229,7.189289508,3.710000038,12.7654836,0.629999995,3.769999981,4.900000095,3.549999952,2.539999962,19.06999969,5.136526907,10.31000042,2.950000048,6.320000172,6.510000229,23.21999931,3.50591736,6.660299437,11.61999989,0.709999979,7.71999979,7.760000229,0.930000007,5.1638335,5.820000172,15.39999962,7.789999962,5.840000153,2.099999905,3.420000076,6.050000191,13.48999977,18.5,6.322409732,12.68000031,6.326173961,11.55931647,16.12000084,9.489999771,18.60000038,6.010000229,6.690000057,26.95999908,9.590000153,1.25999999,4.40899972,10.08616364,4.429999828,1.50999999,13.42000008,8.119999886,8.499554521,3.349999905,11.47545183,3.480000019,5.1638335,6.326173961,3.799999952,14.22999954,10.84000015,3.269999981,2.690000057,8.590000153,6.286191575,12.97999954,5.53000021,7.820000172,20.37000084,15.06999969,6.96999979,2.140000105,4.679999828,6.026955982,5.190000057,12.11999989,29.45000076,15.36999989,4.389999866
2005,11.52000046,3.809999943,16.39999962,11.10038071,3.119999886,11.51000023,10.34000015,5.03000021,5.630000114,7.260000229,1.809999943,8.43999958,0.800000012,4.0,4.25,10.07999992,1.070000052,10.19999981,30.39999962,8.43999958,10.90999985,2.819999933,9.569999695,9.079999924,6.099999905,3.099999905,19.77000046,4.380000114,6.760000229,12.05618592,4.440000057,6.159999847,9.340000153,4.5,5.510000229,4.400000095,2.849999905,19.79999924,11.86999989,4.840000153,10.67000008,6.570000172,9.627638842,1.950000048,5.300000191,7.929999828,11.17000008,11.52000046,4.829999924,6.590000153,15.27000046,4.445635962,6.28922942,4.436527198,8.634367669,8.731927407,3.779999971,11.19999981,9.020674291,6.760000229,9.149999619,8.029999733,2.5,9.570432584,5.754849638,8.380000114,3.890000105,8.489999771,16.90999985,4.75,13.81000042,5.5,4.449999809,9.409999847,3.079999924,8.420000076,9.989999771,3.019999981,7.0,11.06000042,6.678311104,5.579999924,4.909999847,4.983883542,12.60000038,14.32999992,7.190000057,6.25145497,5.860192684,4.170227177,3.043362237,7.949999809,4.663451326,5.650000095,4.340000153,12.10000038,8.930000305,2.549999952,11.34000015,7.730000019,11.26000023,14.80000019,4.400000095,8.130000114,2.859999895,8.109999657,1.320000052,3.700000048,1.49000001,7.86757695,1.350000024,8.270000458,2.269999981,19.02000046,18.70000076,7.921447887,4.42688276,5.075304215,7.670000076,5.116300031,5.728790406,30.78000069,5.542662865,8.329999924,4.489999771,10.02999973,4.099999905,11.01000023,7.289999962,2.619999886,6.380000114,10.94915615,3.559999943,5.780852441,37.25,9.760000229,6.920000076,0.790000021,11.89653331,30.30999947,7.090000153,3.00999999,9.859999657,9.520000458,5.929999828,3.529999971,5.255129498,21.97999954,15.92000008,3.099999905,3.769999981,5.369999886,5.869999886,4.380000114,1.559999943,3.809999943,6.82906329,3.799999952,12.27896849,0.610000014,3.710000038,4.860000134,3.799999952,2.410000086,17.75,5.085711531,11.35000038,2.900000095,7.579999924,4.829999924,20.02000046,3.391494229,6.352904708,11.61999989,0.769999981,7.170000076,7.119999886,0.930000007,5.093557564,6.050000191,15.27999973,8.920000076,5.590000153,2.049999952,3.5,7.21999979,13.39000034,20.85000038,6.191416061,12.57999992,6.197571399,11.17191318,16.46999931,9.279999733,16.26000023,6.510000229,7.489999771,27.46999931,8.899999619,1.289999962,4.467627334,9.412806723,4.360000134,1.350000024,12.93999958,7.260000229,8.016780374,3.299999952,11.83521867,2.119999886,5.093557564,6.197571399,3.890000105,12.86999989,10.64000034,3.309999943,1.899999976,7.179999828,6.242943871,12.01000023,5.079999924,6.829999924,20.01000023,10.65999985,7.070000172,2.130000114,4.610000134,5.907434572,5.199999809,12.17000008,29.12000084,15.89999962,4.480000019
2006,11.34000015,3.730000019,16.17000008,10.31336064,3.059999943,10.07999992,10.06999969,4.78000021,5.239999771,6.619999886,1.730000019,8.25,0.810000002,3.640000105,3.589999914,8.949999809,1.129999995,7.539999962,31.11000061,7.699999809,9.390000343,2.720000029,8.640000343,8.729999542,6.300000191,3.130000114,17.78000069,4.269999981,6.320000172,10.10488728,4.0,6.309999943,9.020000458,4.400000095,5.610000134,3.690000057,2.980000019,18.61000061,11.52999973,5.070000172,10.51000023,5.739999771,8.900219899,1.909999967,4.539999962,7.150000095,10.25,11.34000015,3.900000095,5.659999847,12.27000046,4.332052976,5.953612462,4.304650664,8.128997216,8.089263431,3.549999952,10.48999977,8.312908252,6.619999886,8.449999809,5.920000076,2.390000105,8.625862,5.571736451,7.71999979,3.869999886,8.449999809,17.37000084,5.349999905,13.56999969,4.639999866,4.349999905,9.260000229,2.980000019,8.260000229,9.010000229,3.019999981,7.400000095,10.69999981,6.146037712,4.769999981,3.579999924,4.837292201,11.13000011,15.53999996,7.489999771,5.955070349,5.578321881,3.973003505,2.86505808,7.550000191,4.458891114,5.519999981,4.420000076,11.19999981,8.779999733,2.829999924,10.71000004,6.78000021,10.32999992,14.0,4.099999905,7.789999962,2.769999981,8.270000458,1.289999962,3.5,1.299999952,7.18814036,1.149999976,8.619999886,2.190000057,18.79999924,16.0,7.256014528,4.257743997,5.040215515,6.5,4.870826512,5.475921688,29.69000053,5.277940878,5.78000021,4.730000019,7.03000021,3.799999952,9.670000076,7.380000114,2.839999914,7.389999866,10.07469492,3.569999933,5.511111245,36.02999878,10.72000027,6.800000191,0.75,10.93293954,24.51000023,7.139999866,2.970000029,9.699999809,9.039999962,5.809999943,3.319999933,4.797206562,21.76000023,15.59000015,2.329999924,3.690000057,5.309999943,5.0,3.400000095,1.470000029,3.859999895,6.265564339,3.940000057,11.43942225,0.579999983,3.609999895,4.260000229,4.050000191,2.25,13.84000015,4.969546845,11.01000023,2.799999952,7.650000095,5.28000021,19.01000023,3.288195832,5.930816865,11.68999958,0.870000005,7.269999981,7.059999943,0.899999976,4.903179967,6.25,15.06999969,10.02999973,4.480000019,1.960000038,3.539999962,6.570000172,13.18999958,20.85000038,5.998937088,12.39000034,6.004441784,10.41572223,16.64999962,9.0,13.36999989,5.949999809,7.070000172,27.85000038,8.170000076,1.279999971,4.353855962,8.616375887,4.230000019,1.220000029,12.38000011,6.400000095,7.337965587,3.220000029,10.87098805,1.090000033,4.903179967,6.004441784,4.03000021,12.51000023,8.720000267,3.299999952,2.210000038,6.809999943,5.958043121,10.84000015,4.619999886,5.860000134,19.54999924,8.609999657,7.21999979,2.079999924,4.46999979,5.601949028,5.170000076,12.13000011,28.34000015,12.86999989,4.519999981
2007,11.18000031,3.660000086,15.97000027,9.88651849,2.99000001,8.470000267,9.81000042,4.380000114,4.860000134,6.329999924,1.659999967,7.460000038,0.819999993,3.299999952,3.910000086,6.880000114,1.200000048,7.880000114,28.97999954,7.010000229,8.510000229,2.640000105,8.329999924,7.409999847,6.489999771,3.700000048,17.0,4.170000076,6.039999962,7.807919658,3.650000095,6.449999809,8.430000305,4.300000191,5.710000038,3.059999943,3.109999895,17.48999977,11.19999981,5.300000191,10.36999989,4.489999771,8.544572426,1.789999962,3.920000076,5.320000172,8.659999847,11.17000008,3.799999952,5.159999847,13.78999996,4.294922619,5.809853561,4.246192753,7.339730432,7.171463508,3.140000105,8.800000191,7.436473706,6.5,8.229999542,4.590000153,2.289999962,7.448928485,5.467937048,6.849999905,3.869999886,7.659999847,17.84000015,5.260000229,13.27999973,4.690000057,4.25,9.119999886,2.900000095,8.119999886,8.399999619,3.029999971,8.300000191,10.84000015,5.622108751,4.010000229,3.210000038,4.707769598,9.909999847,16.79999924,7.409999847,5.720384912,5.369073228,3.891004497,2.646886367,8.06000042,4.439554376,5.409999847,4.980000019,10.60000038,8.649999619,2.25,9.380000114,6.079999924,9.75,13.10000038,3.900000095,7.260000229,2.690000057,8.100000381,1.25999999,3.200000048,1.5,6.803113837,0.99000001,8.979999542,2.130000114,18.60000038,14.0,6.863157226,4.237994376,5.04281438,5.96999979,4.695127762,5.301870709,28.64999962,5.000631738,4.25,4.070000172,6.050000191,3.200000048,9.56000042,5.070000172,3.059999943,8.470000267,9.559222403,3.630000114,5.323059161,34.93000031,11.71000004,6.46999979,0.720000029,10.48045885,19.39999962,7.199999809,2.940000057,9.569999695,8.479999542,5.699999809,3.230000019,4.769584408,21.55999947,15.26000023,1.700000048,3.619999886,4.889999866,4.150000095,2.49000001,1.379999995,3.660000086,5.81423018,4.079999924,10.75974534,0.400000006,3.519999981,3.920000076,3.430000067,2.109999895,9.600000381,4.825021913,10.93000031,2.720000029,7.960000038,4.710000038,18.28000069,3.254305514,5.525908506,11.73999977,0.519999981,6.409999847,6.0,0.879999995,4.811123243,5.730000019,14.88000011,9.890000343,3.900000095,1.879999995,3.579999924,6.409999847,13.02000046,18.05999947,5.756169087,12.22000027,5.760954662,9.860006464,15.89000034,8.739999771,11.14000034,4.820000172,6.159999847,28.23999977,8.420000076,1.289999962,4.317301197,7.516512917,3.599999905,1.179999948,11.84000015,5.610000134,6.939062675,3.140000105,10.41795941,1.190000057,4.811123243,5.760954662,4.170000076,12.36999989,8.869999886,2.920000076,2.529999971,6.349999905,5.762380675,9.399999619,4.619999886,4.989999771,19.11000061,7.28000021,7.380000114,2.029999971,4.360000134,5.361982162,5.150000095,12.10000038,26.54000092,10.19999981,4.570000172
2008,11.10999966,3.630000114,13.06000042,9.556738416,2.849999905,7.840000153,13.51000023,4.230000019,4.130000114,5.860000134,1.629999995,6.980000019,0.850000024,3.619999886,4.289999962,5.610000134,1.220000029,8.180000305,23.40999985,6.420000076,8.180000305,2.599999905,7.340000153,8.119999886,6.610000134,3.680000067,16.35000038,4.119999886,6.139999866,6.606206049,3.349999905,6.5,9.289999962,4.599999905,5.880000114,3.309999943,3.289999962,16.52000046,11.27000046,5.590000153,10.31000042,4.78000021,8.813720294,1.580000043,3.660000086,4.389999866,7.53000021,11.10000038,3.680000067,4.760000229,11.32999992,4.420156903,5.626523976,4.364740091,7.361356576,7.091559507,3.920000076,8.520000458,7.484285528,6.440000057,11.25,5.460000038,2.24000001,7.204563608,5.439256381,6.369999886,3.910000086,7.059999943,18.44000053,5.619999886,17.87000084,4.789999962,4.210000038,9.050000191,2.859999895,8.06000042,7.760000229,3.079999924,8.949999809,11.05000019,5.870262582,3.559999943,3.160000086,4.621369166,8.529999733,16.05999947,7.820000172,5.648043884,5.310004768,3.909567113,2.635041319,7.210000038,4.47357527,5.360000134,6.769999981,10.47999954,8.399999619,2.950000048,7.699999809,6.71999979,10.32999992,12.69999981,4.0,6.630000114,2.660000086,8.220000267,0.829999983,3.200000048,1.75,6.390159576,0.850000024,7.449999809,2.109999895,18.51000023,12.72000027,6.49077367,4.213287502,5.080569462,5.21999979,4.620917244,5.262425952,27.76000023,5.071398066,5.829999924,5.059999943,7.739999771,3.0,9.569999695,3.980000019,3.339999914,9.710000038,9.197684371,3.869999886,5.277538208,33.75999832,10.22999954,5.980000019,0.709999979,10.25262334,17.14999962,5.570000172,2.950000048,9.510000229,7.170000076,5.650000095,3.339999914,5.818084903,21.47999954,14.78999996,1.220000029,3.589999914,6.199999809,3.650000095,2.549999952,1.330000043,4.170000076,6.137934765,4.139999866,10.32434198,0.419999987,3.480000019,3.819999933,3.720000029,2.0,7.119999886,4.733819205,11.47999954,2.690000057,7.550000191,4.420000076,22.90999985,3.266620821,5.866635236,11.81999969,0.310000002,5.789999962,6.210000038,0.879999995,4.787584123,5.079999924,14.80000019,9.850000381,3.960000038,1.850000024,3.670000076,5.880000114,12.93999958,13.71000004,5.426338324,12.14999962,5.429357563,9.614989236,15.26000023,8.56000042,9.510000229,4.369999886,6.239999771,27.45000076,10.93999958,1.320000052,4.44479577,7.278562366,3.079999924,1.179999948,11.43000031,4.940000057,6.557464311,3.109999895,10.14991715,1.309999943,4.787584123,5.429357563,4.21999979,12.43999958,9.710000038,2.609999895,2.920000076,6.360000134,5.739426842,8.029999733,5.78000021,4.889999866,18.79000092,6.25,7.429999828,1.799999952,4.309999943,5.376596589,5.179999828,12.17000008,22.40999985,7.929999828,4.670000076
2009,11.46000004,3.779999971,13.67000008,9.200684732,2.529999971,8.649999619,18.44000053,5.559999943,5.300000191,5.739999771,1.75,7.909999847,0.970000029,4.230000019,5.0,6.820000172,1.129999995,14.25,24.06999969,6.099999905,8.430000305,2.859999895,8.520000458,10.02000046,6.460000038,3.960000038,16.17000008,4.340000153,8.340000153,8.490134223,4.119999886,6.289999962,11.31000042,4.699999809,6.409999847,3.769999981,3.700000048,16.10000038,12.06999969,6.190000057,10.61999989,7.710000038,9.869367879,1.669999957,5.360000134,6.659999847,7.739999771,11.46000004,6.409999847,5.46999979,10.15999985,4.375170973,5.87314701,4.435977401,9.135038701,8.936480122,4.610000134,9.090000153,9.538053057,6.71999979,17.86000061,13.55000019,2.349999905,9.124110764,5.432243369,8.25,4.199999809,8.739999771,19.59000015,7.539999962,20.70999908,5.139999866,4.420000076,9.359999657,3.049999952,8.369999886,9.619999886,3.359999895,9.300000191,11.68999958,7.947217318,5.260000229,3.289999962,4.812986328,9.199999809,15.89999962,10.02999973,6.001466533,5.62747277,4.102371291,2.785957295,6.110000134,4.689068077,5.610000134,12.60999966,11.97000027,8.489999771,7.21999979,9.529999733,7.75,11.35999966,12.89999962,5.099999905,6.550000191,2.829999924,8.409999847,0.579999983,3.599999905,1.639999986,7.354522317,0.810000002,6.360000134,2.24000001,18.95000076,15.36999989,7.485788028,4.460170166,5.110791364,5.849999905,4.898117382,5.565072612,27.5,5.472496556,13.78999996,5.119999886,17.52000046,3.579999924,8.960000038,6.400000095,3.880000114,11.69999981,9.354668812,5.360000134,5.603376901,32.18000031,9.279999733,6.889999866,0.779999971,10.44696947,19.09000015,5.860000134,3.170000076,9.81000042,7.260000229,5.889999866,3.690000057,9.153156151,21.98999977,13.97000027,0.910000026,3.75,8.159999847,4.349999905,3.099999905,1.639999986,6.119999886,8.28288264,3.839999914,11.01275732,0.540000021,3.680000067,3.730000019,3.859999895,2.059999943,8.170000076,4.912630554,15.0,2.869999886,9.430000305,5.460000038,20.45000076,3.515120289,8.025356467,11.56999969,0.310000002,6.860000134,8.300000191,1.019999981,5.063924856,5.380000114,13.0,10.25,5.860000134,2.019999981,3.99000001,7.329999924,13.31999969,16.13999939,5.616409425,12.52000046,5.619213944,10.36582776,15.11999989,8.720000267,12.02999973,5.860000134,8.350000381,27.38999939,8.140000343,1.5,4.396694871,8.947121001,2.799999952,0.930000007,11.5,4.539999962,7.554170006,3.269999981,10.36475058,1.559999943,5.063924856,5.619213944,4.03000021,13.28999996,12.55000019,2.5,3.599999905,8.840000153,6.102871368,7.739999771,9.25,5.0,19.25,6.099999905,7.210000038,1.74000001,4.570000172,6.010123905,5.480000019,12.71000004,23.52000046,10.5,5.03000021
2010,11.52000046,9.430000305,14.09000015,9.270222373,2.359999895,7.710000038,19.01000023,5.210000038,4.820000172,5.630000114,1.74000001,8.289999962,1.039999962,4.679999828,3.380000114,10.27999973,1.129999995,14.32999992,27.30999947,6.110000134,8.449999809,2.549999952,7.730000019,10.68999958,6.510000229,3.319999933,17.86000061,4.380000114,8.06000042,9.901324842,4.800000191,6.28000021,8.420000076,4.5,6.710000038,4.110000134,3.980000019,13.94999981,10.97999954,6.599999905,10.67000008,7.170000076,10.35343822,2.5,6.260000229,7.28000021,6.96999979,11.52000046,7.75,5.210000038,9.960000038,4.126473427,5.727839286,4.198877232,8.511692355,9.01760018,4.090000153,8.760000229,10.07055813,6.760000229,19.86000061,16.70999908,2.339999914,9.800563379,5.618092732,8.390000343,4.320000172,8.869999886,20.38999939,7.789999962,20.20000076,5.320000172,4.449999809,9.409999847,3.079999924,8.420000076,12.71000004,3.5,8.199999809,12.05000019,8.1984762,4.309999943,4.119999886,5.030021914,11.61999989,15.34000015,11.17000008,5.813405442,5.464166733,4.066726159,2.862229043,5.610000134,4.60675458,5.650000095,14.52999973,13.52000046,8.340000153,7.559999943,8.479999542,8.359999657,12.36999989,12.5,5.099999905,5.769999981,2.859999895,8.640000343,0.769999981,3.700000048,1.820000052,6.872713024,0.709999979,6.400000095,2.269999981,19.03000069,17.11000061,6.94636837,4.511491411,5.247656456,4.78000021,4.83292166,5.399510846,26.80999947,5.174448601,17.80999947,4.360000134,19.47999954,2.839999914,9.090000153,7.449999809,4.28000021,10.27999973,9.498381249,5.300000191,5.412542321,32.02000046,8.069999695,6.849999905,0.790000021,10.72604611,19.64999962,6.550000191,3.25,9.859999657,7.650000095,5.940000057,3.25,9.461068194,22.10000038,14.02999973,0.579999983,3.769999981,7.829999924,4.989999771,3.519999981,1.879999995,6.559999943,8.432077691,3.710000038,11.15246533,0.649999976,3.710000038,3.299999952,3.609999895,2.0,9.640000343,5.320515805,16.10000038,2.900000095,10.77000046,4.570000172,21.42000008,3.130630412,8.304166259,11.57999992,0.449999988,6.960000038,7.369999886,1.070000052,4.931766878,5.550000191,15.17000008,10.34000015,4.119999886,1.639999986,4.159999847,4.889999866,13.39000034,19.21999931,5.976818285,12.57999992,5.979664307,10.55370294,14.64000034,7.150000095,14.38000011,7.239999771,8.609999657,26.81999969,8.609999657,1.590000033,4.144085867,8.569219675,2.390000105,0.620000005,10.85000038,4.0,6.978301139,3.299999952,10.63578948,1.75,4.931766878,5.979664307,4.03000021,13.05000019,10.65999985,2.980000019,3.609999895,8.100000381,5.827050436,7.159999847,9.630000114,5.400000095,19.31999969,7.110000134,7.199999809,1.110000014,1.850000024,5.9204797,5.599999905,12.93000031,24.68000031,13.18999958,5.21999979
2011,11.51000023,7.360000134,13.47999954,10.30230235,2.230000019,7.179999828,18.44000053,5.079999924,4.559999943,5.420000076,1.700000048,7.139999866,2.650000095,5.119999886,3.710000038,11.26000023,1.179999948,14.52000046,27.57999992,6.079999924,8.399999619,2.220000029,6.920000076,11.18999958,6.639999866,3.230000019,17.85000038,4.380000114,7.510000229,9.789501314,4.400000095,6.349999905,7.340000153,4.5,6.960000038,3.970000029,4.21999979,11.89000034,10.10999966,6.980000019,10.93000031,10.14000034,10.53234624,3.180000067,7.860000134,6.710000038,5.820000172,11.51000023,7.769999981,6.090000153,9.960000038,4.063120868,5.675137845,4.091286851,7.851641562,8.761266196,3.460000038,11.85000038,10.11013031,6.760000229,21.38999939,12.32999992,2.299999952,9.83868943,5.672694838,7.78000021,4.409999847,8.81000042,20.37999916,8.039999962,19.62999916,5.619999886,4.449999809,9.409999847,3.079999924,8.420000076,17.87000084,3.119999886,13.30000019,12.35000038,7.870640058,3.420000076,4.480000019,4.98532351,13.68000031,14.69999981,11.02999973,5.696394109,5.372272363,4.09608932,2.869479165,5.150000095,4.649328764,5.650000095,15.35000038,12.44999981,8.149999619,7.03000021,7.139999866,8.359999657,12.69999981,12.89999962,4.519999981,5.389999866,2.859999895,8.529999733,0.579999983,3.400000095,2.069999933,6.427847707,0.709999979,6.389999866,2.24000001,19.02000046,18.86000061,6.474950877,4.498997072,5.204255046,4.119999886,4.904336042,5.310469274,26.04000092,5.035186042,15.39000034,4.900000095,16.20999908,2.559999943,8.909999847,6.679999828,2.019999981,8.859999657,10.00145904,5.170000076,5.319723558,31.37999916,6.900000095,6.380000114,0.790000021,11.43487907,19.67000008,4.769999981,3.299999952,9.859999657,7.449999809,5.929999828,3.049999952,8.794076298,19.32999992,14.18000031,0.319999993,3.769999981,6.449999809,4.980000019,3.220000029,2.109999895,6.489999771,8.031316819,3.640000105,10.62846804,0.800000012,2.309999943,3.269999981,3.589999914,2.619999886,9.630000114,5.221929147,15.69999981,2.900000095,12.68000031,4.670000076,17.60000038,3.065669456,8.013446174,11.67000008,0.560000002,7.179999828,6.539999962,1.100000024,4.96376322,5.769999981,17.44000053,10.35999966,3.890000105,1.279999971,4.289999962,4.300000191,13.38000011,22.96999931,5.88315901,12.56999969,5.885741375,10.19976596,14.10000038,7.539999962,13.61999989,8.170000076,7.800000191,26.14999962,8.600000381,1.659999967,4.079835825,8.030923317,1.980000019,0.660000026,10.15999985,4.0,6.484296751,3.529999971,11.38008209,1.919999957,4.96376322,5.885741375,3.430000067,18.32999992,8.800000191,3.470000029,3.579999924,7.849999905,5.617798579,6.309999943,8.949999809,5.0,19.30999947,6.900000095,7.269999981,1.0,1.850000024,5.783874346,5.679999828,13.07999992,24.63999939,10.34000015,5.369999886
2012,11.52000046,7.369999886,13.38000011,10.49596508,2.089999914,7.21999979,17.29999924,5.21999979,4.869999886,5.190000057,1.669999957,7.539999962,2.650000095,5.579999924,4.059999943,12.27000046,1.200000048,14.02000046,28.01000023,6.059999943,8.380000114,2.049999952,7.190000057,11.59000015,6.710000038,2.049999952,17.86000061,4.380000114,7.289999962,9.977872316,4.489999771,6.369999886,6.659999847,4.599999905,7.21999979,3.839999914,4.489999771,10.0,9.739999771,7.389999866,11.21000004,9.779999733,11.16143385,3.460000038,11.80000019,6.980000019,5.380000114,11.52000046,7.800000191,6.71999979,10.97000027,4.053098332,5.653829989,4.065746275,7.239521198,8.969745929,3.24000001,12.60000038,11.29050741,6.769999981,24.79000092,10.02000046,2.279999971,10.80846106,5.744295315,7.690000057,4.420000076,9.399999619,20.39999962,7.889999866,19.64999962,5.929999828,4.449999809,9.420000076,3.079999924,8.430000305,24.44000053,2.769999981,12.19999981,12.67000008,7.901431727,3.289999962,3.75,4.879617182,15.93999958,14.10000038,11.0,5.662749432,5.360536223,4.183296551,3.134125462,4.46999979,4.654102763,5.659999847,15.44999981,12.63000011,7.96999979,6.0,6.860000134,10.65999985,13.93000031,12.19999981,4.300000191,5.289999962,2.859999895,8.430000305,0.50999999,3.200000048,2.299999952,6.36898267,0.709999979,6.400000095,2.210000038,19.03000069,19.05999947,6.392244379,4.514991676,5.210538844,3.880000114,4.967198789,5.298892403,25.29999924,5.040166997,13.36999989,5.139999866,15.05000019,1.970000029,8.989999771,5.579999924,0.600000024,7.570000172,10.19033544,4.889999866,5.306705263,31.02000046,6.619999886,6.199999809,0.790000021,11.76344049,19.96999931,3.910000086,3.349999905,9.869999886,7.46999979,5.940000057,3.039999962,7.985595717,16.77000046,14.27000046,2.180000067,3.74000001,5.210000038,5.820000172,3.119999886,2.359999895,6.929999828,8.009543872,3.519999981,10.34402323,1.700000048,2.390000105,2.940000057,3.5,2.630000114,10.09000015,5.151832561,14.5,2.900000095,15.52999973,4.090000153,19.20000076,3.134960141,8.068222243,11.71000004,0.479999989,6.789999962,5.440000057,1.139999986,5.085324673,5.519999981,17.45000076,9.420000076,3.720000029,0.959999979,4.440000057,3.839999914,13.39000034,24.0,5.832677069,12.59000015,5.835354924,10.12173854,13.59000015,8.100000381,13.96000004,8.840000153,7.980000019,25.52000046,8.609999657,1.730000019,4.069692216,7.548744224,2.049999952,0.579999983,9.5,4.0,6.400786578,3.769999981,11.69569658,2.109999895,5.085324673,5.835354924,3.720000029,17.62999916,8.149999619,3.190000057,3.549999952,7.53000021,5.549964413,6.449999809,8.069999695,4.900000095,19.32999992,6.599999905,7.300000191,1.029999971,1.850000024,5.779595119,8.75,13.23999977,24.72999954,7.849999905,5.380000114
2013,11.53999996,7.380000114,15.86999989,10.56410964,1.950000048,7.099999905,16.18000031,5.659999847,5.340000153,4.96999979,1.639999986,8.430000305,2.660000086,6.070000172,4.429999828,12.93999958,1.220000029,16.18000031,27.48999977,6.050000191,8.350000381,2.390000105,6.980000019,11.55000019,6.800000191,2.869999886,17.87999916,4.389999866,7.070000172,10.04678074,4.75,6.409999847,6.210000038,4.599999905,4.25,3.710000038,4.489999771,10.01000023,9.050000191,7.809999943,11.48999977,8.770000458,11.70421403,3.289999962,15.86999989,6.949999809,5.230000019,11.53999996,7.380000114,7.349999905,9.819999695,4.039909398,5.732492432,4.037951558,7.247082823,9.19736387,3.079999924,13.14999962,11.92764178,6.78000021,26.09000015,8.630000114,2.25,11.32879871,5.853012999,8.18999958,4.440000057,9.920000076,20.40999985,7.519999981,19.42000008,6.260000229,4.460000038,9.430000305,3.089999914,8.43999958,27.46999931,3.019999981,11.5,12.98999977,7.816363906,3.400000095,5.650000095,4.74336423,17.25,14.11999989,10.18000031,5.644852439,5.367675041,4.301610748,3.568901608,4.340000153,4.628143188,5.670000076,13.73999977,10.43999958,9.270000458,5.380000114,6.210000038,12.14999962,15.25,12.60000038,4.0,5.199999809,2.869999886,8.329999924,0.439999998,3.099999905,2.559999943,6.334520146,0.709999979,6.409999847,2.190000057,19.04999924,22.20999908,6.341965015,4.528036288,5.107165757,4.239999771,5.065658874,5.305010302,24.57999992,5.001847639,11.77000046,5.849999905,11.86999989,1.820000052,9.229999542,5.099999905,0.939999998,6.369999886,9.834273655,4.909999847,5.322808862,29.0,6.349999905,6.110000134,0.800000012,11.37023531,19.5,4.230000019,3.410000086,10.03999996,7.320000172,5.949999809,3.109999895,7.346124911,19.03000069,14.38000011,1.220000029,3.700000048,5.28000021,7.239999771,3.420000076,2.630000114,5.769999981,7.926308131,3.420000076,10.48708587,2.950000048,2.299999952,3.210000038,3.5,2.630000114,10.32999992,5.035428752,14.30000019,2.910000086,16.18000031,4.389999866,19.88999939,3.032458135,7.980053647,11.77000046,0.280000001,7.099999905,5.460000038,1.179999948,5.261251333,5.570000172,17.46999931,8.529999733,3.859999895,0.689999998,4.590000153,3.690000057,13.40999985,22.14999962,5.708139425,12.60000038,5.710783865,10.33797819,13.60000038,6.599999905,14.22000027,10.10000038,8.050000191,24.89999962,8.619999886,1.799999952,4.056226224,7.599518575,2.119999886,0.209999993,8.859999657,4.010000229,6.352360846,4.03000021,11.29143411,2.309999943,5.261251333,5.710783865,2.680000067,15.93000031,8.729999542,2.930000067,1.909999967,7.170000076,5.508651248,6.440000057,7.380000114,4.900000095,19.35000038,7.539999962,7.340000153,1.320000052,1.850000024,5.767177205,8.789999962,13.40999985,24.55999947,8.609999657,5.380000114
2014,11.44999981,7.309999943,18.05999947,10.67776679,1.840000033,7.269999981,17.5,6.079999924,5.619999886,4.909999847,1.570000052,8.520000458,2.609999895,6.480000019,4.389999866,11.42000008,1.269999981,13.80000019,27.52000046,5.96999979,8.239999771,2.00999999,6.659999847,12.17000008,6.96999979,2.630000114,17.78000069,4.340000153,6.909999847,8.949772639,4.829999924,6.510000229,6.670000076,4.599999905,3.650000095,3.529999971,4.440000057,9.949999809,8.569999695,8.140000343,11.68999958,9.06000042,10.89994952,2.700000048,16.09000015,6.110000134,4.980000019,11.44999981,6.929999828,6.71999979,10.21000004,4.018108941,5.65201013,4.006020422,7.459057653,8.949875142,3.480000019,13.10999966,11.60362193,6.710000038,24.44000053,7.349999905,2.220000029,10.84778756,6.066519406,8.659999847,4.389999866,10.28999996,20.29999924,6.110000134,17.44000053,6.519999981,4.409999847,9.350000381,3.039999962,8.359999657,26.48999977,2.720000029,7.599999905,13.21000004,7.220798632,3.299999952,7.079999924,4.660541396,17.29000092,14.02000046,7.730000019,5.616506541,5.324643648,4.21995177,3.410873792,4.050000191,4.580450889,5.599999905,11.85999966,10.56999969,10.59000015,4.900000095,5.889999866,12.68000031,13.73999977,11.89999962,3.599999905,5.059999943,2.819999933,8.050000191,0.689999998,3.5,2.900000095,6.138428947,0.699999988,6.349999905,2.130000114,18.94000053,21.40999985,6.167788808,4.481645439,5.074908304,4.190000057,5.032398395,5.269088805,24.46999931,4.917523375,10.69999981,5.849999905,10.85000038,1.700000048,9.699999809,3.859999895,1.330000043,5.210000038,9.951790752,4.809999943,5.286858277,28.03000069,6.380000114,5.730000019,0.779999971,11.55658516,18.0,4.800000191,3.410000086,10.11999989,7.46999979,5.889999866,2.880000114,6.250819113,18.52000046,14.59000015,0.519999981,4.559999943,4.519999981,7.420000076,3.480000019,2.849999905,5.369999886,7.406949766,3.369999886,10.23341858,1.830000043,2.720000029,2.849999905,3.599999905,2.589999914,8.989999771,5.150286955,13.89999962,2.859999895,13.89000034,5.03000021,20.53000069,2.97058701,7.45989841,11.92000008,0.200000003,6.800000191,5.159999847,1.169999957,5.092400562,5.71999979,17.36000061,7.610000134,3.74000001,0.680000007,4.679999828,4.150000095,13.31999969,19.21999931,5.77278217,12.51000023,5.775528552,9.993260314,13.52000046,6.940000057,13.18000031,9.670000076,7.949999809,24.13999939,8.550000191,1.830000043,4.034879723,7.653572263,2.160000086,0.579999983,8.170000076,3.970000029,6.18868434,4.230000019,11.4709451,2.460000038,5.092400562,5.775528552,2.480000019,15.06000042,9.880000114,2.130000114,1.879999995,9.270000458,5.472102146,6.550000191,6.170000076,5.099999905,19.22999954,7.480000019,7.449999809,1.25999999,1.830000043,5.627464622,8.720000267,13.47000027,24.88999939,9.340000153,5.329999924
2015,11.39000034,7.260000229,17.19000053,10.71379275,1.74000001,7.610000134,18.26000023,6.050000191,5.71999979,4.960000038,1.549999952,8.479999542,2.569999933,6.039999962,4.380000114,9.140000343,1.320000052,12.0,27.69000053,5.909999847,7.579999924,3.069999933,8.430000305,11.35000038,7.690000057,2.450000048,17.70999908,4.300000191,6.909999847,7.814061986,4.800000191,6.619999886,6.510000229,4.599999905,3.099999905,3.50999999,4.400000095,9.899999619,8.300000191,8.090000153,11.89999962,9.0,10.65521162,2.400000095,14.90999985,5.050000191,4.619999886,11.39000034,6.28000021,7.610000134,11.21000004,4.076293151,5.787183853,4.047203407,7.577965922,8.546152413,3.619999886,13.05000019,10.83792724,6.659999847,22.05999947,6.190000057,2.200000048,10.02450606,6.046583795,9.380000114,4.360000134,10.35000038,20.21999931,5.300000191,16.51000023,6.809999943,4.380000114,9.300000191,3.00999999,8.31000042,24.89999962,2.50999999,6.900000095,13.46000004,6.617739468,3.319999933,6.150000095,4.692840964,16.18000031,13.94999981,6.809999943,5.737886687,5.453342243,4.396604522,3.976408963,4.510000229,4.58479855,5.559999943,9.909999847,11.06000042,10.72000027,3.980000019,5.25,11.89999962,13.51000023,13.07999992,3.400000095,4.929999828,2.799999952,7.559999943,0.389999986,3.549999952,2.200000048,6.697910887,0.689999998,6.309999943,2.079999924,18.87000084,20.67000008,6.691088691,4.507287508,5.090216993,4.519999981,5.118887905,5.410681749,24.39999962,5.068655951,9.119999886,6.670000076,9.869999886,1.809999943,9.460000038,3.690000057,1.789999962,5.670000076,10.05505475,4.309999943,5.440553139,26.06999969,7.730000019,5.380000114,0.769999981,11.78048869,17.54000092,4.860000134,3.430000067,10.22000027,7.409999847,5.849999905,3.099999905,5.457922378,20.88999939,14.75,0.519999981,4.309999943,4.699999809,6.869999886,4.300000191,3.099999905,5.349999905,6.829190418,3.319999933,10.15649243,3.569999933,3.0,2.920000076,3.069999933,2.559999943,7.5,5.12297399,12.0,2.829999924,12.43999958,4.559999943,23.01000023,2.923125353,6.866424311,12.06000042,0.170000002,6.809999943,5.570000172,1.139999986,5.245459198,5.590000153,17.29000092,6.760000229,3.789999962,0.670000017,4.639999866,4.0,13.25,17.65999985,5.778128841,12.44999981,5.780728342,9.89007504,13.46000004,7.21999979,11.47999954,8.960000038,7.429999828,23.44000053,8.5,1.870000005,4.094428754,7.615147623,2.200000048,0.600000024,7.53000021,3.940000057,6.739383114,4.449999809,11.66654896,2.640000105,5.245459198,5.780728342,2.430000067,15.15999985,10.23999977,2.099999905,1.860000014,9.140000343,5.676137729,7.489999771,5.28000021,5.199999809,19.15999985,7.440000057,7.570000172,1.850000024,1.809999943,5.631493951,8.659999847,13.39999962,25.14999962,10.10000038,5.289999962
2016,11.31000042,7.199999809,15.42000008,10.50773763,1.639999986,7.96999979,17.62000084,5.710000038,6.010000229,5.0,1.529999971,7.829999924,2.519999981,5.599999905,4.349999905,7.579999924,1.379999995,12.69999981,25.40999985,5.840000153,7.0,3.5,11.60000038,9.720000267,8.470000267,2.420000076,17.62000084,4.25,7.0,6.48756723,4.920000076,6.739999771,6.739999771,4.5,2.599999905,3.470000029,4.349999905,9.850000381,8.68999958,8.010000229,12.10000038,8.600000381,10.65265689,2.0,12.94999981,3.950000048,4.119999886,11.31000042,5.989999771,7.28000021,10.19999981,3.987629527,5.791298247,3.952416154,7.586085417,8.078880604,4.599999905,12.40999985,10.0248105,6.599999905,19.63999939,6.760000229,2.170000076,9.121549253,6.662929031,8.819999695,4.320000172,10.03999996,20.11000061,4.809999943,16.60000038,5.449999809,4.329999924,9.239999771,2.970000029,8.239999771,23.54000092,2.579999924,5.400000095,13.68999958,6.142307618,3.390000105,6.730000019,4.612463892,13.10000038,13.85999966,5.119999886,5.84285461,5.585241966,4.644670754,4.871656625,4.300000191,4.543451558,5.510000229,8.369999886,12.43000031,10.81999969,2.980000019,4.800000191,11.68999958,13.18999958,15.27999973,3.099999905,4.960000038,2.75999999,7.210000038,0.720000029,3.650000095,2.160000086,7.859289814,0.670000017,6.260000229,3.079999924,18.77000046,19.90999985,7.805509822,4.524038278,5.036329317,4.239999771,5.203141194,5.55652836,24.29999924,5.240559649,7.860000134,6.289999962,9.640000343,1.899999976,9.300000191,4.190000057,1.75999999,6.119999886,10.11346687,3.859999895,5.605995518,23.71999931,7.599999905,4.690000057,1.139999986,11.8756307,17.71999931,7.239999771,3.380000114,10.31000042,6.809999943,5.789999962,3.440000057,5.102198096,23.35000038,14.92000008,0.50999999,7.059999943,3.900000095,6.010000229,4.679999828,3.049999952,5.079999924,6.414893315,3.269999981,10.15099751,3.779999971,3.319999933,3.380000114,2.690000057,2.529999971,6.159999847,5.589164709,11.80000019,2.789999962,11.06999969,5.260000229,23.94000053,2.872213522,6.400328545,12.22999954,0.150000006,5.900000095,5.559999943,1.110000014,5.220790823,5.650000095,17.19000053,6.699999809,4.079999924,0.660000026,4.590000153,4.420000076,13.17000008,15.26000023,6.168001833,12.36999989,6.168991793,9.886396399,13.39000034,7.170000076,9.670000076,8.0,6.989999771,22.71999931,8.43999958,1.889999986,4.005123211,7.438036208,2.950000048,0.689999998,6.900000095,3.900000095,7.886751134,4.659999847,11.75275305,2.799999952,5.220790823,6.168991793,3.210000038,15.51000023,10.84000015,2.079999924,1.830000043,9.350000381,5.90309003,7.840000153,4.869999886,5.199999809,19.05999947,7.389999866,7.690000057,1.850000024,1.789999962,5.66357705,8.579999924,13.31000042,26.54000092,10.88000011,5.239999771
2017,11.18000031,7.099999905,13.61999989,10.71849716,2.460000038,8.350000381,17.70999908,5.590000153,5.5,5.0,1.480000019,7.090000153,2.440000057,5.130000114,4.369999886,6.159999847,1.440000057,9.800000191,20.53000069,5.650000095,6.599999905,3.660000086,12.81999969,9.859999657,9.319999695,2.359999895,17.45999908,4.170000076,6.340000153,5.295032149,4.800000191,6.869999886,6.960000038,4.400000095,3.269999981,3.410000086,4.260000229,9.75,8.869999886,7.889999866,12.23999977,8.140000343,9.791030926,1.700000048,11.05000019,2.890000105,3.75,11.18000031,5.829999924,5.829999924,12.0,3.873147926,5.685262041,3.830151453,7.367608493,7.472058678,3.839999914,11.73999977,9.063209195,6.5,17.21999931,5.760000229,2.119999886,8.140009988,7.023252126,8.640000343,4.239999771,9.409999847,19.93000031,4.329999924,13.93999958,4.21999979,4.260000229,9.119999886,2.900000095,8.130000114,21.48999977,2.460000038,5.489999771,13.85000038,5.585437594,3.089999914,5.53000021,4.508745317,11.21000004,13.72000027,4.159999847,5.785701693,5.56040268,4.757014132,5.381285577,3.880000114,4.479080646,5.409999847,6.710000038,12.10000038,13.02000046,2.74000001,4.21999979,11.21000004,11.63000011,15.77999973,2.799999952,4.900000095,2.690000057,6.889999866,0.140000001,3.650000095,2.25,8.146943688,0.649999976,6.179999828,3.0,18.61000061,19.10000038,8.083556709,4.50129219,4.947643067,4.050000191,5.231892192,5.543356701,24.12999916,5.223247071,7.070000172,5.519999981,8.720000267,2.0,9.18999958,4.099999905,1.730000019,6.0,10.23879104,3.420000076,5.601080148,22.37999916,7.409999847,4.0,1.559999943,12.01227332,16.06999969,6.360000134,3.309999943,10.34000015,6.75,5.699999809,3.410000086,4.576505505,21.56999969,15.10999966,0.49000001,8.390000343,3.299999952,4.840000153,4.159999847,2.970000029,4.699999809,5.887135444,2.49000001,9.755357661,3.940000057,3.900000095,3.349999905,2.549999952,2.470000029,4.889999866,5.864933942,10.80000019,2.720000029,8.869999886,4.619999886,25.68000031,2.801093793,5.83369302,12.39999962,0.140000001,4.929999828,5.210000038,1.059999943,5.155058312,5.889999866,17.02000046,6.610000134,4.199999809,0.639999986,4.5,4.389999866,13.02000046,13.47999954,6.309758472,12.22999954,6.310423878,9.421041214,13.26000023,7.079999924,8.130000114,6.559999943,6.71999979,22.54000092,8.329999924,1.889999986,3.890087107,7.079742384,3.74000001,0.829999983,6.809999943,3.839999914,8.180746692,4.570000172,11.86983371,2.930000067,5.155058312,6.310423878,3.299999952,15.38000011,10.81999969,2.029999971,1.789999962,9.510000229,5.875272259,7.889999866,4.360000134,5.800000191,18.88999939,7.300000191,7.840000153,1.870000005,1.75,5.551026784,8.43999958,13.14999962,27.04000092,11.63000011,5.150000095
2018,11.06000042,7.0,12.30000019,10.25679764,2.230000019,9.220000267,18.96999931,5.300000191,4.849999905,4.900000095,1.450000048,5.949999809,2.369999886,4.699999809,4.289999962,5.210000038,1.50999999,10.0,18.39999962,4.760000229,6.519999981,3.519999981,12.32999992,10.0,8.699999809,2.299999952,17.31999969,4.090000153,5.829999924,4.314953094,4.710000038,7.010000229,7.230000019,4.300000191,3.210000038,3.359999895,4.179999828,9.659999847,9.109999657,7.78000021,12.17000008,9.630000114,8.743072502,1.700000048,8.369999886,2.24000001,3.380000114,11.06000042,5.130000114,5.860000134,11.89000034,3.794352513,5.635792173,3.735401037,7.057572,6.887735643,3.529999971,9.819999695,8.180120675,6.409999847,15.26000023,5.369999886,2.069999933,7.267054612,6.913507517,7.360000134,4.159999847,9.020000458,19.77000046,4.0,12.67000008,4.159999847,4.190000057,9.020000458,2.839999914,8.029999733,19.29000092,2.410000086,5.590000153,14.02000046,5.071681105,3.039999962,5.650000095,4.463428926,8.430000305,13.57999992,3.710000038,5.655363728,5.446318882,4.716977197,5.450357259,4.400000095,4.390087524,5.329999924,5.739999771,12.06000042,12.86999989,2.700000048,4.0,10.60999966,9.100000381,16.29000092,2.400000095,4.849999905,2.640000105,6.789999962,0.129999995,3.819999933,2.339999914,8.008557922,0.639999986,6.099999905,2.940000057,18.45999908,19.29000092,7.956362661,4.39615145,4.859991294,4.320000172,5.06936529,5.438387245,23.97999954,5.034991658,6.150000095,5.590000153,7.409999847,1.799999952,9.079999924,4.110000134,1.690000057,5.900000095,9.813115176,3.279999971,5.495563522,20.73999977,7.309999943,3.660000086,0.870000005,11.49545889,15.18000031,5.380000114,3.24000001,10.22000027,6.429999828,5.619999886,3.299999952,4.111356763,19.87999916,15.31000042,0.469999999,8.449999809,5.199999809,3.829999924,3.799999952,2.900000095,4.300000191,5.442283536,1.799999952,9.363509642,4.079999924,3.890000105,3.180000067,2.339999914,2.410000086,3.849999905,5.822484741,9.199999809,2.660000086,6.989999771,5.559999943,26.26000023,2.736210238,5.283426801,12.59000015,0.109999999,4.190000057,4.849999905,1.019999981,5.102140368,6.039999962,16.87000084,6.53000021,3.650000095,0.620000005,4.420000076,4.010000229,12.89000034,12.72999954,6.233567072,12.10000038,6.233853595,8.925201634,13.14000034,7.0,6.539999962,5.110000134,6.369999886,22.37000084,8.229999542,1.889999986,3.811082119,6.668189003,3.660000086,0.769999981,6.71999979,3.789999962,8.054856008,4.480000019,11.33993538,3.069999933,5.102140368,6.233853595,3.400000095,15.46000004,10.89000034,1.99000001,1.75,8.800000191,5.814569862,8.340000153,3.900000095,5.710000038,18.72999954,7.21999979,7.989999771,1.159999967,1.720000029,5.371721414,8.319999695,13.01000023,26.90999985,12.01000023,5.070000172
2019,10.97999954,6.929999828,11.47000027,10.20722213,2.279999971,9.840000153,18.80999947,5.159999847,4.489999771,4.840000153,1.419999957,5.360000134,2.319999933,4.619999886,4.21999979,4.230000019,1.559999943,10.10999966,15.68999958,4.710000038,6.460000038,3.460000038,11.93000031,10.10000038,6.920000076,2.269999981,17.20999908,4.039999962,5.659999847,3.779586867,4.389999866,7.110000134,7.289999962,4.599999905,3.170000076,3.319999933,4.130000114,9.600000381,9.960000038,7.699999809,12.06999969,11.48999977,8.031608275,1.669999957,7.070000172,2.00999999,3.140000105,10.97000027,5.019999981,6.360000134,11.81000042,3.937943027,5.601946273,3.858327695,7.29446562,6.687331403,3.809999943,9.729999542,7.555210028,6.340000153,14.10000038,4.449999809,2.039999962,6.700934807,6.881280537,6.699999809,4.110000134,8.43999958,19.63999939,3.74000001,11.56999969,4.119999886,4.139999866,8.93999958,2.789999962,7.949999809,17.30999947,2.359999895,5.650000095,13.90999985,4.789044781,2.960000038,5.570000172,4.414010094,6.619999886,13.47999954,3.420000076,5.749510788,5.505676999,4.671389108,5.437643508,3.619999886,4.328173127,5.269999981,4.949999809,11.14000034,12.76000023,3.50999999,3.799999952,9.949999809,7.71999979,16.85000038,2.400000095,4.800000191,2.599999905,6.71999979,0.129999995,3.75,2.410000086,8.029251635,0.620000005,6.039999962,2.890000105,18.34000015,15.59000015,7.986166683,4.335072935,4.807571158,4.269999981,5.049382656,5.502099032,23.86000061,5.219141897,6.260000229,5.599999905,6.309999943,1.700000048,9.010000229,5.099999905,1.669999957,5.820000172,9.5968268,3.480000019,5.572088405,17.26000023,7.239999771,3.400000095,0.5,11.21442673,15.11999989,5.309999943,3.190000057,10.13000011,6.360000134,5.559999943,3.309999943,3.889545708,19.75,15.44999981,0.460000008,8.529999733,5.139999866,3.380000114,3.690000057,2.849999905,4.070000172,5.372104597,1.840000033,9.168994449,3.980000019,4.739999771,3.029999971,2.24000001,2.369999886,3.279999971,5.796796538,8.300000191,2.619999886,6.460000038,6.599999905,25.34000015,2.678297196,4.960095551,12.72000027,0.119999997,3.910000086,4.599999905,0.99000001,5.036482565,6.130000114,16.76000023,6.46999979,3.099999905,0.600000024,4.360000134,3.960000038,12.78999996,10.39999962,6.276710094,12.01000023,6.276827832,8.644750882,13.05000019,6.940000057,5.75,4.449999809,6.829999924,22.23999977,8.159999847,1.909999967,3.957447631,6.796140886,3.599999905,0.720000029,6.659999847,3.74000001,8.086816628,4.420000076,11.06077525,3.00999999,5.036482565,6.276827832,3.460000038,15.13000011,13.67000008,1.960000038,1.720000029,8.18999958,5.968632332,9.350000381,3.670000076,5.650000095,18.62000084,7.159999847,8.090000153,2.039999962,1.690000057,5.37285902,8.220000267,12.89999962,28.46999931,11.90999985,5.019999981
2020,11.72999954,7.699999809,11.69999981,11.48146766,5.0,11.67000008,20.20999908,6.610000134,5.769999981,6.269999981,0.800000012,6.010000229,2.539999962,4.960000038,5.300000191,5.710000038,4.090000153,14.40999985,16.85000038,5.28000021,7.820000172,5.610000134,13.67000008,12.78999996,8.369999886,3.74000001,17.70000076,4.329999924,9.479999542,4.559771131,4.940000057,8.159999847,11.51000023,5.0,3.5,3.619999886,4.550000191,10.27000046,15.43999958,8.430000305,13.40999985,17.07999992,9.798032625,3.869999886,7.210000038,2.940000057,4.309999943,11.56999969,5.659999847,8.899999619,12.82999992,4.389350118,6.864854439,4.339073667,8.121997875,7.405227183,6.230000019,10.44999981,8.199899397,7.440000057,15.67000008,6.460000038,2.789999962,7.372460432,7.507809314,7.829999924,4.789999962,8.619999886,20.46999931,4.340000153,12.05000019,4.53000021,4.349999905,9.640000343,3.160000086,9.149999619,16.85000038,4.650000095,7.510000229,15.81999969,6.791423433,5.800000191,9.390000343,4.935379758,7.199999809,14.5,4.349999905,6.746118687,6.41486247,5.305917863,5.956378065,4.110000134,5.016251259,7.110000134,5.920000076,10.96000004,13.73999977,5.010000229,4.610000134,9.31000042,8.399999619,18.5,2.970000029,6.050000191,2.980000019,7.889999866,0.310000002,4.070000172,6.789999962,10.22615262,0.949999988,6.610000134,3.299999952,19.38999939,17.12999916,10.27962155,5.007637566,5.304084973,4.840000153,6.271155,6.399017843,24.64999962,5.93474268,8.430000305,6.960000038,8.18999958,2.5,10.14999962,4.710000038,1.919999957,7.179999828,10.63512403,4.710000038,6.512856402,18.39999962,7.5,4.090000153,1.789999962,11.90436277,15.85999966,4.329999924,3.390000105,10.65999985,7.110000134,5.989999771,4.550000191,8.438437274,20.35000038,16.52000046,0.689999998,9.010000229,5.820000172,4.090000153,4.619999886,4.440000057,4.550000191,7.344228979,4.96999979,10.46943328,4.650000095,10.22999954,6.239999771,3.359999895,2.74000001,3.549999952,6.20720426,11.17000008,2.809999943,7.199999809,7.610000134,27.35000038,3.107686696,6.957512867,13.81000042,3.450000048,4.840000153,5.730000019,1.350000024,6.625096353,8.220000267,17.70999908,7.099999905,5.190000057,0.790000021,4.599999905,6.980000019,13.10000038,9.079999924,6.628448316,12.65999985,6.629116227,9.988239079,13.85999966,8.649999619,6.789999962,5.170000076,8.449999809,23.39999962,9.029999733,2.25999999,4.412811346,7.570598936,4.050000191,1.019999981,7.5,4.380000114,10.37911728,5.059999943,11.73287452,4.369999886,6.625096353,6.629116227,6.739999771,16.69000053,13.92000008,2.160000086,2.440000057,9.479999542,6.695388522,12.67000008,8.31000042,5.96999979,20.27000046,9.140000343,11.84000015,2.269999981,1.950000048,6.471111244,8.869999886,13.42000008,28.73999977,12.17000008,5.730000019
